# odom_ml.route_map/1  frame=judge map (local metric, x~1e5 y~8.5e4)  columns=x,y,z,s,tang,curv
# Source: schukinskaya_-_tallinskaya.json  |  s accumulates along x,y in file order. path_map reads x,y,z,s only.
103346.959,85636.856,168.406,0.000,3.9858,-0.005759
103346.291,85636.113,168.402,1.000,-2.3031,-0.005685
103345.622,85635.369,168.397,2.000,-2.3088,-0.005611
103344.945,85634.634,168.392,3.000,-2.3139,-0.005183
103344.267,85633.899,168.388,3.999,-2.3190,-0.004727
103343.585,85633.168,168.383,4.999,-2.3236,-0.004373
103342.898,85632.441,168.379,5.999,-2.3278,-0.004156
103342.211,85631.715,168.374,6.999,-2.3319,-0.003940
103341.520,85630.992,168.369,7.999,-2.3358,-0.003744
103340.825,85630.273,168.365,8.999,-2.3393,-0.003574
103340.130,85629.554,168.360,9.999,-2.3429,-0.003404
103339.431,85628.839,168.356,10.998,-2.3463,-0.003288
103338.728,85628.128,168.351,11.998,-2.3496,-0.003246
103338.025,85627.417,168.347,12.998,-2.3528,-0.003204
103337.322,85626.706,168.342,13.998,-2.3560,-0.003162
103336.612,85626.003,168.338,14.998,-2.3591,-0.003117
103335.901,85625.300,168.333,15.998,-2.3622,-0.003073
103335.190,85624.596,168.329,16.998,-2.3653,-0.003028
103334.476,85623.896,168.324,17.997,-2.3683,-0.002968
103333.758,85623.201,168.320,18.997,-2.3711,-0.002888
103333.040,85622.505,168.315,19.997,-2.3740,-0.002807
103332.321,85621.810,168.311,20.997,-2.3768,-0.002727
103331.597,85621.120,168.306,21.997,-2.3796,-0.002715
103330.872,85620.432,168.302,22.997,-2.3823,-0.002708
103330.147,85619.743,168.297,23.997,-2.3850,-0.002701
103329.420,85619.057,168.293,24.996,-2.3878,-0.002745
103328.688,85618.376,168.288,25.996,-2.3907,-0.002857
103327.957,85617.694,168.284,26.996,-2.3936,-0.002969
103327.225,85617.012,168.279,27.996,-2.3964,-0.003080
103326.487,85616.338,168.275,28.996,-2.3998,-0.003256
103325.749,85615.663,168.270,29.996,-2.4031,-0.003438
103325.011,85614.989,168.266,30.996,-2.4065,-0.003619
103324.265,85614.323,168.261,31.995,-2.4104,-0.003808
103323.520,85613.656,168.257,32.995,-2.4143,-0.003997
103322.774,85612.990,168.252,33.995,-2.4182,-0.004186
103322.021,85612.332,168.248,34.995,-2.4226,-0.004405
103321.268,85611.675,168.243,35.995,-2.4271,-0.004627
103320.512,85611.021,168.239,36.995,-2.4318,-0.004839
103319.751,85610.372,168.234,37.995,-2.4368,-0.005037
103318.990,85609.724,168.230,38.994,-2.4418,-0.005236
103318.221,85609.084,168.225,39.994,-2.4471,-0.005302
103317.452,85608.446,168.221,40.994,-2.4524,-0.005357
103316.679,85607.812,168.216,41.994,-2.4577,-0.005351
103315.901,85607.183,168.212,42.994,-2.4630,-0.005259
103315.123,85606.555,168.207,43.994,-2.4683,-0.005168
103314.338,85605.936,168.202,44.994,-2.4733,-0.005030
103313.552,85605.318,168.198,45.993,-2.4783,-0.004887
103312.763,85604.704,168.193,46.993,-2.4831,-0.004737
103311.970,85604.095,168.189,47.993,-2.4877,-0.004577
103311.177,85603.486,168.184,48.993,-2.4923,-0.004416
103310.377,85602.886,168.179,49.993,-2.4965,-0.004251
103309.576,85602.287,168.175,50.993,-2.5006,-0.004085
103308.776,85601.688,168.170,51.993,-2.5048,-0.003920
103307.969,85601.097,168.165,52.992,-2.5084,-0.003705
103307.162,85600.507,168.161,53.992,-2.5120,-0.003486
103306.354,85599.918,168.156,54.992,-2.5156,-0.003266
103305.541,85599.336,168.151,55.992,-2.5185,-0.003049
103304.728,85598.754,168.146,56.992,-2.5214,-0.002832
103303.915,85598.173,168.141,57.992,-2.5242,-0.002615
103303.099,85597.595,168.136,58.992,-2.5267,-0.002370
103302.280,85597.021,168.132,59.991,-2.5285,-0.002085
103301.461,85596.447,168.127,60.991,-2.5304,-0.001801
103300.642,85595.874,168.122,61.991,-2.5322,-0.001516
103299.823,85595.300,168.117,62.991,-2.5341,-0.001232
103299.000,85594.732,168.112,63.991,-2.5354,-0.001226
103298.177,85594.165,168.107,64.991,-2.5366,-0.001245
103297.354,85593.597,168.101,65.991,-2.5379,-0.001265
103296.531,85593.029,168.096,66.990,-2.5391,-0.001284
103295.708,85592.462,168.091,67.990,-2.5404,-0.001303
103294.884,85591.894,168.086,68.990,-2.5417,-0.001323
103294.057,85591.333,168.081,69.990,-2.5440,-0.001822
103293.230,85590.772,168.076,70.990,-2.5464,-0.002365
103292.402,85590.211,168.070,71.990,-2.5488,-0.002908
103291.574,85589.650,168.065,72.990,-2.5512,-0.003451
103290.741,85589.097,168.060,73.989,-2.5554,-0.003989
103289.907,85588.546,168.054,74.989,-2.5597,-0.004526
103289.073,85587.995,168.049,75.989,-2.5640,-0.005062
103288.232,85587.454,168.043,76.989,-2.5696,-0.005568
103287.390,85586.914,168.037,77.989,-2.5753,-0.006071
103286.545,85586.379,168.032,78.989,-2.5814,-0.006480
103285.696,85585.851,168.026,79.989,-2.5881,-0.006754
103284.844,85585.327,168.020,80.988,-2.5948,-0.006901
103283.988,85584.811,168.014,81.988,-2.6017,-0.006866
103283.129,85584.300,168.009,82.988,-2.6084,-0.006706
103282.265,85583.797,168.003,83.988,-2.6148,-0.006366
103281.401,85583.293,167.997,84.988,-2.6212,-0.006027
103280.530,85582.802,167.990,85.988,-2.6267,-0.005601
103279.659,85582.311,167.984,86.988,-2.6322,-0.005167
103278.785,85581.825,167.978,87.987,-2.6372,-0.004749
103277.908,85581.346,167.972,88.987,-2.6415,-0.004355
103277.030,85580.868,167.965,89.987,-2.6458,-0.003962
103276.150,85580.393,167.959,90.987,-2.6496,-0.003586
103275.266,85579.925,167.952,91.987,-2.6527,-0.003237
103274.383,85579.457,167.946,92.987,-2.6558,-0.002888
103273.499,85578.988,167.939,93.987,-2.6589,-0.002538
103272.612,85578.528,167.932,94.986,-2.6624,-0.002715
103271.723,85578.069,167.925,95.986,-2.6660,-0.002941
103270.835,85577.610,167.918,96.986,-2.6695,-0.003168
103269.945,85577.154,167.911,97.986,-2.6723,-0.002495
103269.053,85576.704,167.904,98.986,-2.6740,-0.000542
103268.160,85576.253,167.897,99.986,-2.6759,-0.002135
103267.267,85575.803,167.890,100.986,-2.6777,-0.003922
103266.371,85575.361,167.882,101.985,-2.6815,-0.003877
103265.473,85574.919,167.875,102.985,-2.6855,-0.003656
103264.576,85574.478,167.867,103.985,-2.6895,-0.003434
103263.675,85574.045,167.859,104.985,-2.6930,-0.003396
103262.773,85573.614,167.851,105.985,-2.6964,-0.003376
103261.871,85573.182,167.843,106.985,-2.6997,-0.003356
103260.965,85572.759,167.835,107.985,-2.7031,-0.003353
103260.059,85572.337,167.827,108.984,-2.7065,-0.003352
103259.152,85571.915,167.819,109.984,-2.7098,-0.003350
103258.244,85571.497,167.810,110.984,-2.7132,-0.003376
103257.333,85571.085,167.802,111.984,-2.7167,-0.003439
103256.422,85570.673,167.793,112.984,-2.7201,-0.003502
103255.509,85570.265,167.784,113.984,-2.7235,-0.003509
103254.594,85569.863,167.775,114.984,-2.7270,-0.003436
103253.678,85569.460,167.766,115.983,-2.7304,-0.003363
103252.761,85569.062,167.757,116.983,-2.7337,-0.003274
103251.842,85568.669,167.747,117.983,-2.7368,-0.003164
103250.922,85568.276,167.738,118.983,-2.7400,-0.003054
103250.003,85567.884,167.728,119.983,-2.7431,-0.002944
103249.080,85567.500,167.718,120.983,-2.7459,-0.002866
103248.156,85567.117,167.708,121.983,-2.7487,-0.002791
103247.233,85566.733,167.698,122.982,-2.7515,-0.002716
103246.308,85566.354,167.688,123.982,-2.7542,-0.002658
103245.381,85565.979,167.677,124.982,-2.7568,-0.002624
103244.453,85565.605,167.667,125.982,-2.7595,-0.002590
103243.526,85565.231,167.656,126.982,-2.7621,-0.002556
103242.596,85564.864,167.645,127.982,-2.7645,-0.002481
103241.665,85564.498,167.634,128.982,-2.7669,-0.002401
103240.735,85564.133,167.623,129.981,-2.7693,-0.002322
103239.804,85563.767,167.612,130.981,-2.7717,-0.002242
103238.871,85563.409,167.600,131.981,-2.7735,-0.002055
103237.937,85563.052,167.588,132.981,-2.7753,-0.001857
103237.003,85562.695,167.576,133.981,-2.7771,-0.001659
103236.069,85562.338,167.565,134.981,-2.7789,-0.001460
103235.134,85561.983,167.552,135.981,-2.7803,-0.001292
103234.198,85561.633,167.540,136.980,-2.7813,-0.001166
103233.261,85561.282,167.527,137.980,-2.7822,-0.001040
103232.325,85560.932,167.514,138.980,-2.7831,-0.000914
103231.388,85560.581,167.501,139.980,-2.7841,-0.000789
103230.452,85560.230,167.489,140.980,-2.7850,-0.000663
103229.516,85559.880,167.476,141.980,-2.7859,-0.000537
103228.578,85559.533,167.462,142.980,-2.7865,-0.000542
103227.640,85559.187,167.448,143.980,-2.7871,-0.000560
103226.702,85558.841,167.434,144.979,-2.7877,-0.000578
103225.764,85558.495,167.420,145.979,-2.7883,-0.000596
103224.826,85558.149,167.407,146.979,-2.7889,-0.000613
103223.887,85557.803,167.393,147.979,-2.7895,-0.000631
103222.949,85557.457,167.379,148.979,-2.7901,-0.000649
103222.011,85557.113,167.364,149.979,-2.7909,-0.000735
103221.071,85556.771,167.349,150.979,-2.7921,-0.000919
103220.131,85556.430,167.334,151.978,-2.7933,-0.001104
103219.191,85556.089,167.319,152.978,-2.7944,-0.001289
103218.252,85555.747,167.304,153.978,-2.7956,-0.001473
103217.312,85555.406,167.289,154.978,-2.7968,-0.001658
103216.370,85555.071,167.274,155.978,-2.7987,-0.001852
103215.427,85554.737,167.258,156.978,-2.8008,-0.002046
103214.485,85554.403,167.242,157.978,-2.8029,-0.002241
103213.543,85554.068,167.226,158.977,-2.8049,-0.002436
103212.598,85553.742,167.210,159.977,-2.8077,-0.002632
103211.652,85553.416,167.194,160.977,-2.8105,-0.002828
103210.707,85553.091,167.177,161.977,-2.8132,-0.003024
103209.760,85552.769,167.161,162.977,-2.8163,-0.003227
103208.812,85552.453,167.144,163.977,-2.8198,-0.003441
103207.863,85552.136,167.127,164.977,-2.8232,-0.003655
103206.913,85551.825,167.110,165.976,-2.8269,-0.003816
103205.961,85551.519,167.092,166.976,-2.8308,-0.003901
103205.009,85551.214,167.075,167.976,-2.8347,-0.003985
103204.056,85550.913,167.057,168.976,-2.8386,-0.004025
103203.100,85550.619,167.040,169.976,-2.8426,-0.003998
103202.144,85550.325,167.022,170.976,-2.8466,-0.003971
103201.187,85550.035,167.004,171.976,-2.8507,-0.003985
103200.228,85549.753,166.986,172.975,-2.8547,-0.004060
103199.269,85549.470,166.967,173.975,-2.8588,-0.004134
103198.309,85549.192,166.949,174.975,-2.8630,-0.004273
103197.346,85548.921,166.930,175.975,-2.8675,-0.004508
103196.384,85548.649,166.912,176.975,-2.8720,-0.004743
103195.419,85548.388,166.893,177.975,-2.8769,-0.004925
103194.453,85548.128,166.874,178.975,-2.8819,-0.005102
103193.487,85547.873,166.855,179.974,-2.8870,-0.005226
103192.518,85547.625,166.836,180.974,-2.8922,-0.005270
103191.549,85547.378,166.817,181.974,-2.8975,-0.005313
103190.578,85547.142,166.797,182.974,-2.9028,-0.005285
103189.606,85546.907,166.778,183.974,-2.9080,-0.005249
103188.633,85546.678,166.758,184.974,-2.9133,-0.005211
103187.658,85546.456,166.738,185.974,-2.9185,-0.005170
103186.683,85546.234,166.719,186.973,-2.9236,-0.005129
103185.705,85546.023,166.699,187.973,-2.9286,-0.005000
103184.728,85545.813,166.679,188.973,-2.9335,-0.004861
103183.749,85545.608,166.659,189.973,-2.9381,-0.004580
103182.769,85545.411,166.638,190.973,-2.9421,-0.004086
103181.789,85545.214,166.618,191.973,-2.9462,-0.003591
103180.808,85545.021,166.598,192.973,-2.9501,-0.003229
103179.825,85544.835,166.577,193.972,-2.9537,-0.003068
103178.843,85544.649,166.557,194.972,-2.9574,-0.002907
103177.860,85544.463,166.536,195.972,-2.9610,-0.002746
103176.877,85544.285,166.516,196.972,-2.9630,-0.000806
103175.893,85544.107,166.495,197.972,-2.9638,-0.000973
103174.909,85543.929,166.474,198.972,-2.9644,-0.001392
103173.925,85543.752,166.453,199.972,-2.9650,-0.001811
103172.940,85543.577,166.432,200.971,-2.9660,-0.001996
103171.955,85543.406,166.411,201.971,-2.9678,-0.001827
103170.970,85543.236,166.390,202.971,-2.9695,-0.001658
103169.985,85543.065,166.369,203.971,-2.9712,-0.001490
103168.999,85542.895,166.348,204.971,-2.9729,-0.001321
103168.014,85542.727,166.327,205.971,-2.9744,-0.001203
103167.027,85542.563,166.306,206.971,-2.9755,-0.001161
103166.041,85542.399,166.285,207.970,-2.9766,-0.001120
103165.055,85542.236,166.264,208.970,-2.9777,-0.001078
103164.068,85542.072,166.243,209.970,-2.9788,-0.001036
103163.082,85541.908,166.221,210.970,-2.9799,-0.000994
103162.095,85541.750,166.200,211.970,-2.9809,-0.000997
103161.107,85541.592,166.179,212.970,-2.9819,-0.001005
103160.120,85541.434,166.158,213.970,-2.9829,-0.001013
103159.133,85541.276,166.136,214.969,-2.9840,-0.001021
103158.145,85541.118,166.115,215.969,-2.9850,-0.001029
103157.158,85540.960,166.094,216.969,-2.9860,-0.001037
103156.170,85540.808,166.072,217.969,-2.9874,-0.001196
103155.182,85540.656,166.051,218.969,-2.9889,-0.001372
103154.193,85540.505,166.030,219.969,-2.9904,-0.001548
103153.205,85540.353,166.008,220.969,-2.9919,-0.001725
103152.217,85540.202,165.987,221.968,-2.9933,-0.001901
103151.227,85540.057,165.966,222.968,-2.9950,-0.001836
103150.238,85539.914,165.945,223.968,-2.9967,-0.001743
103149.248,85539.770,165.923,224.968,-2.9984,-0.001650
103148.259,85539.627,165.902,225.968,-3.0002,-0.001557
103147.269,85539.486,165.881,226.968,-3.0017,-0.001483
103146.278,85539.350,165.860,227.968,-3.0031,-0.001435
103145.288,85539.214,165.838,228.967,-3.0045,-0.001388
103144.297,85539.078,165.817,229.967,-3.0058,-0.001341
103143.307,85538.942,165.796,230.967,-3.0072,-0.001294
103142.316,85538.806,165.775,231.967,-3.0086,-0.001246
103141.325,85538.676,165.754,232.967,-3.0100,-0.001304
103140.333,85538.547,165.733,233.967,-3.0114,-0.001375
103139.342,85538.418,165.712,234.967,-3.0128,-0.001445
103138.350,85538.288,165.691,235.967,-3.0142,-0.001515
103137.359,85538.159,165.670,236.966,-3.0157,-0.001586
103136.366,85538.037,165.649,237.966,-3.0169,-0.001482
103135.374,85537.915,165.629,238.966,-3.0182,-0.001358
103134.382,85537.794,165.608,239.966,-3.0194,-0.001233
103133.389,85537.672,165.587,240.966,-3.0207,-0.001109
103132.397,85537.550,165.566,241.966,-3.0219,-0.000985
103131.404,85537.431,165.546,242.966,-3.0233,-0.000996
103130.411,85537.316,165.525,243.965,-3.0248,-0.001217
103129.418,85537.201,165.505,244.965,-3.0264,-0.001437
103128.424,85537.086,165.484,245.965,-3.0279,-0.001657
103127.431,85536.971,165.464,246.965,-3.0295,-0.001878
103126.438,85536.856,165.444,247.965,-3.0311,-0.002098
103125.444,85536.747,165.442,248.965,-3.0313,-0.001433
103124.450,85536.639,165.444,249.965,-3.0314,-0.000660
103123.456,85536.531,165.445,250.964,-3.0315,0.000112
103122.462,85536.423,165.446,251.964,-3.0316,0.000885
103121.468,85536.314,165.434,252.964,-3.0317,0.001251
103120.474,85536.204,165.357,253.964,-3.0316,-0.000314
103119.480,85536.095,165.303,254.964,-3.0317,-0.001187
103118.486,85535.990,165.284,255.964,-3.0322,-0.000981
103117.492,85535.885,165.264,256.964,-3.0327,-0.000775
103116.497,85535.779,165.245,257.963,-3.0332,-0.000570
103115.503,85535.674,165.225,258.963,-3.0338,-0.000364
103114.509,85535.568,165.206,259.963,-3.0343,-0.000158
103113.515,85535.463,165.186,260.963,-3.0348,0.000047
103112.520,85535.357,165.167,261.963,-3.0353,0.000253
103111.526,85535.252,165.147,262.963,-3.0358,0.000459
103110.532,85535.147,165.128,263.963,-3.0364,0.000664
103109.538,85535.039,165.109,264.962,-3.0359,0.000668
103108.544,85534.931,165.090,265.962,-3.0353,0.000648
103107.550,85534.823,165.071,266.962,-3.0347,0.000627
103106.556,85534.715,165.052,267.962,-3.0341,0.000606
103105.562,85534.607,165.033,268.962,-3.0335,0.000585
103104.568,85534.499,165.015,269.962,-3.0329,0.000564
103103.574,85534.391,164.996,270.962,-3.0323,0.000543
103102.580,85534.283,164.977,271.961,-3.0317,0.000522
103101.586,85534.175,164.958,272.961,-3.0311,0.000501
103100.592,85534.066,164.940,273.961,-3.0307,0.000457
103099.598,85533.954,164.921,274.961,-3.0306,0.000375
103098.604,85533.842,164.903,275.961,-3.0305,0.000293
103097.611,85533.730,164.885,276.961,-3.0304,0.000212
103096.617,85533.619,164.867,277.961,-3.0303,0.000130
103095.624,85533.507,164.849,278.961,-3.0302,0.000048
103094.630,85533.395,164.830,279.960,-3.0300,-0.000034
103093.636,85533.284,164.812,280.960,-3.0299,-0.000115
103092.643,85533.172,164.794,281.960,-3.0298,-0.000197
103091.649,85533.060,164.776,282.960,-3.0297,-0.000279
103090.655,85532.950,164.758,283.960,-3.0305,-0.000442
103089.662,85532.841,164.740,284.960,-3.0313,-0.000615
103088.668,85532.731,164.723,285.960,-3.0322,-0.000788
103087.674,85532.621,164.705,286.959,-3.0331,-0.000962
103086.680,85532.512,164.687,287.959,-3.0339,-0.001135
103085.686,85532.402,164.670,288.959,-3.0348,-0.001308
103084.692,85532.296,164.652,289.959,-3.0355,-0.000783
103083.698,85532.190,164.635,290.959,-3.0362,-0.000168
103082.704,85532.085,164.618,291.959,-3.0362,-0.000043
103081.709,85531.979,164.600,292.959,-3.0360,0.000004
103080.715,85531.874,164.583,293.958,-3.0359,0.000050
103079.721,85531.768,164.566,294.958,-3.0357,0.000097
103078.726,85531.663,164.548,295.958,-3.0356,0.000143
103077.732,85531.557,164.531,296.958,-3.0354,0.000190
103076.738,85531.452,164.514,297.958,-3.0353,0.000237
103075.744,85531.346,164.497,298.958,-3.0351,0.000280
103074.750,85531.238,164.480,299.958,-3.0347,0.000318
103073.756,85531.131,164.463,300.957,-3.0343,0.000356
103072.761,85531.023,164.446,301.957,-3.0339,0.000394
103071.767,85530.916,164.429,302.957,-3.0334,0.000432
103070.773,85530.808,164.412,303.957,-3.0330,0.000470
103069.779,85530.701,164.395,304.957,-3.0326,0.000508
103068.785,85530.593,164.378,305.957,-3.0322,0.000546
103067.791,85530.483,164.362,306.957,-3.0321,0.000475
103066.798,85530.373,164.346,307.956,-3.0319,0.000390
103065.804,85530.262,164.329,308.956,-3.0318,0.000306
103064.810,85530.152,164.313,309.956,-3.0316,0.000221
103063.816,85530.041,164.296,310.956,-3.0315,0.000136
103062.823,85529.931,164.280,311.956,-3.0313,0.000051
103061.829,85529.820,164.264,312.956,-3.0312,-0.000034
103060.835,85529.710,164.247,313.956,-3.0310,-0.000119
103059.842,85529.599,164.231,314.955,-3.0309,-0.000203
103058.848,85529.488,164.215,315.955,-3.0307,-0.000218
103057.854,85529.378,164.199,316.955,-3.0305,-0.000120
103056.860,85529.267,164.183,317.955,-3.0303,-0.000022
103055.867,85529.156,164.167,318.955,-3.0301,0.000077
103054.873,85529.045,164.151,319.955,-3.0299,0.000175
103053.879,85528.934,164.135,320.955,-3.0296,0.000273
103052.886,85528.824,164.120,321.955,-3.0294,0.000371
103051.892,85528.713,164.104,322.954,-3.0292,0.000470
103050.898,85528.602,164.088,323.954,-3.0290,0.000568
103049.905,85528.491,164.072,324.954,-3.0288,0.000666
103048.911,85528.378,164.057,325.954,-3.0288,0.000540
103047.918,85528.265,164.042,326.954,-3.0289,0.000383
103046.924,85528.151,164.027,327.954,-3.0290,0.000227
103045.931,85528.038,164.012,328.954,-3.0290,0.000071
103044.937,85527.924,163.997,329.953,-3.0291,-0.000086
103043.944,85527.811,163.982,330.953,-3.0291,-0.000242
103042.951,85527.697,163.966,331.953,-3.0292,-0.000399
103041.957,85527.584,163.951,332.953,-3.0293,-0.000555
103040.964,85527.470,163.936,333.953,-3.0293,-0.000712
103039.970,85527.358,163.921,334.953,-3.0297,-0.000831
103038.976,85527.249,163.907,335.953,-3.0307,-0.000890
103037.983,85527.139,163.892,336.952,-3.0316,-0.000948
103036.989,85527.029,163.878,337.952,-3.0326,-0.001007
103035.995,85526.919,163.863,338.952,-3.0335,-0.001066
103035.001,85526.811,163.849,339.952,-3.0340,-0.000961
103034.007,85526.704,163.835,340.952,-3.0337,-0.000590
103033.013,85526.598,163.821,341.952,-3.0334,-0.000219
103032.019,85526.491,163.807,342.952,-3.0331,0.000153
103031.024,85526.385,163.794,343.951,-3.0328,0.000524
103030.030,85526.278,163.780,344.951,-3.0325,0.000895
103029.036,85526.171,163.766,345.951,-3.0322,0.001267
103028.042,85526.065,163.752,346.951,-3.0319,0.001638
103027.048,85525.953,163.739,347.951,-3.0313,0.001344
103026.055,85525.841,163.726,348.951,-3.0307,0.000959
103025.061,85525.729,163.713,349.951,-3.0301,0.000573
103024.068,85525.617,163.699,350.950,-3.0295,0.000187
103023.074,85525.505,163.686,351.950,-3.0289,-0.000198
103022.081,85525.392,163.673,352.950,-3.0286,-0.000393
103021.087,85525.280,163.660,353.950,-3.0288,-0.000290
103020.093,85525.168,163.647,354.950,-3.0291,-0.000187
103019.100,85525.056,163.634,355.950,-3.0293,-0.000084
103018.106,85524.944,163.621,356.950,-3.0295,-0.000026
103017.113,85524.832,163.609,357.950,-3.0295,-0.000042
103016.119,85524.721,163.597,358.949,-3.0296,-0.000057
103015.125,85524.609,163.585,359.949,-3.0297,-0.000073
103014.132,85524.497,163.573,360.949,-3.0298,-0.000089
103013.138,85524.386,163.561,361.949,-3.0299,-0.000104
103012.145,85524.274,163.549,362.949,-3.0300,-0.000120
103011.151,85524.162,163.537,363.949,-3.0300,-0.000136
103010.157,85524.051,163.525,364.949,-3.0301,-0.000151
103009.164,85523.939,163.513,365.948,-3.0302,-0.000167
103008.170,85523.828,163.502,366.948,-3.0303,-0.000152
103007.176,85523.718,163.491,367.948,-3.0304,-0.000133
103006.183,85523.607,163.480,368.948,-3.0304,-0.000114
103005.189,85523.496,163.469,369.948,-3.0305,-0.000095
103004.195,85523.386,163.458,370.948,-3.0306,-0.000075
103003.202,85523.275,163.447,371.948,-3.0307,-0.000056
103002.208,85523.165,163.436,372.947,-3.0308,-0.000037
103001.214,85523.054,163.425,373.947,-3.0308,-0.000018
103000.220,85522.943,163.414,374.947,-3.0309,0.000002
102999.227,85522.833,163.404,375.947,-3.0310,0.000010
102998.233,85522.723,163.394,376.947,-3.0310,0.000000
102997.239,85522.612,163.384,377.947,-3.0310,-0.000009
102996.245,85522.502,163.374,378.947,-3.0311,-0.000019
102995.252,85522.392,163.364,379.946,-3.0311,-0.000028
102994.258,85522.281,163.355,380.946,-3.0311,-0.000038
102993.264,85522.171,163.345,381.946,-3.0312,-0.000047
102992.270,85522.061,163.335,382.946,-3.0312,-0.000057
102991.277,85521.950,163.325,383.946,-3.0312,-0.000066
102990.283,85521.840,163.315,384.946,-3.0312,-0.000076
102989.289,85521.730,163.307,385.946,-3.0313,-0.000084
102988.295,85521.620,163.298,386.945,-3.0314,-0.000092
102987.301,85521.510,163.289,387.945,-3.0315,-0.000100
102986.308,85521.400,163.281,388.945,-3.0316,-0.000108
102985.314,85521.290,163.272,389.945,-3.0314,-0.000018
102984.320,85521.180,163.263,390.945,-3.0313,0.000087
102983.326,85521.070,163.255,391.945,-3.0311,0.000192
102982.332,85520.960,163.246,392.945,-3.0309,0.000297
102981.339,85520.850,163.237,393.944,-3.0308,0.000402
102980.345,85520.740,163.229,394.944,-3.0307,0.000416
102979.351,85520.629,163.222,395.944,-3.0309,0.000277
102978.358,85520.518,163.214,396.944,-3.0311,0.000139
102977.364,85520.407,163.207,397.944,-3.0313,-0.000000
102976.370,85520.297,163.199,398.944,-3.0315,-0.000139
102975.376,85520.186,163.191,399.944,-3.0317,-0.000278
102974.383,85520.075,163.184,400.944,-3.0318,-0.000417
102973.389,85519.964,163.176,401.943,-3.0320,-0.000556
102972.395,85519.853,163.169,402.943,-3.0322,-0.000695
102971.402,85519.742,163.161,403.943,-3.0324,-0.000833
102970.407,85519.636,163.154,404.943,-3.0335,-0.000957
102969.413,85519.530,163.148,405.943,-3.0347,-0.001078
102968.419,85519.424,163.141,406.943,-3.0358,-0.001199
102967.425,85519.318,163.134,407.943,-3.0370,-0.001320
102966.431,85519.212,163.127,408.942,-3.0382,-0.001442
102965.436,85519.108,163.121,409.942,-3.0396,-0.001552
102964.441,85519.010,163.115,410.942,-3.0413,-0.001643
102963.446,85518.911,163.108,411.942,-3.0430,-0.001735
102962.451,85518.812,163.102,412.942,-3.0448,-0.001826
102961.456,85518.713,163.096,413.942,-3.0465,-0.001917
102960.461,85518.622,163.090,414.942,-3.0482,-0.001854
102959.465,85518.531,163.084,415.941,-3.0499,-0.001767
102958.469,85518.440,163.078,416.941,-3.0517,-0.001680
102957.473,85518.349,163.072,417.941,-3.0534,-0.001593
102956.477,85518.261,163.067,418.941,-3.0548,-0.001468
102955.481,85518.178,163.061,419.941,-3.0558,-0.001280
102954.485,85518.095,163.056,420.941,-3.0567,-0.001091
102953.488,85518.012,163.050,421.941,-3.0576,-0.000902
102952.492,85517.928,163.045,422.940,-3.0585,-0.000713
102951.495,85517.845,163.040,423.940,-3.0595,-0.000524
102950.499,85517.762,163.034,424.940,-3.0604,-0.000336
102949.502,85517.682,163.029,425.940,-3.0611,-0.000391
102948.506,85517.604,163.024,426.940,-3.0618,-0.000483
102947.509,85517.525,163.020,427.940,-3.0625,-0.000575
102946.512,85517.446,163.015,428.940,-3.0631,-0.000668
102945.515,85517.367,163.010,429.939,-3.0638,-0.000760
102944.519,85517.288,163.005,430.939,-3.0645,-0.000852
102943.522,85517.210,163.000,431.939,-3.0652,-0.000945
102942.525,85517.131,162.995,432.939,-3.0658,-0.001037
102941.528,85517.057,162.991,433.939,-3.0671,-0.001155
102940.531,85516.985,162.987,434.939,-3.0685,-0.001277
102939.533,85516.913,162.982,435.939,-3.0698,-0.001400
102938.536,85516.840,162.978,436.938,-3.0712,-0.001522
102937.539,85516.768,162.973,437.938,-3.0725,-0.001644
102936.541,85516.702,162.969,438.938,-3.0739,-0.001558
102935.544,85516.637,162.965,439.938,-3.0752,-0.001439
102934.546,85516.572,162.961,440.938,-3.0765,-0.001320
102933.548,85516.507,162.957,441.938,-3.0778,-0.001201
102932.550,85516.442,162.953,442.938,-3.0792,-0.001082
102931.552,85516.379,162.949,443.938,-3.0801,-0.000946
102930.554,85516.320,162.946,444.937,-3.0803,-0.000780
102929.556,85516.261,162.942,445.937,-3.0805,-0.000614
102928.558,85516.202,162.939,446.937,-3.0807,-0.000448
102927.560,85516.142,162.935,447.937,-3.0809,-0.000283
102926.562,85516.083,162.931,448.937,-3.0811,-0.000117
102925.564,85516.024,162.928,449.937,-3.0812,0.000049
102924.566,85515.965,162.924,450.937,-3.0814,0.000214
102923.568,85515.905,162.921,451.936,-3.0816,0.000380
102922.569,85515.846,162.917,452.936,-3.0818,0.000546
102921.571,85515.788,162.914,453.936,-3.0831,0.000239
102920.573,85515.731,162.910,454.936,-3.0845,-0.000143
102919.575,85515.673,162.907,455.936,-3.0859,-0.000524
102918.577,85515.616,162.904,456.936,-3.0874,-0.000906
102917.578,85515.559,162.901,457.936,-3.0888,-0.001287
102916.580,85515.501,162.897,458.935,-3.0902,-0.001669
102915.582,85515.447,162.894,459.935,-3.0915,-0.001369
102914.583,85515.397,162.891,460.935,-3.0919,-0.001011
102913.585,85515.347,162.888,461.935,-3.0921,-0.000934
102912.586,85515.297,162.885,462.935,-3.0923,-0.000858
102911.587,85515.247,162.882,463.935,-3.0925,-0.000781
102910.589,85515.198,162.879,464.935,-3.0926,-0.000649
102909.590,85515.150,162.876,465.934,-3.0925,-0.000417
102908.591,85515.101,162.873,466.934,-3.0924,-0.000186
102907.593,85515.053,162.870,467.934,-3.0923,0.000045
102906.594,85515.005,162.867,468.934,-3.0922,0.000277
102905.595,85514.957,162.865,469.934,-3.0921,0.000508
102904.597,85514.909,162.862,470.934,-3.0920,0.000739
102903.598,85514.861,162.859,471.934,-3.0919,0.000971
102902.599,85514.808,162.856,472.933,-3.0912,0.000962
102901.601,85514.755,162.853,473.933,-3.0904,0.000914
102900.603,85514.701,162.850,474.933,-3.0896,0.000867
102899.604,85514.648,162.847,475.933,-3.0888,0.000819
102898.606,85514.595,162.844,476.933,-3.0880,0.000772
102897.607,85514.541,162.841,477.933,-3.0872,0.000724
102896.609,85514.488,162.838,478.933,-3.0864,0.000677
102895.610,85514.435,162.835,479.932,-3.0856,0.000629
102894.612,85514.381,162.832,480.932,-3.0854,0.000437
102893.614,85514.326,162.829,481.932,-3.0864,-0.000014
102892.615,85514.271,162.826,482.932,-3.0874,-0.000465
102891.617,85514.216,162.823,483.932,-3.0884,-0.000916
102890.619,85514.161,162.820,484.932,-3.0894,-0.001367
102889.620,85514.106,162.817,485.932,-3.0904,-0.001818
102888.622,85514.051,162.814,486.932,-3.0913,-0.002269
102887.623,85514.000,162.811,487.931,-3.0925,-0.002401
102886.624,85513.955,162.807,488.931,-3.0940,-0.001966
102885.626,85513.910,162.804,489.931,-3.0954,-0.001531
102884.627,85513.865,162.801,490.931,-3.0969,-0.001096
102883.628,85513.820,162.797,491.931,-3.0984,-0.000660
102882.629,85513.776,162.794,492.931,-3.0992,-0.000341
102881.630,85513.734,162.790,493.931,-3.0991,-0.000230
102880.631,85513.691,162.786,494.930,-3.0989,-0.000120
102879.632,85513.649,162.783,495.930,-3.0988,-0.000009
102878.633,85513.607,162.779,496.930,-3.0986,0.000102
102877.634,85513.565,162.775,497.930,-3.0985,0.000213
102876.635,85513.523,162.771,498.930,-3.0983,0.000324
102875.636,85513.480,162.768,499.930,-3.0982,0.000435
102874.637,85513.438,162.764,500.930,-3.0980,0.000546
102873.638,85513.396,162.760,501.929,-3.0978,0.000657
102872.639,85513.351,162.756,502.929,-3.0973,0.000665
102871.641,85513.305,162.751,503.929,-3.0966,0.000656
102870.642,85513.259,162.747,504.929,-3.0960,0.000647
102869.643,85513.212,162.743,505.929,-3.0954,0.000638
102868.644,85513.166,162.738,506.929,-3.0947,0.000629
102867.645,85513.120,162.734,507.929,-3.0941,0.000620
102866.647,85513.074,162.729,508.928,-3.0934,0.000611
102865.648,85513.026,162.724,509.928,-3.0933,0.000512
102864.649,85512.976,162.719,510.928,-3.0932,0.000398
102863.651,85512.927,162.714,511.928,-3.0932,0.000284
102862.652,85512.877,162.709,512.928,-3.0931,0.000170
102861.653,85512.828,162.704,513.928,-3.0930,0.000056
102860.655,85512.778,162.699,514.928,-3.0929,-0.000058
102859.656,85512.729,162.694,515.927,-3.0929,-0.000172
102858.658,85512.680,162.689,516.927,-3.0928,-0.000286
102857.659,85512.630,162.684,517.927,-3.0927,-0.000400
102856.660,85512.581,162.678,518.927,-3.0927,-0.000443
102855.661,85512.533,162.672,519.927,-3.0928,-0.000358
102854.663,85512.486,162.666,520.927,-3.0929,-0.000273
102853.664,85512.438,162.660,521.927,-3.0929,-0.000188
102852.665,85512.390,162.654,522.926,-3.0930,-0.000103
102851.667,85512.342,162.648,523.926,-3.0931,-0.000018
102850.668,85512.294,162.642,524.926,-3.0931,0.000067
102849.669,85512.246,162.636,525.926,-3.0932,0.000152
102848.670,85512.198,162.630,526.926,-3.0933,0.000237
102847.672,85512.150,162.624,527.926,-3.0933,0.000322
102846.673,85512.102,162.618,528.926,-3.0933,0.000286
102845.674,85512.053,162.611,529.926,-3.0932,0.000230
102844.676,85512.004,162.604,530.925,-3.0932,0.000174
102843.677,85511.955,162.597,531.925,-3.0931,0.000118
102842.678,85511.906,162.591,532.925,-3.0930,0.000061
102841.680,85511.857,162.584,533.925,-3.0930,0.000005
102840.681,85511.808,162.577,534.925,-3.0929,-0.000051
102839.682,85511.759,162.570,535.925,-3.0929,-0.000107
102838.684,85511.710,162.564,536.925,-3.0928,-0.000164
102837.685,85511.661,162.557,537.924,-3.0928,-0.000174
102836.686,85511.612,162.549,538.924,-3.0928,-0.000101
102835.688,85511.564,162.542,539.924,-3.0928,-0.000027
102834.689,85511.515,162.534,540.924,-3.0929,0.000046
102833.690,85511.467,162.527,541.924,-3.0929,0.000119
102832.692,85511.418,162.519,542.924,-3.0930,0.000038
102831.693,85511.369,162.512,543.924,-3.0931,-0.000055
102830.694,85511.321,162.504,544.923,-3.0932,-0.000149
102829.696,85511.272,162.497,545.923,-3.0933,-0.000243
102828.697,85511.224,162.490,546.923,-3.0935,-0.000337
102827.698,85511.177,162.482,547.923,-3.0937,-0.000334
102826.700,85511.130,162.474,548.923,-3.0939,-0.000313
102825.701,85511.083,162.465,549.923,-3.0942,-0.000293
102824.702,85511.037,162.457,550.923,-3.0945,-0.000272
102823.703,85510.990,162.449,551.922,-3.0947,-0.000252
102822.704,85510.943,162.441,552.922,-3.0950,-0.000232
102821.706,85510.896,162.433,553.922,-3.0952,-0.000211
102820.707,85510.850,162.425,554.922,-3.0955,-0.000191
102819.708,85510.803,162.417,555.922,-3.0957,-0.000170
102818.709,85510.757,162.409,556.922,-3.0959,-0.000137
102817.711,85510.711,162.400,557.922,-3.0958,-0.000081
102816.712,85510.665,162.391,558.921,-3.0957,-0.000025
102815.713,85510.619,162.383,559.921,-3.0955,0.000032
102814.714,85510.574,162.374,560.921,-3.0954,0.000088
102813.715,85510.528,162.365,561.921,-3.0953,0.000144
102812.716,85510.482,162.357,562.921,-3.0952,0.000201
102811.718,85510.436,162.348,563.921,-3.0951,0.000257
102810.719,85510.391,162.340,564.921,-3.0950,0.000313
102809.720,85510.345,162.331,565.920,-3.0949,0.000370
102808.721,85510.298,162.322,566.920,-3.0948,0.000319
102807.723,85510.250,162.313,567.920,-3.0948,0.000250
102806.724,85510.203,162.304,568.920,-3.0947,0.000180
102805.725,85510.155,162.294,569.920,-3.0947,0.000111
102804.726,85510.108,162.285,570.920,-3.0946,0.000041
102803.728,85510.060,162.276,571.920,-3.0946,-0.000029
102802.729,85510.013,162.267,572.920,-3.0945,-0.000098
102801.730,85509.965,162.258,573.919,-3.0945,-0.000168
102800.731,85509.918,162.249,574.919,-3.0944,-0.000237
102799.733,85509.871,162.239,575.919,-3.0944,-0.000267
102798.734,85509.824,162.230,576.919,-3.0945,-0.000223
102797.735,85509.778,162.220,577.919,-3.0946,-0.000179
102796.736,85509.731,162.211,578.919,-3.0946,-0.000135
102795.738,85509.685,162.201,579.919,-3.0947,-0.000090
102794.739,85509.638,162.191,580.918,-3.0947,-0.000046
102793.740,85509.592,162.182,581.918,-3.0948,-0.000002
102792.741,85509.545,162.172,582.918,-3.0949,0.000042
102791.742,85509.499,162.163,583.918,-3.0949,0.000086
102790.744,85509.452,162.153,584.918,-3.0950,0.000131
102789.745,85509.406,162.143,585.918,-3.0950,0.000097
102788.746,85509.359,162.133,586.918,-3.0950,0.000063
102787.747,85509.312,162.123,587.917,-3.0950,0.000031
102786.749,85509.266,162.113,588.917,-3.0951,-0.000001
102785.750,85509.219,162.103,589.917,-3.0951,-0.000032
102784.751,85509.173,162.093,590.917,-3.0952,-0.000064
102783.752,85509.126,162.083,591.917,-3.0952,-0.000095
102782.753,85509.079,162.074,592.917,-3.0953,-0.000127
102781.755,85509.033,162.064,593.917,-3.0953,-0.000158
102780.756,85508.986,162.054,594.916,-3.0954,-0.000166
102779.757,85508.940,162.043,595.916,-3.0954,-0.000128
102778.758,85508.895,162.033,596.916,-3.0954,-0.000091
102777.759,85508.849,162.023,597.916,-3.0954,-0.000053
102776.761,85508.803,162.013,598.916,-3.0954,-0.000015
102775.762,85508.757,162.003,599.916,-3.0954,0.000022
102774.763,85508.711,161.993,600.916,-3.0954,0.000060
102773.764,85508.665,161.982,601.915,-3.0954,0.000097
102772.765,85508.619,161.972,602.915,-3.0954,0.000135
102771.767,85508.573,161.962,603.915,-3.0954,0.000172
102770.768,85508.526,161.952,604.915,-3.0953,0.000165
102769.769,85508.480,161.941,605.915,-3.0952,0.000150
102768.770,85508.433,161.931,606.915,-3.0951,0.000135
102767.772,85508.386,161.921,607.915,-3.0950,0.000119
102766.773,85508.339,161.911,608.915,-3.0949,0.000104
102765.774,85508.292,161.900,609.914,-3.0948,0.000089
102764.775,85508.246,161.890,610.914,-3.0947,0.000073
102763.777,85508.199,161.880,611.914,-3.0945,0.000058
102762.778,85508.152,161.870,612.914,-3.0944,0.000042
102761.779,85508.105,161.859,613.914,-3.0944,0.000023
102760.780,85508.058,161.849,614.914,-3.0945,-0.000006
102759.781,85508.011,161.839,615.914,-3.0946,-0.000035
102758.783,85507.964,161.829,616.913,-3.0947,-0.000064
102757.784,85507.917,161.818,617.913,-3.0948,-0.000093
102756.785,85507.870,161.808,618.913,-3.0949,-0.000122
102755.786,85507.824,161.798,619.913,-3.0950,-0.000150
102754.788,85507.777,161.788,620.913,-3.0951,-0.000179
102753.789,85507.730,161.777,621.913,-3.0952,-0.000208
102752.790,85507.683,161.767,622.913,-3.0953,-0.000237
102751.791,85507.637,161.757,623.912,-3.0954,-0.000216
102750.793,85507.592,161.747,624.912,-3.0955,-0.000185
102749.794,85507.546,161.737,625.912,-3.0956,-0.000154
102748.795,85507.501,161.727,626.912,-3.0957,-0.000124
102747.796,85507.455,161.717,627.912,-3.0958,-0.000093
102746.797,85507.409,161.707,628.912,-3.0959,-0.000062
102745.798,85507.364,161.697,629.912,-3.0960,-0.000031
102744.800,85507.318,161.687,630.911,-3.0961,-0.000001
102743.801,85507.273,161.677,631.911,-3.0962,0.000030
102742.802,85507.227,161.667,632.911,-3.0962,0.000061
102741.803,85507.181,161.657,633.911,-3.0960,0.000094
102740.804,85507.135,161.647,634.911,-3.0958,0.000126
102739.806,85507.089,161.637,635.911,-3.0956,0.000158
102738.807,85507.043,161.627,636.911,-3.0954,0.000191
102737.808,85506.997,161.617,637.910,-3.0952,0.000223
102736.809,85506.951,161.608,638.910,-3.0950,0.000255
102735.810,85506.905,161.598,639.910,-3.0948,0.000288
102734.812,85506.859,161.588,640.910,-3.0946,0.000320
102733.813,85506.813,161.578,641.910,-3.0944,0.000352
102732.814,85506.766,161.569,642.910,-3.0944,0.000273
102731.815,85506.718,161.559,643.910,-3.0946,0.000171
102730.817,85506.671,161.550,644.909,-3.0947,0.000069
102729.818,85506.624,161.540,645.909,-3.0948,-0.000032
102728.819,85506.576,161.531,646.909,-3.0949,-0.000134
102727.820,85506.529,161.521,647.909,-3.0951,-0.000235
102726.822,85506.481,161.512,648.909,-3.0952,-0.000337
102725.823,85506.434,161.502,649.909,-3.0953,-0.000439
102724.824,85506.387,161.492,650.909,-3.0954,-0.000540
102723.825,85506.340,161.483,651.909,-3.0955,-0.000569
102722.826,85506.295,161.474,652.908,-3.0956,-0.000455
102721.828,85506.250,161.465,653.908,-3.0957,-0.000341
102720.829,85506.205,161.456,654.908,-3.0957,-0.000228
102719.830,85506.161,161.446,655.908,-3.0958,-0.000114
102718.831,85506.116,161.437,656.908,-3.0959,0.000000
102717.832,85506.071,161.428,657.908,-3.0959,0.000114
102716.833,85506.026,161.419,658.908,-3.0960,0.000228
102715.834,85505.981,161.410,659.907,-3.0961,0.000342
102714.836,85505.936,161.400,660.907,-3.0961,0.000456
102713.837,85505.890,161.392,661.907,-3.0961,0.000403
102712.838,85505.844,161.383,662.907,-3.0960,0.000317
102711.839,85505.797,161.374,663.907,-3.0960,0.000231
102710.840,85505.751,161.365,664.907,-3.0959,0.000145
102709.842,85505.705,161.356,665.907,-3.0958,0.000060
102708.843,85505.658,161.347,666.906,-3.0958,-0.000026
102707.844,85505.612,161.339,667.906,-3.0957,-0.000112
102706.845,85505.565,161.330,668.906,-3.0957,-0.000198
102705.847,85505.519,161.321,669.906,-3.0956,-0.000284
102704.848,85505.473,161.312,670.906,-3.0956,-0.000321
102703.849,85505.428,161.304,671.906,-3.0957,-0.000258
102702.850,85505.382,161.295,672.906,-3.0957,-0.000196
102701.851,85505.337,161.287,673.905,-3.0958,-0.000134
102700.852,85505.291,161.278,674.905,-3.0959,-0.000072
102699.854,85505.246,161.270,675.905,-3.0959,-0.000010
102698.855,85505.201,161.261,676.905,-3.0960,0.000053
102697.856,85505.155,161.253,677.905,-3.0961,0.000115
102696.857,85505.110,161.244,678.905,-3.0963,-0.000236
102695.858,85505.064,161.236,679.905,-3.0966,-0.000602
102694.859,85505.020,161.228,680.904,-3.0969,-0.000539
102693.861,85504.977,161.219,681.904,-3.0973,-0.000390
102692.862,85504.933,161.211,682.904,-3.0976,-0.000241
102691.863,85504.889,161.203,683.904,-3.0979,-0.000092
102690.864,85504.846,161.195,684.904,-3.0982,0.000057
102689.865,85504.802,161.187,685.904,-3.0981,0.000135
102688.866,85504.758,161.178,686.904,-3.0979,0.000193
102687.867,85504.715,161.170,687.904,-3.0977,0.000251
102686.868,85504.671,161.162,688.903,-3.0975,0.000309
102685.869,85504.627,161.154,689.903,-3.0973,0.000333
102684.870,85504.581,161.146,690.903,-3.0971,0.000288
102683.872,85504.536,161.138,691.903,-3.0970,0.000244
102682.873,85504.491,161.130,692.903,-3.0969,0.000199
102681.874,85504.446,161.122,693.903,-3.0967,0.000155
102680.875,85504.401,161.114,694.903,-3.0966,0.000110
102679.876,85504.355,161.106,695.902,-3.0965,0.000066
102678.877,85504.310,161.098,696.902,-3.0963,0.000021
102677.879,85504.265,161.091,697.902,-3.0962,-0.000023
102676.880,85504.220,161.083,698.902,-3.0961,-0.000068
102675.881,85504.174,161.075,699.902,-3.0961,-0.000078
102674.882,85504.129,161.067,700.902,-3.0962,-0.000082
102673.883,85504.084,161.059,701.902,-3.0963,-0.000085
102672.884,85504.039,161.052,702.901,-3.0964,-0.000088
102671.886,85503.994,161.044,703.901,-3.0965,-0.000091
102670.887,85503.949,161.036,704.901,-3.0966,-0.000095
102669.888,85503.904,161.028,705.901,-3.0967,-0.000098
102668.889,85503.859,161.021,706.901,-3.0967,-0.000101
102667.890,85503.813,161.013,707.901,-3.0968,-0.000105
102666.891,85503.768,161.005,708.901,-3.0969,-0.000097
102665.892,85503.724,160.998,709.900,-3.0968,-0.000066
102664.894,85503.679,160.990,710.900,-3.0968,-0.000035
102663.895,85503.635,160.983,711.900,-3.0968,-0.000004
102662.896,85503.590,160.975,712.900,-3.0967,0.000027
102661.897,85503.545,160.967,713.900,-3.0967,0.000058
102660.898,85503.501,160.960,714.900,-3.0966,0.000089
102659.899,85503.456,160.952,715.900,-3.0966,0.000120
102658.900,85503.411,160.944,716.899,-3.0966,0.000151
102657.902,85503.367,160.937,717.899,-3.0965,0.000183
102656.903,85503.321,160.929,718.899,-3.0964,0.000184
102655.904,85503.275,160.922,719.899,-3.0962,0.000180
102654.905,85503.229,160.914,720.899,-3.0960,0.000175
102653.906,85503.183,160.906,721.899,-3.0959,0.000171
102652.908,85503.138,160.899,722.899,-3.0957,0.000167
102651.909,85503.092,160.891,723.899,-3.0955,0.000162
102650.910,85503.046,160.884,724.898,-3.0954,0.000158
102649.911,85503.000,160.876,725.898,-3.0952,0.000154
102648.912,85502.954,160.868,726.898,-3.0950,0.000149
102647.913,85502.908,160.861,727.898,-3.0950,0.000131
102646.915,85502.861,160.853,728.898,-3.0950,0.000084
102645.916,85502.815,160.845,729.898,-3.0951,0.000037
102644.917,85502.768,160.838,730.898,-3.0952,-0.000010
102643.918,85502.721,160.830,731.897,-3.0953,-0.000058
102642.920,85502.675,160.822,732.897,-3.0953,-0.000105
102641.921,85502.628,160.814,733.897,-3.0954,-0.000152
102640.922,85502.582,160.807,734.897,-3.0955,-0.000199
102639.923,85502.535,160.799,735.897,-3.0956,-0.000246
102638.925,85502.488,160.791,736.897,-3.0957,-0.000293
102637.926,85502.443,160.783,737.897,-3.0957,-0.000247
102636.927,85502.397,160.775,738.896,-3.0956,-0.000180
102635.928,85502.352,160.767,739.896,-3.0956,-0.000113
102634.929,85502.306,160.760,740.896,-3.0956,-0.000047
102633.930,85502.261,160.752,741.896,-3.0956,0.000020
102632.932,85502.215,160.744,742.896,-3.0955,0.000086
102631.933,85502.170,160.736,743.896,-3.0955,0.000153
102630.934,85502.124,160.728,744.896,-3.0955,0.000220
102629.935,85502.079,160.720,745.895,-3.0955,0.000286
102628.936,85502.033,160.712,746.895,-3.0954,0.000308
102627.938,85501.986,160.704,747.895,-3.0954,0.000237
102626.939,85501.940,160.695,748.895,-3.0953,0.000166
102625.940,85501.893,160.687,749.895,-3.0952,0.000096
102624.941,85501.846,160.679,750.895,-3.0951,0.000025
102623.942,85501.800,160.671,751.895,-3.0950,-0.000046
102622.944,85501.753,160.663,752.894,-3.0949,-0.000035
102621.945,85501.707,160.654,753.894,-3.0948,0.000306
102620.946,85501.659,160.646,754.894,-3.0946,0.000501
102619.947,85501.611,160.637,755.894,-3.0946,0.000389
102618.949,85501.563,160.629,756.894,-3.0945,0.000276
102617.950,85501.515,160.620,757.894,-3.0945,0.000164
102616.951,85501.467,160.612,758.894,-3.0944,0.000051
102615.953,85501.419,160.603,759.893,-3.0944,-0.000062
102614.954,85501.371,160.595,760.893,-3.0943,-0.000174
102613.955,85501.323,160.586,761.893,-3.0943,-0.000287
102612.956,85501.275,160.578,762.893,-3.0943,-0.000399
102611.958,85501.227,160.569,763.893,-3.0942,-0.000512
102610.959,85501.180,160.560,764.893,-3.0944,-0.000485
102609.960,85501.135,160.552,765.893,-3.0947,-0.000427
102608.961,85501.089,160.543,766.893,-3.0949,-0.000369
102607.963,85501.043,160.534,767.892,-3.0952,-0.000311
102606.964,85500.998,160.525,768.892,-3.0954,-0.000253
102605.965,85500.952,160.516,769.892,-3.0957,-0.000195
102604.966,85500.906,160.507,770.892,-3.0960,-0.000137
102603.967,85500.861,160.498,771.892,-3.0962,-0.000079
102602.968,85500.815,160.489,772.892,-3.0965,-0.000021
102601.970,85500.770,160.481,773.892,-3.0967,0.000015
102600.971,85500.725,160.471,774.891,-3.0967,0.000004
102599.972,85500.680,160.462,775.891,-3.0967,-0.000008
102598.973,85500.635,160.453,776.891,-3.0967,-0.000019
102597.974,85500.590,160.444,777.891,-3.0968,-0.000030
102596.975,85500.545,160.435,778.891,-3.0968,-0.000041
102595.977,85500.500,160.425,779.891,-3.0968,-0.000052
102594.978,85500.455,160.416,780.891,-3.0967,0.000088
102593.979,85500.410,160.407,781.890,-3.0965,0.000256
102592.980,85500.365,160.398,782.890,-3.0963,0.000424
102591.981,85500.319,160.388,783.890,-3.0962,0.000390
102590.982,85500.273,160.379,784.890,-3.0961,0.000312
102589.984,85500.227,160.369,785.890,-3.0960,0.000234
102588.985,85500.180,160.360,786.890,-3.0959,0.000156
102587.986,85500.134,160.350,787.890,-3.0958,0.000078
102586.987,85500.087,160.341,788.889,-3.0957,-0.000000
102585.988,85500.041,160.332,789.889,-3.0956,-0.000078
102584.990,85499.994,160.322,790.889,-3.0955,-0.000157
102583.991,85499.948,160.313,791.889,-3.0954,-0.000235
102582.992,85499.902,160.303,792.889,-3.0954,-0.000274
102581.993,85499.856,160.293,793.889,-3.0954,-0.000230
102580.994,85499.811,160.283,794.889,-3.0955,-0.000187
102579.996,85499.765,160.274,795.888,-3.0956,-0.000143
102578.997,85499.720,160.264,796.888,-3.0957,-0.000099
102577.998,85499.674,160.254,797.888,-3.0958,-0.000055
102576.999,85499.629,160.244,798.888,-3.0958,-0.000011
102576.000,85499.583,160.234,799.888,-3.0959,0.000033
102575.002,85499.538,160.225,800.888,-3.0960,0.000076
102574.003,85499.492,160.215,801.888,-3.0961,0.000120
102573.004,85499.447,160.205,802.888,-3.0961,0.000112
102572.005,85499.401,160.195,803.887,-3.0960,0.000093
102571.006,85499.355,160.185,804.887,-3.0960,0.000074
102570.007,85499.309,160.175,805.887,-3.0960,0.000054
102569.009,85499.263,160.165,806.887,-3.0959,0.000035
102568.010,85499.218,160.154,807.887,-3.0959,0.000015
102567.011,85499.172,160.144,808.887,-3.0959,-0.000004
102566.012,85499.126,160.134,809.887,-3.0958,-0.000024
102565.013,85499.080,160.124,810.886,-3.0958,-0.000043
102564.015,85499.035,160.114,811.886,-3.0958,-0.000058
102563.016,85498.989,160.104,812.886,-3.0959,-0.000064
102562.017,85498.944,160.093,813.886,-3.0960,-0.000069
102561.018,85498.898,160.083,814.886,-3.0960,-0.000075
102560.019,85498.853,160.072,815.886,-3.0961,-0.000080
102559.020,85498.807,160.062,816.886,-3.0962,-0.000086
102558.022,85498.762,160.052,817.885,-3.0963,-0.000091
102557.023,85498.716,160.041,818.885,-3.0964,-0.000097
102556.024,85498.671,160.031,819.885,-3.0965,-0.000103
102555.025,85498.626,160.021,820.885,-3.0965,-0.000108
102554.026,85498.581,160.010,821.885,-3.0965,-0.000089
102553.027,85498.536,159.999,822.885,-3.0965,-0.000064
102552.029,85498.491,159.989,823.885,-3.0965,-0.000039
102551.030,85498.446,159.978,824.884,-3.0965,-0.000014
102550.031,85498.401,159.968,825.884,-3.0965,0.000011
102549.032,85498.356,159.957,826.884,-3.0965,0.000036
102548.033,85498.311,159.946,827.884,-3.0965,0.000061
102547.034,85498.266,159.936,828.884,-3.0965,0.000085
102546.035,85498.222,159.925,829.884,-3.0965,0.000110
102545.037,85498.177,159.915,830.884,-3.0964,0.000122
102544.038,85498.131,159.904,831.883,-3.0964,0.000103
102543.039,85498.086,159.893,832.883,-3.0964,0.000084
102542.040,85498.040,159.882,833.883,-3.0963,0.000064
102541.041,85497.995,159.872,834.883,-3.0963,0.000045
102540.042,85497.949,159.861,835.883,-3.0963,0.000026
102539.044,85497.904,159.850,836.883,-3.0962,0.000007
102538.045,85497.858,159.839,837.883,-3.0962,-0.000012
102537.046,85497.813,159.828,838.882,-3.0962,-0.000031
102536.047,85497.768,159.818,839.882,-3.0961,-0.000050
102535.048,85497.722,159.807,840.882,-3.0961,-0.000041
102534.049,85497.677,159.796,841.882,-3.0961,-0.000026
102533.051,85497.631,159.785,842.882,-3.0961,-0.000010
102532.052,85497.586,159.774,843.882,-3.0960,0.000005
102531.053,85497.540,159.763,844.882,-3.0960,0.000020
102530.054,85497.495,159.752,845.882,-3.0960,0.000036
102529.055,85497.450,159.741,846.881,-3.0960,0.000051
102528.057,85497.404,159.731,847.881,-3.0960,0.000066
102527.058,85497.359,159.720,848.881,-3.0959,0.000081
102526.059,85497.313,159.709,849.881,-3.0960,0.000080
102525.060,85497.268,159.698,850.881,-3.0960,0.000041
102524.061,85497.222,159.687,851.881,-3.0961,0.000002
102523.062,85497.177,159.676,852.881,-3.0962,-0.000037
102522.064,85497.131,159.664,853.880,-3.0963,-0.000076
102521.065,85497.086,159.653,854.880,-3.0964,-0.000115
102520.066,85497.040,159.642,855.880,-3.0965,-0.000154
102519.067,85496.995,159.631,856.880,-3.0966,-0.000193
102518.068,85496.949,159.620,857.880,-3.0967,-0.000232
102517.069,85496.904,159.609,858.880,-3.0968,-0.000272
102516.071,85496.859,159.598,859.880,-3.0967,-0.000216
102515.072,85496.814,159.586,860.879,-3.0966,-0.000137
102514.073,85496.770,159.575,861.879,-3.0965,-0.000059
102513.074,85496.725,159.564,862.879,-3.0965,0.000020
102512.075,85496.681,159.552,863.879,-3.0964,0.000099
102511.076,85496.636,159.541,864.879,-3.0963,0.000177
102510.077,85496.591,159.530,865.879,-3.0962,0.000256
102509.079,85496.547,159.518,866.879,-3.0961,0.000334
102508.080,85496.502,159.507,867.878,-3.0960,0.000413
102507.081,85496.457,159.495,868.878,-3.0959,0.000442
102506.082,85496.410,159.483,869.878,-3.0957,0.000359
102505.083,85496.364,159.471,870.878,-3.0956,0.000275
102504.085,85496.317,159.459,871.878,-3.0954,0.000192
102503.086,85496.270,159.448,872.878,-3.0953,0.000109
102502.087,85496.224,159.436,873.878,-3.0951,0.000026
102501.088,85496.177,159.424,874.877,-3.0950,-0.000057
102500.089,85496.130,159.412,875.877,-3.0948,-0.000141
102499.091,85496.084,159.400,876.877,-3.0949,-0.000157
102498.092,85496.037,159.388,877.877,-3.0950,-0.000157
102497.093,85495.991,159.375,878.877,-3.0952,-0.000156
102496.094,85495.945,159.362,879.877,-3.0953,-0.000154
102495.095,85495.900,159.350,880.877,-3.0955,-0.000152
102494.097,85495.854,159.337,881.877,-3.0956,-0.000151
102493.098,85495.808,159.324,882.876,-3.0958,-0.000149
102492.099,85495.762,159.311,883.876,-3.0959,-0.000147
102491.100,85495.716,159.299,884.876,-3.0961,-0.000145
102490.101,85495.671,159.286,885.876,-3.0962,-0.000144
102489.103,85495.625,159.273,886.876,-3.0964,-0.000142
102488.104,85495.579,159.260,887.876,-3.0965,-0.000139
102487.105,85495.535,159.246,888.876,-3.0966,-0.000133
102486.106,85495.490,159.232,889.875,-3.0967,-0.000128
102485.107,85495.446,159.218,890.875,-3.0968,-0.000122
102484.108,85495.401,159.204,891.875,-3.0969,-0.000116
102483.109,85495.357,159.190,892.875,-3.0971,-0.000111
102482.111,85495.312,159.176,893.875,-3.0972,-0.000105
102481.112,85495.268,159.163,894.875,-3.0973,-0.000100
102480.113,85495.223,159.149,895.875,-3.0974,-0.000094
102479.114,85495.179,159.135,896.874,-3.0975,-0.000088
102478.115,85495.134,159.120,897.874,-3.0975,-0.000059
102477.116,85495.090,159.105,898.874,-3.0974,-0.000025
102476.117,85495.046,159.089,899.874,-3.0973,0.000010
102475.118,85495.002,159.074,900.874,-3.0972,0.000045
102474.119,85494.958,159.059,901.874,-3.0972,0.000080
102473.121,85494.914,159.044,902.874,-3.0971,0.000114
102472.122,85494.870,159.028,903.873,-3.0970,0.000149
102471.123,85494.826,159.013,904.873,-3.0969,0.000184
102470.124,85494.781,158.998,905.873,-3.0969,0.000218
102469.125,85494.737,158.982,906.873,-3.0967,0.000238
102468.126,85494.691,158.966,907.873,-3.0966,0.000222
102467.127,85494.645,158.949,908.873,-3.0964,0.000206
102466.129,85494.600,158.932,909.873,-3.0962,0.000190
102465.130,85494.554,158.916,910.872,-3.0961,0.000174
102464.131,85494.508,158.899,911.872,-3.0959,0.000158
102463.132,85494.463,158.882,912.872,-3.0957,0.000142
102462.133,85494.417,158.866,913.872,-3.0956,0.000126
102461.135,85494.371,158.849,914.872,-3.0954,0.000110
102460.136,85494.326,158.832,915.872,-3.0952,0.000094
102459.137,85494.279,158.814,916.872,-3.0952,0.000079
102458.138,85494.233,158.796,917.871,-3.0952,0.000064
102457.139,85494.186,158.778,918.871,-3.0952,0.000048
102456.141,85494.140,158.760,919.871,-3.0951,0.000033
102455.142,85494.093,158.742,920.871,-3.0951,0.000018
102454.143,85494.046,158.723,921.871,-3.0951,0.000003
102453.144,85494.000,158.705,922.871,-3.0951,-0.000012
102452.146,85493.953,158.687,923.871,-3.0951,-0.000027
102451.147,85493.907,158.669,924.871,-3.0950,-0.000042
102450.148,85493.860,158.650,925.870,-3.0950,-0.000050
102449.149,85493.814,158.630,926.870,-3.0950,-0.000041
102448.150,85493.767,158.611,927.870,-3.0951,-0.000032
102447.152,85493.721,158.591,928.870,-3.0951,-0.000022
102446.153,85493.675,158.571,929.870,-3.0951,-0.000013
102445.154,85493.628,158.551,930.870,-3.0951,-0.000003
102444.155,85493.582,158.531,931.870,-3.0951,0.000006
102443.156,85493.535,158.512,932.869,-3.0951,0.000015
102442.158,85493.489,158.492,933.869,-3.0951,0.000025
102441.159,85493.442,158.472,934.869,-3.0951,0.000034
102440.160,85493.396,158.451,935.869,-3.0952,0.000010
102439.161,85493.350,158.430,936.869,-3.0953,-0.000023
102438.163,85493.304,158.409,937.869,-3.0955,-0.000056
102437.164,85493.258,158.387,938.869,-3.0956,-0.000089
102436.165,85493.212,158.366,939.868,-3.0957,-0.000122
102435.166,85493.166,158.345,940.868,-3.0958,-0.000155
102434.167,85493.119,158.323,941.868,-3.0959,-0.000187
102433.169,85493.073,158.302,942.868,-3.0961,-0.000220
102432.170,85493.027,158.281,943.868,-3.0962,-0.000253
102431.171,85492.981,158.259,944.868,-3.0963,-0.000260
102430.172,85492.937,158.236,945.868,-3.0963,-0.000205
102429.173,85492.892,158.213,946.867,-3.0963,-0.000150
102428.174,85492.847,158.190,947.867,-3.0963,-0.000095
102427.176,85492.802,158.167,948.867,-3.0963,-0.000040
102426.177,85492.757,158.144,949.867,-3.0963,0.000015
102425.178,85492.713,158.121,950.867,-3.0963,0.000071
102424.179,85492.668,158.099,951.867,-3.0964,0.000126
102423.180,85492.623,158.076,952.867,-3.0964,0.000181
102422.181,85492.578,158.053,953.866,-3.0964,0.000236
102421.182,85492.532,158.029,954.866,-3.0963,0.000219
102420.184,85492.487,158.004,955.866,-3.0963,0.000183
102419.185,85492.441,157.980,956.866,-3.0962,0.000148
102418.186,85492.395,157.955,957.866,-3.0961,0.000112
102417.187,85492.349,157.931,958.866,-3.0960,0.000077
102416.188,85492.303,157.907,959.866,-3.0959,0.000041
102415.190,85492.258,157.882,960.866,-3.0959,0.000006
102414.191,85492.212,157.858,961.865,-3.0958,-0.000030
102413.192,85492.166,157.833,962.865,-3.0957,-0.000065
102412.193,85492.120,157.808,963.865,-3.0957,-0.000086
102411.194,85492.074,157.783,964.865,-3.0957,-0.000070
102410.196,85492.029,157.757,965.865,-3.0957,-0.000054
102409.197,85491.983,157.731,966.865,-3.0958,-0.000038
102408.198,85491.937,157.705,967.865,-3.0958,-0.000023
102407.199,85491.891,157.679,968.864,-3.0959,-0.000007
102406.200,85491.846,157.653,969.864,-3.0959,0.000009
102405.201,85491.800,157.627,970.864,-3.0958,0.000048
102404.203,85491.754,157.601,971.864,-3.0958,0.000095
102403.204,85491.708,157.575,972.864,-3.0957,0.000141
102402.205,85491.662,157.548,973.864,-3.0957,0.000122
102401.206,85491.616,157.521,974.864,-3.0957,0.000087
102400.207,85491.570,157.493,975.863,-3.0957,0.000051
102399.209,85491.524,157.466,976.863,-3.0957,0.000016
102398.210,85491.478,157.439,977.863,-3.0958,-0.000020
102397.211,85491.432,157.411,978.863,-3.0958,-0.000055
102396.212,85491.386,157.384,979.863,-3.0958,-0.000091
102395.213,85491.340,157.356,980.863,-3.0958,-0.000126
102394.215,85491.294,157.329,981.863,-3.0958,-0.000162
102393.216,85491.248,157.301,982.862,-3.0958,-0.000175
102392.217,85491.202,157.272,983.862,-3.0958,-0.000134
102391.218,85491.157,157.244,984.862,-3.0958,-0.000093
102390.219,85491.111,157.215,985.862,-3.0958,-0.000051
102389.221,85491.066,157.186,986.862,-3.0958,-0.000010
102388.222,85491.021,157.157,987.862,-3.0958,0.000031
102387.223,85490.975,157.128,988.862,-3.0958,0.000073
102386.224,85490.930,157.100,989.861,-3.0958,0.000114
102385.225,85490.884,157.071,990.861,-3.0958,0.000155
102384.226,85490.839,157.042,991.861,-3.0958,0.000197
102383.228,85490.793,157.012,992.861,-3.0958,0.000165
102382.229,85490.747,156.982,993.861,-3.0958,0.000113
102381.230,85490.701,156.952,994.861,-3.0959,0.000061
102380.231,85490.655,156.922,995.861,-3.0959,0.000010
102379.232,85490.609,156.892,996.861,-3.0959,-0.000042
102378.234,85490.563,156.862,997.860,-3.0960,-0.000094
102377.235,85490.517,156.832,998.860,-3.0960,-0.000145
102376.236,85490.471,156.801,999.860,-3.0961,-0.000197
102375.237,85490.425,156.771,1000.860,-3.0961,-0.000249
102374.238,85490.379,156.741,1001.860,-3.0961,-0.000272
102373.239,85490.334,156.710,1002.860,-3.0962,-0.000224
102372.241,85490.289,156.678,1003.860,-3.0963,-0.000177
102371.242,85490.245,156.647,1004.859,-3.0963,-0.000129
102370.243,85490.200,156.616,1005.859,-3.0964,-0.000082
102369.244,85490.155,156.584,1006.859,-3.0964,-0.000034
102368.245,85490.110,156.553,1007.859,-3.0965,0.000014
102367.246,85490.065,156.522,1008.859,-3.0966,0.000061
102366.247,85490.021,156.490,1009.859,-3.0966,0.000109
102365.249,85489.976,156.459,1010.859,-3.0967,0.000156
102364.250,85489.930,156.427,1011.858,-3.0966,0.000155
102363.251,85489.885,156.394,1012.858,-3.0965,0.000141
102362.252,85489.840,156.362,1013.858,-3.0964,0.000128
102361.253,85489.794,156.330,1014.858,-3.0963,0.000114
102360.254,85489.749,156.297,1015.858,-3.0962,0.000100
102359.256,85489.703,156.265,1016.858,-3.0961,0.000086
102358.257,85489.658,156.232,1017.858,-3.0960,0.000072
102357.258,85489.612,156.200,1018.857,-3.0959,0.000058
102356.259,85489.567,156.168,1019.857,-3.0958,0.000044
102355.260,85489.521,156.135,1020.857,-3.0958,0.000027
102354.262,85489.476,156.102,1021.857,-3.0958,0.000005
102353.263,85489.430,156.068,1022.857,-3.0959,-0.000017
102352.264,85489.384,156.035,1023.857,-3.0960,-0.000040
102351.265,85489.339,156.001,1024.857,-3.0961,-0.000062
102350.266,85489.293,155.968,1025.856,-3.0961,-0.000084
102349.267,85489.247,155.935,1026.856,-3.0962,-0.000106
102348.269,85489.202,155.901,1027.856,-3.0963,-0.000129
102347.270,85489.156,155.868,1028.856,-3.0963,-0.000151
102346.271,85489.110,155.835,1029.856,-3.0964,-0.000173
102345.272,85489.066,155.801,1030.856,-3.0965,-0.000157
102344.273,85489.021,155.767,1031.856,-3.0965,-0.000130
102343.274,85488.976,155.732,1032.855,-3.0966,-0.000103
102342.276,85488.931,155.698,1033.855,-3.0966,-0.000076
102341.277,85488.887,155.664,1034.855,-3.0967,-0.000049
102340.278,85488.842,155.630,1035.855,-3.0967,-0.000022
102339.279,85488.797,155.596,1036.855,-3.0968,0.000005
102338.280,85488.753,155.562,1037.855,-3.0968,0.000032
102337.281,85488.708,155.528,1038.855,-3.0969,0.000059
102336.282,85488.663,155.493,1039.855,-3.0969,0.000085
102335.284,85488.618,155.459,1040.854,-3.0967,0.000110
102334.285,85488.572,155.424,1041.854,-3.0965,0.000135
102333.286,85488.527,155.389,1042.854,-3.0963,0.000159
102332.287,85488.481,155.354,1043.854,-3.0961,0.000184
102331.288,85488.436,155.320,1044.854,-3.0959,0.000209
102330.289,85488.391,155.285,1045.854,-3.0957,0.000234
102329.291,85488.345,155.250,1046.854,-3.0955,0.000259
102328.292,85488.300,155.215,1047.853,-3.0953,0.000284
102327.293,85488.254,155.181,1048.853,-3.0951,0.000308
102326.294,85488.208,155.146,1049.853,-3.0950,0.000269
102325.295,85488.160,155.110,1050.853,-3.0950,0.000211
102324.297,85488.113,155.075,1051.853,-3.0949,0.000154
102323.298,85488.066,155.040,1052.853,-3.0949,0.000096
102322.299,85488.019,155.005,1053.853,-3.0949,0.000039
102321.300,85487.972,154.970,1054.852,-3.0948,-0.000018
102320.302,85487.925,154.934,1055.852,-3.0948,-0.000076
102319.303,85487.878,154.899,1056.852,-3.0947,-0.000133
102318.304,85487.830,154.864,1057.852,-3.0947,-0.000191
102317.305,85487.784,154.829,1058.852,-3.0947,-0.000230
102316.307,85487.738,154.793,1059.852,-3.0949,-0.000223
102315.308,85487.692,154.758,1060.852,-3.0951,-0.000216
102314.309,85487.646,154.722,1061.851,-3.0953,-0.000209
102313.310,85487.600,154.687,1062.851,-3.0955,-0.000201
102312.311,85487.554,154.652,1063.851,-3.0957,-0.000194
102311.313,85487.508,154.616,1064.851,-3.0959,-0.000187
102310.314,85487.462,154.581,1065.851,-3.0961,-0.000180
102309.315,85487.416,154.545,1066.851,-3.0963,-0.000172
102308.316,85487.370,154.510,1067.851,-3.0965,-0.000165
102307.317,85487.325,154.474,1068.850,-3.0965,-0.000123
102306.318,85487.280,154.439,1069.850,-3.0964,-0.000072
102305.320,85487.235,154.403,1070.850,-3.0963,-0.000020
102304.321,85487.190,154.368,1071.850,-3.0962,0.000031
102303.322,85487.145,154.332,1072.850,-3.0962,0.000083
102302.323,85487.100,154.296,1073.850,-3.0961,0.000134
102301.324,85487.055,154.261,1074.850,-3.0960,0.000186
102300.325,85487.010,154.225,1075.850,-3.0959,0.000238
102299.327,85486.965,154.190,1076.849,-3.0958,0.000289
102298.328,85486.919,154.154,1077.849,-3.0957,0.000316
102297.329,85486.873,154.119,1078.849,-3.0956,0.000279
102296.330,85486.826,154.083,1079.849,-3.0954,0.000241
102295.331,85486.779,154.048,1080.849,-3.0953,0.000204
102294.333,85486.732,154.012,1081.849,-3.0951,0.000167
102293.334,85486.685,153.977,1082.849,-3.0950,0.000129
102292.335,85486.639,153.942,1083.848,-3.0948,0.000092
102291.336,85486.592,153.906,1084.848,-3.0947,0.000055
102290.338,85486.545,153.871,1085.848,-3.0945,0.000017
102289.339,85486.498,153.835,1086.848,-3.0944,-0.000020
102288.340,85486.451,153.800,1087.848,-3.0944,-0.000044
102287.341,85486.405,153.765,1088.848,-3.0946,-0.000065
102286.343,85486.358,153.730,1089.848,-3.0947,-0.000085
102285.344,85486.311,153.694,1090.847,-3.0948,-0.000105
102284.345,85486.264,153.659,1091.847,-3.0949,-0.000126
102283.346,85486.218,153.624,1092.847,-3.0951,-0.000146
102282.347,85486.171,153.589,1093.847,-3.0952,-0.000167
102281.349,85486.124,153.554,1094.847,-3.0953,-0.000187
102280.350,85486.077,153.518,1095.847,-3.0955,-0.000208
102279.351,85486.031,153.483,1096.847,-3.0956,-0.000213
102278.352,85485.985,153.449,1097.846,-3.0956,-0.000178
102277.354,85485.940,153.414,1098.846,-3.0957,-0.000143
102276.355,85485.894,153.379,1099.846,-3.0957,-0.000108
102275.356,85485.849,153.344,1100.846,-3.0958,-0.000074
102274.357,85485.803,153.310,1101.846,-3.0958,-0.000039
102273.358,85485.758,153.275,1102.846,-3.0959,-0.000004
102272.359,85485.712,153.240,1103.846,-3.0960,0.000031
102271.361,85485.667,153.205,1104.845,-3.0960,0.000066
102270.362,85485.621,153.170,1105.845,-3.0961,0.000100
102269.363,85485.576,153.136,1106.845,-3.0960,0.000104
102268.364,85485.530,153.102,1107.845,-3.0959,0.000098
102267.365,85485.484,153.068,1108.845,-3.0959,0.000092
102266.367,85485.438,153.033,1109.845,-3.0958,0.000086
102265.368,85485.392,152.999,1110.845,-3.0957,0.000080
102264.369,85485.346,152.965,1111.844,-3.0956,0.000074
102263.370,85485.300,152.931,1112.844,-3.0955,0.000068
102262.371,85485.254,152.896,1113.844,-3.0955,0.000062
102261.372,85485.208,152.862,1114.844,-3.0954,0.000056
102260.374,85485.162,152.828,1115.844,-3.0954,0.000034
102259.375,85485.117,152.794,1116.844,-3.0957,-0.000032
102258.376,85485.071,152.761,1117.844,-3.0959,-0.000097
102257.377,85485.026,152.727,1118.844,-3.0962,-0.000162
102256.378,85484.980,152.693,1119.843,-3.0964,-0.000228
102255.380,85484.935,152.660,1120.843,-3.0967,-0.000293
102254.381,85484.889,152.626,1121.843,-3.0969,-0.000359
102253.382,85484.844,152.592,1122.843,-3.0972,-0.000424
102252.383,85484.798,152.559,1123.843,-3.0975,-0.000490
102251.384,85484.753,152.525,1124.843,-3.0977,-0.000555
102250.385,85484.710,152.492,1125.843,-3.0980,-0.000521
102249.386,85484.668,152.459,1126.842,-3.0983,-0.000457
102248.387,85484.626,152.426,1127.842,-3.0985,-0.000393
102247.388,85484.584,152.392,1128.842,-3.0988,-0.000329
102246.389,85484.542,152.359,1129.842,-3.0991,-0.000265
102245.390,85484.500,152.326,1130.842,-3.0993,-0.000201
102244.391,85484.458,152.293,1131.842,-3.0996,-0.000137
102243.392,85484.416,152.260,1132.842,-3.0999,-0.000073
102242.393,85484.374,152.227,1133.841,-3.1001,-0.000009
102241.395,85484.332,152.194,1134.841,-3.1003,0.000036
102240.396,85484.291,152.161,1135.841,-3.1003,0.000030
102239.396,85484.249,152.128,1136.841,-3.1003,0.000024
102238.397,85484.208,152.095,1137.841,-3.1003,0.000019
102237.398,85484.167,152.063,1138.841,-3.1002,0.000013
102236.399,85484.125,152.030,1139.841,-3.1002,0.000007
102235.400,85484.084,151.997,1140.840,-3.1002,0.000001
102234.401,85484.042,151.964,1141.840,-3.1002,-0.000004
102233.402,85484.001,151.932,1142.840,-3.1002,-0.000042
102232.403,85483.960,151.899,1143.840,-3.1003,-0.000090
102231.404,85483.919,151.866,1144.840,-3.1005,-0.000120
102230.405,85483.879,151.834,1145.840,-3.1007,-0.000145
102229.406,85483.838,151.801,1146.840,-3.1009,-0.000170
102228.407,85483.798,151.769,1147.839,-3.1011,-0.000195
102227.408,85483.757,151.736,1148.839,-3.1014,-0.000220
102226.409,85483.717,151.704,1149.839,-3.1016,-0.000245
102225.410,85483.677,151.671,1150.839,-3.1018,-0.000270
102224.411,85483.636,151.639,1151.839,-3.1020,-0.000295
102223.412,85483.596,151.606,1152.839,-3.1022,-0.000320
102222.413,85483.556,151.574,1153.839,-3.1024,-0.000327
102221.414,85483.518,151.541,1154.839,-3.1026,-0.000284
102220.415,85483.480,151.509,1155.838,-3.1027,-0.000241
102219.416,85483.441,151.476,1156.838,-3.1028,-0.000199
102218.416,85483.403,151.444,1157.838,-3.1030,-0.000156
102217.417,85483.365,151.411,1158.838,-3.1031,-0.000113
102216.418,85483.327,151.379,1159.838,-3.1032,-0.000070
102215.419,85483.289,151.347,1160.838,-3.1034,-0.000027
102214.420,85483.250,151.314,1161.838,-3.1035,0.000016
102213.421,85483.212,151.282,1162.837,-3.1036,0.000059
102212.422,85483.174,151.249,1163.837,-3.1037,0.000051
102211.423,85483.136,151.217,1164.837,-3.1038,0.000027
102210.423,85483.098,151.184,1165.837,-3.1038,0.000003
102209.424,85483.061,151.151,1166.837,-3.1038,-0.000021
102208.425,85483.023,151.119,1167.837,-3.1039,-0.000045
102207.426,85482.985,151.086,1168.837,-3.1039,-0.000068
102206.427,85482.947,151.054,1169.836,-3.1040,-0.000092
102205.428,85482.909,151.021,1170.836,-3.1040,-0.000116
102204.429,85482.871,150.989,1171.836,-3.1041,-0.000140
102203.429,85482.834,150.956,1172.836,-3.1041,-0.000156
102202.430,85482.797,150.923,1173.836,-3.1043,-0.000151
102201.431,85482.760,150.890,1174.836,-3.1044,-0.000147
102200.432,85482.723,150.858,1175.836,-3.1045,-0.000142
102199.433,85482.686,150.825,1176.835,-3.1047,-0.000138
102198.433,85482.650,150.792,1177.835,-3.1048,-0.000133
102197.434,85482.613,150.759,1178.835,-3.1049,-0.000128
102196.435,85482.576,150.726,1179.835,-3.1051,-0.000124
102195.436,85482.539,150.694,1180.835,-3.1052,-0.000119
102194.437,85482.502,150.661,1181.835,-3.1054,-0.000115
102193.438,85482.466,150.628,1182.835,-3.1055,-0.000112
102192.438,85482.431,150.595,1183.834,-3.1056,-0.000109
102191.439,85482.395,150.562,1184.834,-3.1057,-0.000107
102190.440,85482.359,150.529,1185.834,-3.1058,-0.000105
102189.441,85482.324,150.495,1186.834,-3.1059,-0.000102
102188.441,85482.288,150.462,1187.834,-3.1060,-0.000100
102187.442,85482.252,150.429,1188.834,-3.1061,-0.000097
102186.443,85482.217,150.396,1189.834,-3.1062,-0.000095
102185.444,85482.181,150.363,1190.833,-3.1063,-0.000093
102184.445,85482.145,150.330,1191.833,-3.1064,-0.000092
102183.445,85482.111,150.296,1192.833,-3.1065,-0.000094
102182.446,85482.076,150.263,1193.833,-3.1066,-0.000097
102181.447,85482.041,150.229,1194.833,-3.1067,-0.000099
102180.447,85482.006,150.196,1195.833,-3.1068,-0.000102
102179.448,85481.972,150.163,1196.833,-3.1069,-0.000104
102178.449,85481.937,150.129,1197.833,-3.1070,-0.000107
102177.450,85481.902,150.096,1198.832,-3.1071,-0.000109
102176.450,85481.867,150.062,1199.832,-3.1072,-0.000112
102175.451,85481.833,150.029,1200.832,-3.1073,-0.000114
102174.452,85481.798,149.995,1201.832,-3.1073,-0.000086
102173.453,85481.764,149.961,1202.832,-3.1072,-0.000049
102172.453,85481.730,149.927,1203.832,-3.1072,-0.000012
102171.454,85481.695,149.893,1204.832,-3.1071,0.000026
102170.455,85481.661,149.860,1205.831,-3.1070,0.000063
102169.456,85481.627,149.826,1206.831,-3.1070,0.000101
102168.456,85481.593,149.792,1207.831,-3.1069,0.000138
102167.457,85481.558,149.758,1208.831,-3.1068,0.000175
102166.458,85481.524,149.724,1209.831,-3.1068,0.000213
102165.458,85481.490,149.690,1210.831,-3.1067,0.000227
102164.459,85481.454,149.656,1211.831,-3.1067,0.000178
102163.460,85481.419,149.622,1212.830,-3.1067,0.000128
102162.461,85481.384,149.588,1213.830,-3.1067,0.000078
102161.462,85481.349,149.554,1214.830,-3.1067,0.000028
102160.462,85481.313,149.520,1215.830,-3.1067,-0.000022
102159.463,85481.278,149.486,1216.830,-3.1067,-0.000072
102158.464,85481.243,149.452,1217.830,-3.1067,-0.000122
102157.465,85481.208,149.418,1218.830,-3.1067,-0.000171
102156.465,85481.172,149.383,1219.829,-3.1067,-0.000221
102155.466,85481.138,149.349,1220.829,-3.1067,-0.000199
102154.467,85481.103,149.315,1221.829,-3.1067,-0.000152
102153.468,85481.069,149.281,1222.829,-3.1067,-0.000106
102152.468,85481.034,149.246,1223.829,-3.1068,-0.000060
102151.469,85481.000,149.212,1224.829,-3.1068,-0.000014
102150.470,85480.965,149.178,1225.829,-3.1068,0.000032
102149.470,85480.931,149.143,1226.828,-3.1068,0.000078
102148.471,85480.897,149.109,1227.828,-3.1068,0.000124
102147.472,85480.862,149.075,1228.828,-3.1068,0.000170
102146.473,85480.827,149.040,1229.828,-3.1068,0.000202
102145.473,85480.792,149.006,1230.828,-3.1066,0.000191
102144.474,85480.756,148.972,1231.828,-3.1065,0.000180
102143.475,85480.721,148.937,1232.828,-3.1063,0.000169
102142.476,85480.685,148.903,1233.828,-3.1062,0.000158
102141.477,85480.650,148.869,1234.827,-3.1060,0.000147
102140.477,85480.614,148.834,1235.827,-3.1059,0.000136
102139.478,85480.578,148.800,1236.827,-3.1057,0.000125
102138.479,85480.543,148.766,1237.827,-3.1056,0.000114
102137.480,85480.507,148.731,1238.827,-3.1054,0.000103
102136.480,85480.471,148.697,1239.827,-3.1053,0.000095
102135.481,85480.434,148.663,1240.827,-3.1053,0.000087
102134.482,85480.398,148.628,1241.826,-3.1052,0.000080
102133.483,85480.361,148.594,1242.826,-3.1051,0.000073
102132.484,85480.325,148.560,1243.826,-3.1051,0.000066
102131.484,85480.288,148.526,1244.826,-3.1050,0.000058
102130.485,85480.252,148.491,1245.826,-3.1049,0.000051
102129.486,85480.215,148.457,1246.826,-3.1049,0.000044
102128.487,85480.179,148.423,1247.826,-3.1048,0.000036
102127.488,85480.142,148.389,1248.825,-3.1047,0.000034
102126.489,85480.105,148.355,1249.825,-3.1047,0.000045
102125.489,85480.068,148.321,1250.825,-3.1046,0.000057
102124.490,85480.031,148.287,1251.825,-3.1045,0.000068
102123.491,85479.993,148.253,1252.825,-3.1044,0.000079
102122.492,85479.956,148.219,1253.825,-3.1044,0.000091
102121.493,85479.919,148.185,1254.825,-3.1043,0.000102
102120.493,85479.882,148.151,1255.824,-3.1042,0.000114
102119.494,85479.845,148.117,1256.824,-3.1041,0.000125
102118.495,85479.808,148.083,1257.824,-3.1040,0.000136
102117.496,85479.771,148.049,1258.824,-3.1040,0.000146
102116.497,85479.733,148.016,1259.824,-3.1040,0.000102
102115.498,85479.695,147.982,1260.824,-3.1041,0.000039
102114.499,85479.658,147.949,1261.824,-3.1042,-0.000024
102113.499,85479.620,147.915,1262.823,-3.1043,-0.000087
102112.500,85479.582,147.882,1263.823,-3.1044,-0.000150
102111.501,85479.545,147.848,1264.823,-3.1045,-0.000213
102110.502,85479.507,147.815,1265.823,-3.1047,-0.000276
102109.503,85479.470,147.781,1266.823,-3.1048,-0.000339
102108.504,85479.432,147.748,1267.823,-3.1048,-0.000367
102107.504,85479.396,147.715,1268.823,-3.1049,-0.000289
102106.505,85479.360,147.682,1269.822,-3.1049,-0.000212
102105.506,85479.324,147.650,1270.822,-3.1049,-0.000135
102104.507,85479.288,147.617,1271.822,-3.1049,-0.000058
102103.508,85479.252,147.584,1272.822,-3.1049,0.000020
102102.508,85479.216,147.551,1273.822,-3.1050,0.000097
102101.509,85479.180,147.518,1274.822,-3.1050,0.000174
102100.510,85479.144,147.485,1275.822,-3.1050,0.000251
102099.511,85479.108,147.453,1276.822,-3.1050,0.000329
102098.512,85479.071,147.420,1277.821,-3.1049,0.000318
102097.512,85479.033,147.388,1278.821,-3.1048,0.000277
102096.513,85478.996,147.356,1279.821,-3.1046,0.000237
102095.514,85478.958,147.324,1280.821,-3.1044,0.000196
102094.515,85478.920,147.292,1281.821,-3.1043,0.000156
102093.516,85478.883,147.260,1282.821,-3.1041,0.000116
102092.517,85478.845,147.228,1283.821,-3.1040,0.000075
102091.517,85478.808,147.196,1284.820,-3.1038,0.000035
102090.518,85478.770,147.164,1285.820,-3.1037,-0.000006
102089.519,85478.732,147.133,1286.820,-3.1036,-0.000039
102088.520,85478.695,147.102,1287.820,-3.1037,-0.000050
102087.521,85478.657,147.071,1288.820,-3.1037,-0.000062
102086.522,85478.619,147.040,1289.820,-3.1038,-0.000073
102085.523,85478.582,147.009,1290.820,-3.1039,-0.000085
102084.523,85478.544,146.978,1291.819,-3.1040,-0.000096
102083.524,85478.506,146.947,1292.819,-3.1041,-0.000108
102082.525,85478.468,146.916,1293.819,-3.1042,-0.000119
102081.526,85478.431,146.885,1294.819,-3.1043,-0.000131
102080.527,85478.393,146.854,1295.819,-3.1044,-0.000142
102079.528,85478.356,146.824,1296.819,-3.1045,-0.000136
102078.528,85478.320,146.795,1297.819,-3.1046,-0.000124
102077.529,85478.283,146.765,1298.818,-3.1046,-0.000112
102076.530,85478.246,146.735,1299.818,-3.1047,-0.000100
102075.531,85478.210,146.706,1300.818,-3.1048,-0.000088
102074.532,85478.173,146.676,1301.818,-3.1049,-0.000076
102073.532,85478.136,146.646,1302.818,-3.1050,-0.000064
102072.533,85478.100,146.617,1303.818,-3.1051,-0.000052
102071.534,85478.063,146.587,1304.818,-3.1052,-0.000040
102070.535,85478.026,146.558,1305.817,-3.1052,-0.000029
102069.536,85477.990,146.530,1306.817,-3.1052,-0.000018
102068.537,85477.954,146.501,1307.817,-3.1052,-0.000007
102067.537,85477.917,146.473,1308.817,-3.1052,0.000003
102066.538,85477.881,146.445,1309.817,-3.1052,0.000014
102065.539,85477.845,146.417,1310.817,-3.1051,0.000024
102064.540,85477.808,146.389,1311.817,-3.1051,0.000035
102063.541,85477.772,146.361,1312.817,-3.1051,0.000045
102062.541,85477.735,146.332,1313.816,-3.1051,0.000056
102061.542,85477.699,146.304,1314.816,-3.1051,0.000066
102060.543,85477.662,146.277,1315.816,-3.1050,0.000065
102059.544,85477.626,146.251,1316.816,-3.1050,0.000059
102058.545,85477.589,146.225,1317.816,-3.1049,0.000053
102057.545,85477.552,146.198,1318.816,-3.1049,0.000048
102056.546,85477.515,146.172,1319.816,-3.1049,0.000042
102055.547,85477.479,146.145,1320.815,-3.1048,0.000036
102054.548,85477.442,146.119,1321.815,-3.1048,0.000030
102053.549,85477.405,146.093,1322.815,-3.1047,0.000025
102052.549,85477.368,146.066,1323.815,-3.1047,0.000019
102051.550,85477.332,146.040,1324.815,-3.1047,0.000012
102050.551,85477.295,146.016,1325.815,-3.1047,0.000000
102049.552,85477.258,145.992,1326.815,-3.1048,-0.000011
102048.553,85477.221,145.967,1327.814,-3.1048,-0.000022
102047.554,85477.184,145.943,1328.814,-3.1048,-0.000034
102046.554,85477.148,145.918,1329.814,-3.1049,-0.000045
102045.555,85477.111,145.894,1330.814,-3.1049,-0.000057
102044.556,85477.074,145.870,1331.814,-3.1050,-0.000068
102043.557,85477.037,145.845,1332.814,-3.1050,-0.000079
102042.558,85477.000,145.821,1333.814,-3.1050,-0.000091
102041.558,85476.964,145.798,1334.813,-3.1050,-0.000079
102040.559,85476.927,145.776,1335.813,-3.1050,-0.000059
102039.560,85476.891,145.754,1336.813,-3.1050,-0.000038
102038.561,85476.855,145.732,1337.813,-3.1050,-0.000018
102037.562,85476.818,145.709,1338.813,-3.1050,0.000002
102036.562,85476.782,145.687,1339.813,-3.1050,0.000022
102035.563,85476.745,145.665,1340.813,-3.1050,0.000042
102034.564,85476.709,145.643,1341.812,-3.1050,0.000062
102033.565,85476.673,145.621,1342.812,-3.1050,0.000082
102032.566,85476.636,145.599,1343.812,-3.1050,0.000093
102031.566,85476.599,145.579,1344.812,-3.1050,0.000074
102030.567,85476.563,145.560,1345.812,-3.1050,0.000056
102029.568,85476.526,145.540,1346.812,-3.1050,0.000037
102028.569,85476.489,145.520,1347.812,-3.1050,0.000018
102027.570,85476.452,145.500,1348.812,-3.1050,-0.000000
102026.571,85476.416,145.481,1349.811,-3.1050,-0.000019
102025.571,85476.379,145.461,1350.811,-3.1050,-0.000038
102024.572,85476.342,145.441,1351.811,-3.1050,-0.000056
102023.573,85476.305,145.421,1352.811,-3.1049,-0.000075
102022.574,85476.269,145.403,1353.811,-3.1050,-0.000072
102021.575,85476.232,145.386,1354.811,-3.1050,-0.000062
102020.575,85476.196,145.369,1355.811,-3.1051,-0.000051
102019.576,85476.159,145.352,1356.810,-3.1051,-0.000022
102018.577,85476.123,145.334,1357.810,-3.1050,0.000014
102017.578,85476.086,145.317,1358.810,-3.1049,0.000050
102016.579,85476.050,145.300,1359.810,-3.1049,0.000086
102015.579,85476.013,145.283,1360.810,-3.1048,0.000122
102014.580,85475.977,145.266,1361.810,-3.1047,0.000158
102013.581,85475.940,145.249,1362.810,-3.1047,0.000177
102012.582,85475.903,145.234,1363.809,-3.1047,0.000142
102011.583,85475.865,145.220,1364.809,-3.1046,0.000106
102010.584,85475.828,145.205,1365.809,-3.1046,0.000071
102009.584,85475.791,145.190,1366.809,-3.1046,0.000036
102008.585,85475.754,145.176,1367.809,-3.1046,0.000000
102007.586,85475.716,145.161,1368.809,-3.1046,-0.000035
102006.587,85475.679,145.147,1369.809,-3.1045,-0.000070
102005.588,85475.642,145.132,1370.808,-3.1045,-0.000106
102004.589,85475.604,145.117,1371.808,-3.1045,-0.000141
102003.589,85475.568,145.105,1372.808,-3.1045,-0.000123
102002.590,85475.531,145.093,1373.808,-3.1045,-0.000087
102001.591,85475.494,145.081,1374.808,-3.1044,-0.000050
102000.592,85475.457,145.069,1375.808,-3.1044,-0.000013
101999.593,85475.420,145.057,1376.808,-3.1044,0.000024
101998.593,85475.383,145.045,1377.807,-3.1044,0.000060
101997.594,85475.346,145.033,1378.807,-3.1043,0.000097
101996.595,85475.309,145.021,1379.807,-3.1043,0.000134
101995.596,85475.272,145.009,1380.807,-3.1043,0.000170
101994.597,85475.235,144.997,1381.807,-3.1042,0.000200
101993.598,85475.197,144.988,1382.807,-3.1040,0.000204
101992.599,85475.158,144.978,1383.807,-3.1038,0.000209
101991.599,85475.120,144.969,1384.806,-3.1036,0.000214
101990.600,85475.082,144.959,1385.806,-3.1033,0.000218
101989.601,85475.043,144.950,1386.806,-3.1031,0.000223
101988.602,85475.005,144.940,1387.806,-3.1029,0.000228
101987.603,85474.967,144.931,1388.806,-3.1027,0.000232
101986.604,85474.929,144.921,1389.806,-3.1025,0.000237
101985.605,85474.890,144.912,1390.806,-3.1022,0.000242
101984.606,85474.850,144.904,1391.806,-3.1020,0.000238
101983.607,85474.810,144.897,1392.805,-3.1018,0.000231
101982.607,85474.769,144.890,1393.805,-3.1016,0.000224
101981.608,85474.729,144.883,1394.805,-3.1014,0.000218
101980.609,85474.689,144.876,1395.805,-3.1012,0.000211
101979.610,85474.648,144.869,1396.805,-3.1010,0.000204
101978.611,85474.608,144.862,1397.805,-3.1008,0.000197
101977.612,85474.567,144.855,1398.805,-3.1006,0.000191
101976.613,85474.527,144.848,1399.804,-3.1004,0.000184
101975.614,85474.486,144.841,1400.804,-3.1000,0.000196
101974.615,85474.442,144.836,1401.804,-3.0989,0.000268
101973.616,85474.398,144.831,1402.804,-3.0978,0.000341
101972.618,85474.354,144.826,1403.804,-3.0968,0.000414
101971.619,85474.310,144.821,1404.804,-3.0957,0.000486
101970.620,85474.266,144.816,1405.804,-3.0946,0.000559
101969.621,85474.222,144.811,1406.803,-3.0936,0.000632
101968.622,85474.176,144.806,1407.803,-3.0926,0.000562
101967.623,85474.127,144.803,1408.803,-3.0922,0.000720
101966.625,85474.078,144.799,1409.803,-3.0917,0.000888
101965.626,85474.029,144.795,1410.803,-3.0913,0.001056
101964.627,85473.980,144.792,1411.803,-3.0909,0.001224
101963.629,85473.931,144.788,1412.803,-3.0905,0.001392
101962.630,85473.881,144.785,1413.802,-3.0898,0.001531
101961.632,85473.825,144.782,1414.802,-3.0882,0.001571
101960.634,85473.770,144.780,1415.802,-3.0866,0.001611
101959.635,85473.715,144.778,1416.802,-3.0850,0.001651
101958.637,85473.659,144.775,1417.802,-3.0834,0.001691
101957.639,85473.602,144.773,1418.802,-3.0817,0.001749
101956.641,85473.539,144.771,1419.802,-3.0797,0.001868
101955.643,85473.476,144.770,1420.801,-3.0777,0.001986
101954.645,85473.413,144.768,1421.801,-3.0758,0.002104
101953.647,85473.348,144.767,1422.801,-3.0737,0.002202
101952.650,85473.276,144.766,1423.801,-3.0715,0.002229
101951.653,85473.204,144.765,1424.801,-3.0692,0.002256
101950.655,85473.132,144.764,1425.801,-3.0670,0.002284
101949.658,85473.059,144.763,1426.801,-3.0647,0.002292
101948.662,85472.978,144.763,1427.800,-3.0626,0.002239
101947.665,85472.897,144.763,1428.800,-3.0604,0.002185
101946.669,85472.816,144.763,1429.800,-3.0582,0.002131
101945.672,85472.734,144.763,1430.800,-3.0560,0.002075
101944.676,85472.644,144.764,1431.800,-3.0541,0.002012
101943.680,85472.555,144.764,1432.800,-3.0521,0.001949
101942.685,85472.465,144.765,1433.800,-3.0502,0.001886
101941.689,85472.376,144.765,1434.799,-3.0482,0.001823
101940.693,85472.280,144.766,1435.799,-3.0464,0.001818
101939.698,85472.182,144.768,1436.799,-3.0445,0.001834
101938.703,85472.084,144.769,1437.799,-3.0427,0.001850
101937.708,85471.987,144.770,1438.799,-3.0408,0.001866
101936.713,85471.887,144.772,1439.799,-3.0390,0.001892
101935.719,85471.781,144.773,1440.799,-3.0370,0.001954
101934.725,85471.675,144.775,1441.799,-3.0350,0.002015
101933.731,85471.569,144.777,1442.798,-3.0330,0.002076
101932.737,85471.462,144.779,1443.798,-3.0309,0.002123
101931.743,85471.347,144.782,1444.798,-3.0288,0.002120
101930.750,85471.233,144.784,1445.798,-3.0267,0.002117
101929.757,85471.119,144.786,1446.798,-3.0246,0.002114
101928.764,85471.003,144.789,1447.798,-3.0225,0.002107
101927.771,85470.880,144.792,1448.798,-3.0204,0.002084
101926.779,85470.758,144.795,1449.797,-3.0183,0.002062
101925.787,85470.635,144.798,1450.797,-3.0163,0.002039
101924.794,85470.512,144.801,1451.797,-3.0142,0.002022
101923.803,85470.383,144.804,1452.797,-3.0122,0.002025
101922.811,85470.254,144.808,1453.797,-3.0102,0.002027
101921.820,85470.121,144.811,1454.797,-3.0081,0.002023
101920.830,85469.987,144.814,1455.797,-3.0061,0.002020
101919.839,85469.848,144.818,1456.796,-3.0041,0.002021
101918.849,85469.710,144.822,1457.796,-3.0021,0.002022
101917.859,85469.571,144.826,1458.796,-3.0001,0.002024
101916.869,85469.431,144.830,1459.796,-2.9980,0.002038
101915.880,85469.284,144.834,1460.796,-2.9959,0.002099
101914.891,85469.137,144.838,1461.796,-2.9937,0.002159
101913.902,85468.991,144.842,1462.796,-2.9916,0.002219
101912.913,85468.842,144.847,1463.795,-2.9894,0.002264
101911.925,85468.686,144.851,1464.795,-2.9872,0.002258
101910.938,85468.531,144.856,1465.795,-2.9849,0.002252
101909.950,85468.375,144.860,1466.795,-2.9826,0.002246
101908.963,85468.218,144.865,1467.795,-2.9804,0.002229
101907.976,85468.053,144.870,1468.795,-2.9783,0.002173
101906.990,85467.889,144.875,1469.795,-2.9762,0.002116
101906.004,85467.725,144.879,1470.794,-2.9740,0.002060
101905.018,85467.559,144.884,1471.794,-2.9719,0.002009
101904.033,85467.386,144.890,1472.794,-2.9700,0.001981
101903.048,85467.213,144.895,1473.794,-2.9680,0.001952
101902.063,85467.041,144.900,1474.794,-2.9661,0.001924
101901.079,85466.868,144.905,1475.794,-2.9641,0.001895
101900.095,85466.689,144.911,1476.794,-2.9623,0.001859
101899.112,85466.508,144.916,1477.793,-2.9605,0.001819
101898.128,85466.327,144.922,1478.793,-2.9587,0.001780
101897.145,85466.146,144.927,1479.793,-2.9569,0.001740
101896.162,85465.963,144.932,1480.793,-2.9551,0.001704
101895.180,85465.774,144.938,1481.793,-2.9535,0.001679
101894.198,85465.586,144.944,1482.793,-2.9518,0.001654
101893.216,85465.397,144.950,1483.793,-2.9502,0.001629
101892.234,85465.208,144.955,1484.792,-2.9485,0.001603
101891.253,85465.014,144.961,1485.792,-2.9469,0.001601
101890.273,85464.818,144.967,1486.792,-2.9453,0.001608
101889.293,85464.622,144.973,1487.792,-2.9437,0.001615
101888.312,85464.425,144.979,1488.792,-2.9421,0.001622
101887.332,85464.229,144.985,1489.792,-2.9405,0.001628
101886.353,85464.027,144.991,1490.792,-2.9388,0.001658
101885.374,85463.824,144.997,1491.791,-2.9370,0.001697
101884.395,85463.620,145.003,1492.791,-2.9353,0.001736
101883.416,85463.416,145.009,1493.791,-2.9336,0.001774
101882.438,85463.210,145.015,1494.791,-2.9319,0.001808
101881.460,85462.998,145.021,1495.791,-2.9300,0.001823
101880.483,85462.786,145.028,1496.791,-2.9282,0.001838
101879.506,85462.575,145.034,1497.791,-2.9264,0.001853
101878.529,85462.363,145.040,1498.791,-2.9245,0.001868
101877.553,85462.145,145.046,1499.790,-2.9227,0.001862
101876.578,85461.925,145.052,1500.790,-2.9208,0.001849
101875.602,85461.705,145.059,1501.790,-2.9190,0.001836
101874.627,85461.486,145.065,1502.790,-2.9172,0.001823
101873.652,85461.264,145.071,1503.790,-2.9153,0.001804
101872.678,85461.036,145.078,1504.790,-2.9136,0.001763
101871.705,85460.808,145.084,1505.790,-2.9119,0.001723
101870.731,85460.581,145.090,1506.789,-2.9102,0.001683
101869.758,85460.353,145.097,1507.789,-2.9084,0.001642
101868.785,85460.120,145.103,1508.789,-2.9069,0.001603
101867.813,85459.884,145.109,1509.789,-2.9053,0.001565
101866.842,85459.649,145.116,1510.789,-2.9038,0.001526
101865.870,85459.414,145.122,1511.789,-2.9023,0.001487
101864.898,85459.179,145.128,1512.789,-2.9007,0.001449
101863.928,85458.938,145.135,1513.788,-2.8996,0.001334
101862.958,85458.696,145.141,1514.788,-2.8986,0.001190
101861.987,85458.454,145.147,1515.788,-2.8976,0.001046
101861.017,85458.211,145.153,1516.788,-2.8966,0.000901
101860.047,85457.969,145.160,1517.788,-2.8956,0.000757
101859.077,85457.727,145.166,1518.788,-2.8945,0.000613
101858.108,85457.482,145.172,1519.788,-2.8943,0.000485
101857.139,85457.236,145.178,1520.787,-2.8943,0.000364
101856.169,85456.991,145.185,1521.787,-2.8943,0.000243
101855.200,85456.745,145.191,1522.787,-2.8943,0.000122
101854.231,85456.499,145.197,1523.787,-2.8943,0.000001
101853.262,85456.254,145.203,1524.787,-2.8943,-0.000119
101852.293,85456.008,145.209,1525.787,-2.8943,-0.000240
101851.323,85455.763,145.216,1526.787,-2.8943,-0.000361
101850.354,85455.517,145.222,1527.786,-2.8943,-0.000482
101849.385,85455.272,145.228,1528.786,-2.8943,-0.000560
101848.415,85455.029,145.234,1529.786,-2.8945,-0.000483
101847.445,85454.785,145.240,1530.786,-2.8948,-0.000405
101846.475,85454.542,145.246,1531.786,-2.8950,-0.000327
101845.505,85454.299,145.252,1532.786,-2.8952,-0.000249
101844.536,85454.056,145.258,1533.786,-2.8954,-0.000171
101843.566,85453.812,145.264,1534.785,-2.8956,-0.000093
101842.596,85453.569,145.269,1535.785,-2.8958,-0.000015
101841.626,85453.326,145.275,1536.785,-2.8960,0.000062
101840.656,85453.083,145.281,1537.785,-2.8962,0.000140
101839.686,85452.840,145.287,1538.785,-2.8962,0.000141
101838.717,85452.596,145.293,1539.785,-2.8962,0.000112
101837.747,85452.353,145.298,1540.785,-2.8961,0.000082
101836.777,85452.110,145.304,1541.784,-2.8961,0.000052
101835.807,85451.867,145.310,1542.784,-2.8960,0.000022
101834.837,85451.624,145.315,1543.784,-2.8960,-0.000008
101833.867,85451.381,145.321,1544.784,-2.8959,-0.000038
101832.898,85451.137,145.327,1545.784,-2.8959,-0.000037
101831.928,85450.894,145.332,1546.784,-2.8959,0.000010
101830.958,85450.651,145.338,1547.784,-2.8959,0.000045
101829.988,85450.408,145.343,1548.784,-2.8959,0.000029
101829.018,85450.165,145.348,1549.783,-2.8960,0.000014
101828.048,85449.921,145.353,1550.783,-2.8960,-0.000001
101827.079,85449.678,145.359,1551.783,-2.8960,-0.000016
101826.109,85449.435,145.364,1552.783,-2.8960,-0.000031
101825.139,85449.192,145.369,1553.783,-2.8960,-0.000046
101824.169,85448.949,145.375,1554.783,-2.8960,-0.000061
101823.199,85448.705,145.380,1555.783,-2.8961,-0.000076
101822.229,85448.462,145.385,1556.782,-2.8961,-0.000091
101821.260,85448.219,145.390,1557.782,-2.8961,-0.000083
101820.290,85447.976,145.395,1558.782,-2.8961,-0.000064
101819.320,85447.734,145.400,1559.782,-2.8961,-0.000046
101818.350,85447.491,145.404,1560.782,-2.8961,-0.000027
101817.380,85447.248,145.409,1561.782,-2.8961,-0.000009
101816.410,85447.005,145.414,1562.782,-2.8961,0.000010
101815.440,85446.762,145.419,1563.781,-2.8961,0.000028
101814.470,85446.519,145.424,1564.781,-2.8961,0.000047
101813.500,85446.277,145.428,1565.781,-2.8962,0.000065
101812.530,85446.034,145.433,1566.781,-2.8961,0.000080
101811.560,85445.790,145.437,1567.781,-2.8961,0.000078
101810.591,85445.547,145.442,1568.781,-2.8960,0.000076
101809.621,85445.304,145.446,1569.781,-2.8959,0.000074
101808.651,85445.060,145.450,1570.780,-2.8959,0.000072
101807.681,85444.817,145.455,1571.780,-2.8958,0.000071
101806.711,85444.574,145.459,1572.780,-2.8957,0.000069
101805.742,85444.331,145.463,1573.780,-2.8956,0.000067
101804.772,85444.087,145.467,1574.780,-2.8956,0.000065
101803.802,85443.844,145.472,1575.780,-2.8955,0.000063
101802.832,85443.600,145.476,1576.780,-2.8955,0.000056
101801.863,85443.357,145.479,1577.779,-2.8955,0.000046
101800.893,85443.113,145.483,1578.779,-2.8954,0.000036
101799.923,85442.869,145.487,1579.779,-2.8954,0.000025
101798.953,85442.625,145.491,1580.779,-2.8954,0.000015
101797.984,85442.382,145.494,1581.779,-2.8954,0.000005
101797.014,85442.138,145.498,1582.779,-2.8954,-0.000005
101796.044,85441.894,145.502,1583.779,-2.8954,-0.000015
101795.075,85441.651,145.505,1584.779,-2.8954,-0.000025
101794.105,85441.407,145.509,1585.778,-2.8953,-0.000031
101793.135,85441.163,145.512,1586.778,-2.8953,-0.000021
101792.166,85440.919,145.515,1587.778,-2.8953,-0.000011
101791.196,85440.676,145.518,1588.778,-2.8953,-0.000001
101790.226,85440.432,145.522,1589.778,-2.8953,0.000009
101789.256,85440.188,145.525,1590.778,-2.8953,0.000018
101788.287,85439.944,145.528,1591.778,-2.8953,0.000028
101787.317,85439.701,145.531,1592.777,-2.8952,0.000038
101786.347,85439.457,145.534,1593.777,-2.8952,0.000048
101785.378,85439.213,145.537,1594.777,-2.8952,0.000058
101784.408,85438.969,145.540,1595.777,-2.8952,0.000055
101783.438,85438.725,145.542,1596.777,-2.8952,0.000047
101782.469,85438.481,145.545,1597.777,-2.8952,0.000039
101781.499,85438.237,145.547,1598.777,-2.8951,0.000030
101780.529,85437.993,145.549,1599.776,-2.8951,0.000022
101779.560,85437.749,145.552,1600.776,-2.8951,0.000014
101778.590,85437.505,145.554,1601.776,-2.8951,0.000006
101777.621,85437.261,145.557,1602.776,-2.8950,-0.000003
101776.651,85437.017,145.559,1603.776,-2.8950,-0.000011
101775.681,85436.773,145.562,1604.776,-2.8950,-0.000017
101774.712,85436.529,145.563,1605.776,-2.8950,-0.000013
101773.742,85436.285,145.565,1606.775,-2.8950,-0.000009
101772.772,85436.041,145.567,1607.775,-2.8950,-0.000005
101771.803,85435.797,145.569,1608.775,-2.8950,-0.000002
101770.833,85435.553,145.570,1609.775,-2.8950,0.000002
101769.864,85435.309,145.572,1610.775,-2.8950,0.000006
101768.894,85435.065,145.574,1611.775,-2.8950,0.000010
101767.924,85434.821,145.576,1612.775,-2.8950,0.000013
101766.955,85434.577,145.577,1613.774,-2.8950,0.000017
101765.985,85434.333,145.579,1614.774,-2.8950,0.000011
101765.016,85434.089,145.580,1615.774,-2.8951,0.000001
101764.046,85433.845,145.581,1616.774,-2.8951,-0.000008
101763.076,85433.601,145.582,1617.774,-2.8951,-0.000018
101762.107,85433.357,145.583,1618.774,-2.8951,-0.000028
101761.137,85433.113,145.584,1619.774,-2.8952,-0.000038
101760.167,85432.869,145.585,1620.773,-2.8952,-0.000048
101759.198,85432.625,145.586,1621.773,-2.8952,-0.000057
101758.228,85432.381,145.587,1622.773,-2.8953,-0.000067
101757.258,85432.137,145.588,1623.773,-2.8953,-0.000070
101756.289,85431.893,145.588,1624.773,-2.8952,-0.000048
101755.319,85431.649,145.589,1625.773,-2.8952,-0.000025
101754.349,85431.405,145.589,1626.773,-2.8952,-0.000002
101753.380,85431.162,145.590,1627.773,-2.8951,0.000021
101752.410,85430.918,145.590,1628.772,-2.8951,0.000044
101751.440,85430.674,145.590,1629.772,-2.8951,0.000067
101750.471,85430.430,145.591,1630.772,-2.8950,0.000089
101749.501,85430.186,145.591,1631.772,-2.8950,0.000112
101748.531,85429.943,145.591,1632.772,-2.8949,0.000135
101747.562,85429.698,145.591,1633.772,-2.8949,0.000109
101746.592,85429.454,145.591,1634.772,-2.8949,0.000061
101745.623,85429.210,145.591,1635.771,-2.8948,0.000014
101744.653,85428.966,145.591,1636.771,-2.8948,-0.000034
101743.683,85428.721,145.590,1637.771,-2.8947,-0.000032
101742.714,85428.477,145.590,1638.771,-2.8947,-0.000006
101741.744,85428.233,145.590,1639.771,-2.8947,0.000019
101740.775,85427.988,145.589,1640.771,-2.8947,0.000044
101739.805,85427.744,145.589,1641.771,-2.8947,0.000070
101738.836,85427.500,145.589,1642.770,-2.8946,0.000087
101737.866,85427.255,145.588,1643.770,-2.8946,0.000073
101736.897,85427.011,145.587,1644.770,-2.8946,0.000058
101735.927,85426.766,145.586,1645.770,-2.8946,0.000044
101734.958,85426.521,145.585,1646.770,-2.8946,0.000030
101733.988,85426.277,145.584,1647.770,-2.8945,0.000015
101733.019,85426.032,145.583,1648.770,-2.8945,0.000001
101732.049,85425.787,145.582,1649.769,-2.8945,-0.000013
101731.080,85425.543,145.581,1650.769,-2.8945,-0.000028
101730.110,85425.298,145.580,1651.769,-2.8944,-0.000042
101729.141,85425.054,145.579,1652.769,-2.8945,-0.000045
101728.171,85424.809,145.578,1653.769,-2.8945,-0.000044
101727.202,85424.565,145.576,1654.769,-2.8945,-0.000043
101726.232,85424.320,145.575,1655.769,-2.8946,-0.000041
101725.263,85424.076,145.573,1656.768,-2.8946,-0.000040
101724.293,85423.832,145.572,1657.768,-2.8947,-0.000039
101723.324,85423.587,145.570,1658.768,-2.8947,-0.000037
101722.354,85423.343,145.569,1659.768,-2.8947,-0.000036
101721.385,85423.098,145.567,1660.768,-2.8948,-0.000035
101720.415,85422.854,145.566,1661.768,-2.8948,-0.000033
101719.446,85422.610,145.563,1662.768,-2.8948,-0.000028
101718.476,85422.366,145.561,1663.768,-2.8948,-0.000023
101717.506,85422.121,145.559,1664.767,-2.8948,-0.000018
101716.537,85421.877,145.557,1665.767,-2.8949,-0.000012
101715.567,85421.633,145.555,1666.767,-2.8949,-0.000007
101714.598,85421.389,145.553,1667.767,-2.8949,-0.000002
101713.628,85421.145,145.551,1668.767,-2.8949,0.000003
101712.658,85420.901,145.549,1669.767,-2.8949,0.000008
101711.689,85420.656,145.547,1670.767,-2.8949,0.000013
101710.719,85420.412,145.545,1671.766,-2.8950,0.000001
101709.750,85420.168,145.542,1672.766,-2.8950,-0.000017
101708.780,85419.925,145.540,1673.766,-2.8951,-0.000036
101707.810,85419.681,145.537,1674.766,-2.8952,-0.000055
101706.841,85419.437,145.535,1675.766,-2.8953,-0.000074
101705.871,85419.193,145.532,1676.766,-2.8953,-0.000093
101704.901,85418.949,145.530,1677.766,-2.8954,-0.000112
101703.932,85418.705,145.527,1678.765,-2.8955,-0.000131
101702.962,85418.461,145.525,1679.765,-2.8956,-0.000149
101701.992,85418.217,145.522,1680.765,-2.8956,-0.000160
101701.023,85417.974,145.519,1681.765,-2.8957,-0.000133
101700.053,85417.731,145.516,1682.765,-2.8957,-0.000107
101699.083,85417.488,145.513,1683.765,-2.8957,-0.000081
101698.113,85417.245,145.510,1684.765,-2.8958,-0.000055
101697.143,85417.002,145.508,1685.764,-2.8958,-0.000028
101696.173,85416.758,145.505,1686.764,-2.8959,-0.000002
101695.203,85416.515,145.502,1687.764,-2.8959,0.000024
101694.234,85416.272,145.499,1688.764,-2.8959,0.000050
101693.264,85416.029,145.496,1689.764,-2.8960,0.000077
101692.294,85415.786,145.493,1690.764,-2.8960,0.000082
101691.324,85415.542,145.489,1691.764,-2.8959,0.000077
101690.354,85415.299,145.486,1692.763,-2.8958,0.000073
101689.385,85415.056,145.483,1693.763,-2.8958,0.000068
101688.415,85414.812,145.479,1694.763,-2.8957,0.000064
101687.445,85414.569,145.476,1695.763,-2.8956,0.000059
101686.475,85414.325,145.473,1696.763,-2.8956,0.000055
101685.505,85414.082,145.470,1697.763,-2.8955,0.000050
101684.536,85413.838,145.466,1698.763,-2.8954,0.000045
101683.566,85413.595,145.463,1699.762,-2.8954,0.000044
101682.596,85413.351,145.459,1700.762,-2.8953,0.000054
101681.627,85413.107,145.456,1701.762,-2.8952,0.000065
101680.657,85412.863,145.452,1702.762,-2.8951,0.000075
101679.687,85412.619,145.449,1703.762,-2.8950,0.000085
101678.718,85412.375,145.445,1704.762,-2.8949,0.000096
101677.748,85412.131,145.441,1705.762,-2.8948,0.000106
101676.779,85411.887,145.438,1706.762,-2.8947,0.000116
101675.809,85411.643,145.434,1707.761,-2.8946,0.000127
101674.839,85411.399,145.431,1708.761,-2.8946,0.000137
101673.870,85411.154,145.427,1709.761,-2.8946,0.000115
101672.900,85410.910,145.423,1710.761,-2.8946,0.000077
101671.931,85410.665,145.419,1711.761,-2.8946,0.000040
101670.961,85410.420,145.415,1712.761,-2.8947,0.000002
101669.992,85410.176,145.411,1713.761,-2.8947,-0.000035
101669.022,85409.931,145.408,1714.760,-2.8947,-0.000073
101668.053,85409.686,145.404,1715.760,-2.8948,-0.000110
101667.083,85409.442,145.400,1716.760,-2.8948,-0.000147
101666.114,85409.197,145.396,1717.760,-2.8949,-0.000185
101665.144,85408.953,145.392,1718.760,-2.8949,-0.000210
101664.175,85408.709,145.388,1719.760,-2.8950,-0.000179
101663.205,85408.466,145.384,1720.760,-2.8950,-0.000149
101662.235,85408.222,145.380,1721.759,-2.8951,-0.000119
101661.266,85407.978,145.376,1722.759,-2.8952,-0.000088
101660.296,85407.735,145.372,1723.759,-2.8953,-0.000058
101659.326,85407.491,145.368,1724.759,-2.8953,-0.000028
101658.356,85407.247,145.364,1725.759,-2.8954,0.000003
101657.387,85407.004,145.360,1726.759,-2.8955,0.000033
101656.417,85406.760,145.356,1727.759,-2.8955,0.000063
101655.447,85406.517,145.351,1728.758,-2.8955,0.000066
101654.477,85406.273,145.347,1729.758,-2.8955,0.000056
101653.508,85406.029,145.343,1730.758,-2.8954,0.000046
101652.538,85405.786,145.339,1731.758,-2.8954,0.000037
101651.568,85405.542,145.335,1732.758,-2.8954,0.000008
101650.599,85405.298,145.330,1733.758,-2.8955,-0.000030
101649.629,85405.055,145.326,1734.758,-2.8955,-0.000068
101648.659,85404.811,145.322,1735.757,-2.8956,-0.000106
101647.689,85404.567,145.318,1736.757,-2.8957,-0.000144
101646.720,85404.324,145.313,1737.757,-2.8957,-0.000169
101645.750,85404.081,145.309,1738.757,-2.8957,-0.000133
101644.780,85403.838,145.305,1739.757,-2.8958,-0.000098
101643.810,85403.595,145.301,1740.757,-2.8958,-0.000062
101642.840,85403.352,145.296,1741.757,-2.8958,-0.000027
101641.870,85403.109,145.292,1742.757,-2.8958,0.000009
101640.900,85402.866,145.288,1743.756,-2.8958,0.000044
101639.931,85402.623,145.283,1744.756,-2.8958,0.000080
101638.961,85402.380,145.279,1745.756,-2.8958,0.000116
101637.991,85402.136,145.275,1746.756,-2.8958,0.000151
101637.021,85401.893,145.271,1747.756,-2.8958,0.000146
101636.051,85401.649,145.266,1748.756,-2.8957,0.000121
101635.082,85401.406,145.262,1749.756,-2.8957,0.000097
101634.112,85401.162,145.258,1750.755,-2.8956,0.000072
101633.142,85400.918,145.253,1751.755,-2.8956,0.000048
101632.172,85400.675,145.249,1752.755,-2.8955,0.000024
101631.203,85400.431,145.245,1753.755,-2.8955,-0.000001
101630.233,85400.187,145.240,1754.755,-2.8955,-0.000025
101629.263,85399.944,145.236,1755.755,-2.8954,-0.000050
101628.294,85399.700,145.232,1756.755,-2.8954,-0.000068
101627.324,85399.456,145.228,1757.754,-2.8954,-0.000061
101626.354,85399.213,145.223,1758.754,-2.8954,-0.000054
101625.384,85398.969,145.219,1759.754,-2.8955,-0.000047
101624.415,85398.726,145.215,1760.754,-2.8955,-0.000039
101623.445,85398.482,145.211,1761.754,-2.8956,-0.000032
101622.475,85398.239,145.207,1762.754,-2.8956,-0.000025
101621.505,85397.995,145.202,1763.754,-2.8956,-0.000018
101620.536,85397.752,145.198,1764.753,-2.8957,-0.000011
101619.566,85397.508,145.194,1765.753,-2.8957,-0.000004
101618.596,85397.265,145.190,1766.753,-2.8957,0.000003
101617.626,85397.022,145.186,1767.753,-2.8957,0.000008
101616.657,85396.778,145.182,1768.753,-2.8956,0.000014
101615.687,85396.535,145.178,1769.753,-2.8956,0.000019
101614.717,85396.291,145.174,1770.753,-2.8956,0.000025
101613.747,85396.048,145.170,1771.752,-2.8956,0.000030
101612.777,85395.804,145.166,1772.752,-2.8955,0.000036
101611.808,85395.561,145.162,1773.752,-2.8955,0.000041
101610.838,85395.317,145.157,1774.752,-2.8955,0.000047
101609.868,85395.074,145.153,1775.752,-2.8955,0.000050
101608.898,85394.830,145.150,1776.752,-2.8955,0.000040
101607.929,85394.586,145.146,1777.752,-2.8955,0.000030
101606.959,85394.343,145.142,1778.752,-2.8954,0.000020
101605.989,85394.099,145.138,1779.751,-2.8954,0.000011
101605.020,85393.855,145.135,1780.751,-2.8954,0.000001
101604.050,85393.612,145.131,1781.751,-2.8954,-0.000009
101603.080,85393.368,145.127,1782.751,-2.8954,-0.000019
101602.111,85393.124,145.123,1783.751,-2.8954,-0.000028
101601.141,85392.880,145.119,1784.751,-2.8954,-0.000038
101600.171,85392.637,145.116,1785.751,-2.8954,-0.000038
101599.201,85392.393,145.112,1786.750,-2.8955,-0.000034
101598.232,85392.150,145.109,1787.750,-2.8955,-0.000029
101597.262,85391.906,145.106,1788.750,-2.8955,-0.000025
101596.292,85391.663,145.102,1789.750,-2.8955,-0.000020
101595.322,85391.419,145.099,1790.750,-2.8955,-0.000016
101594.353,85391.176,145.095,1791.750,-2.8956,-0.000012
101593.383,85390.932,145.092,1792.750,-2.8956,-0.000007
101592.413,85390.688,145.088,1793.749,-2.8956,-0.000003
101591.443,85390.445,145.085,1794.749,-2.8956,0.000001
101590.474,85390.201,145.082,1795.749,-2.8956,0.000002
101589.504,85389.958,145.079,1796.749,-2.8956,0.000003
101588.534,85389.714,145.076,1797.749,-2.8956,0.000004
101587.564,85389.471,145.073,1798.749,-2.8956,0.000004
101586.595,85389.227,145.070,1799.749,-2.8956,0.000005
101585.625,85388.984,145.067,1800.748,-2.8956,0.000006
101584.655,85388.741,145.064,1801.748,-2.8956,0.000007
101583.685,85388.497,145.061,1802.748,-2.8956,0.000008
101582.716,85388.254,145.058,1803.748,-2.8956,0.000008
101581.746,85388.010,145.056,1804.748,-2.8956,0.000004
101580.776,85387.767,145.053,1805.748,-2.8956,-0.000003
101579.806,85387.523,145.051,1806.748,-2.8956,-0.000010
101578.836,85387.280,145.048,1807.747,-2.8957,-0.000017
101577.867,85387.036,145.046,1808.747,-2.8957,-0.000024
101576.897,85386.793,145.043,1809.747,-2.8957,-0.000031
101575.927,85386.549,145.041,1810.747,-2.8957,-0.000038
101574.957,85386.306,145.038,1811.747,-2.8958,-0.000045
101573.988,85386.062,145.036,1812.747,-2.8958,-0.000052
101573.018,85385.819,145.033,1813.747,-2.8958,-0.000050
101572.048,85385.575,145.031,1814.746,-2.8956,-0.000007
101571.078,85385.331,145.029,1815.746,-2.8954,0.000036
101570.109,85385.088,145.027,1816.746,-2.8952,0.000079
101569.139,85384.844,145.026,1817.746,-2.8950,0.000121
101568.169,85384.600,145.024,1818.746,-2.8948,0.000164
101567.200,85384.356,145.022,1819.746,-2.8946,0.000207
101566.230,85384.112,145.020,1820.746,-2.8944,0.000250
101565.260,85383.869,145.018,1821.746,-2.8942,0.000293
101564.291,85383.625,145.016,1822.745,-2.8940,0.000336
101563.321,85383.380,145.015,1823.745,-2.8939,0.000153
101562.352,85383.135,145.013,1824.745,-2.8938,0.000052
101561.383,85382.890,145.012,1825.745,-2.8938,0.000053
101560.413,85382.645,145.011,1826.745,-2.8938,0.000053
101559.444,85382.399,145.009,1827.745,-2.8938,0.000053
101558.475,85382.154,145.008,1828.745,-2.8938,0.000054
101557.505,85381.909,145.007,1829.744,-2.8937,0.000054
101556.536,85381.664,145.006,1830.744,-2.8937,0.000054
101555.567,85381.419,145.004,1831.744,-2.8937,0.000055
101554.597,85381.173,145.003,1832.744,-2.8937,0.000053
101553.628,85380.928,145.003,1833.744,-2.8937,0.000042
101552.659,85380.683,145.002,1834.744,-2.8937,0.000032
101551.689,85380.437,145.002,1835.744,-2.8937,0.000021
101550.720,85380.192,145.001,1836.743,-2.8937,0.000010
101549.751,85379.946,145.000,1837.743,-2.8937,-0.000001
101548.782,85379.701,145.000,1838.743,-2.8937,-0.000011
101547.812,85379.455,144.999,1839.743,-2.8937,-0.000022
101546.843,85379.210,144.999,1840.743,-2.8937,-0.000033
101545.874,85378.965,144.998,1841.743,-2.8937,-0.000044
101544.904,85378.719,144.998,1842.743,-2.8937,-0.000053
101543.935,85378.474,144.998,1843.742,-2.8938,-0.000062
101542.966,85378.229,144.998,1844.742,-2.8939,-0.000071
101541.996,85377.984,144.998,1845.742,-2.8940,-0.000080
101541.027,85377.739,144.998,1846.742,-2.8941,-0.000089
101540.058,85377.494,144.999,1847.742,-2.8942,-0.000098
101539.088,85377.249,144.999,1848.742,-2.8943,-0.000106
101538.119,85377.004,144.999,1849.742,-2.8943,-0.000115
101537.149,85376.759,144.999,1850.741,-2.8944,-0.000124
101536.180,85376.514,144.999,1851.741,-2.8945,-0.000129
101535.210,85376.270,145.000,1852.741,-2.8946,-0.000117
101534.241,85376.026,145.001,1853.741,-2.8947,-0.000105
101533.271,85375.782,145.002,1854.741,-2.8947,-0.000093
101532.302,85375.538,145.003,1855.741,-2.8948,-0.000081
101531.332,85375.294,145.004,1856.741,-2.8949,-0.000069
101530.362,85375.050,145.004,1857.741,-2.8950,-0.000057
101529.393,85374.806,145.005,1858.740,-2.8950,-0.000045
101528.423,85374.562,145.006,1859.740,-2.8951,-0.000033
101527.454,85374.317,145.007,1860.740,-2.8952,-0.000021
101526.484,85374.074,145.008,1861.740,-2.8953,-0.000025
101525.514,85373.830,145.010,1862.740,-2.8953,-0.000037
101524.544,85373.586,145.011,1863.740,-2.8954,-0.000048
101523.575,85373.343,145.013,1864.740,-2.8955,-0.000060
101522.605,85373.099,145.015,1865.739,-2.8956,-0.000071
101521.635,85372.856,145.016,1866.739,-2.8956,-0.000083
101520.666,85372.612,145.018,1867.739,-2.8957,-0.000094
101519.696,85372.368,145.019,1868.739,-2.8958,-0.000106
101518.726,85372.125,145.021,1869.739,-2.8958,-0.000117
101517.756,85371.881,145.023,1870.739,-2.8959,-0.000121
101516.786,85371.638,145.025,1871.739,-2.8958,-0.000083
101515.817,85371.395,145.027,1872.738,-2.8958,-0.000046
101514.847,85371.152,145.029,1873.738,-2.8957,-0.000008
101513.877,85370.909,145.031,1874.738,-2.8957,0.000029
101512.907,85370.665,145.034,1875.738,-2.8956,0.000067
101511.937,85370.422,145.036,1876.738,-2.8956,0.000104
101510.967,85370.179,145.038,1877.738,-2.8955,0.000142
101509.998,85369.936,145.040,1878.738,-2.8955,0.000179
101509.028,85369.693,145.042,1879.737,-2.8954,0.000217
101508.058,85369.449,145.045,1880.737,-2.8953,0.000214
101507.089,85369.205,145.048,1881.737,-2.8952,0.000190
101506.119,85368.960,145.051,1882.737,-2.8951,0.000166
101505.149,85368.716,145.053,1883.737,-2.8950,0.000143
101504.180,85368.471,145.056,1884.737,-2.8949,0.000119
101503.210,85368.227,145.059,1885.737,-2.8948,0.000095
101502.241,85367.983,145.062,1886.736,-2.8946,0.000072
101501.271,85367.738,145.064,1887.736,-2.8945,0.000048
101500.302,85367.494,145.067,1888.736,-2.8944,0.000024
101499.332,85367.250,145.070,1889.736,-2.8944,-0.000024
101498.362,85367.007,145.073,1890.736,-2.8951,-0.000199
101497.393,85366.763,145.076,1891.736,-2.8957,-0.000374
101496.423,85366.520,145.080,1892.736,-2.8964,-0.000548
101495.453,85366.277,145.083,1893.735,-2.8970,-0.000723
101494.483,85366.034,145.086,1894.735,-2.8977,-0.000898
101493.513,85365.791,145.089,1895.735,-2.8983,-0.001072
101492.543,85365.548,145.092,1896.735,-2.8990,-0.001247
101491.572,85365.309,145.095,1897.735,-2.9003,-0.001412
101490.601,85365.072,145.099,1898.735,-2.9020,-0.001573
101489.630,85364.835,145.102,1899.735,-2.9036,-0.001733
101488.658,85364.599,145.105,1900.735,-2.9053,-0.001893
101487.686,85364.363,145.109,1901.734,-2.9070,-0.002027
101486.713,85364.135,145.112,1902.734,-2.9090,-0.002021
101485.740,85363.906,145.116,1903.734,-2.9110,-0.002014
101484.766,85363.677,145.119,1904.734,-2.9130,-0.002008
101483.793,85363.450,145.123,1905.734,-2.9151,-0.002015
101482.817,85363.229,145.126,1906.734,-2.9172,-0.002088
101481.842,85363.008,145.129,1907.734,-2.9194,-0.002161
101480.867,85362.787,145.133,1908.733,-2.9215,-0.002234
101479.892,85362.568,145.136,1909.733,-2.9237,-0.002312
101478.915,85362.355,145.140,1910.733,-2.9262,-0.002417
101477.938,85362.143,145.143,1911.733,-2.9287,-0.002522
101476.961,85361.931,145.147,1912.733,-2.9311,-0.002627
101475.982,85361.724,145.150,1913.733,-2.9337,-0.002645
101475.003,85361.521,145.153,1914.733,-2.9364,-0.002619
101474.024,85361.317,145.157,1915.732,-2.9391,-0.002594
101473.045,85361.115,145.160,1916.732,-2.9418,-0.002647
101472.064,85360.921,145.164,1917.732,-2.9451,-0.003116
101471.083,85360.728,145.167,1918.732,-2.9485,-0.003585
101470.102,85360.534,145.170,1919.732,-2.9518,-0.004054
101469.120,85360.347,145.174,1920.732,-2.9539,-0.003868
101468.137,85360.164,145.177,1921.732,-2.9554,-0.003344
101467.154,85359.981,145.180,1922.731,-2.9569,-0.002821
101466.171,85359.799,145.183,1923.731,-2.9599,-0.003571
101465.186,85359.627,145.186,1924.731,-2.9652,-0.003454
101464.201,85359.455,145.189,1925.731,-2.9705,-0.003338
101463.216,85359.285,145.193,1926.731,-2.9756,-0.003324
101462.229,85359.125,145.196,1927.731,-2.9798,-0.003848
101461.242,85358.965,145.199,1928.731,-2.9840,-0.004373
101460.255,85358.807,145.201,1929.730,-2.9883,-0.004846
101459.266,85358.659,145.204,1930.730,-2.9933,-0.005045
101458.277,85358.512,145.207,1931.730,-2.9983,-0.005244
101457.287,85358.373,145.210,1932.730,-3.0035,-0.005376
101456.296,85358.238,145.213,1933.730,-3.0090,-0.005472
101455.305,85358.106,145.215,1934.730,-3.0144,-0.005551
101454.312,85357.985,145.218,1935.730,-3.0200,-0.005541
101453.320,85357.865,145.220,1936.729,-3.0255,-0.005531
101452.326,85357.753,145.223,1937.729,-3.0310,-0.005473
101451.332,85357.646,145.225,1938.729,-3.0364,-0.005391
101450.338,85357.540,145.228,1939.729,-3.0418,-0.005298
101449.342,85357.446,145.230,1940.729,-3.0469,-0.005147
101448.347,85357.352,145.232,1941.729,-3.0520,-0.004996
101447.351,85357.267,145.234,1942.729,-3.0569,-0.004811
101446.354,85357.185,145.236,1943.728,-3.0616,-0.004609
101445.358,85357.105,145.238,1944.728,-3.0662,-0.004415
101444.360,85357.035,145.240,1945.728,-3.0704,-0.004265
101443.363,85356.966,145.242,1946.728,-3.0746,-0.004116
101442.365,85356.898,145.244,1947.728,-3.0788,-0.003985
101441.367,85356.841,145.245,1948.728,-3.0827,-0.003955
101440.369,85356.783,145.247,1949.728,-3.0867,-0.003925
101439.370,85356.728,145.248,1950.727,-3.0906,-0.003907
101438.372,85356.682,145.250,1951.727,-3.0946,-0.003951
101437.373,85356.636,145.251,1952.727,-3.0985,-0.003995
101436.374,85356.592,145.252,1953.727,-3.1025,-0.004034
101435.375,85356.559,145.253,1954.727,-3.1066,-0.004045
101434.375,85356.525,145.255,1955.727,-3.1106,-0.004057
101433.376,85356.493,145.256,1956.727,-3.1147,-0.004062
101432.376,85356.472,145.257,1957.726,-3.1187,-0.004038
101431.377,85356.451,145.258,1958.726,-3.1227,-0.004014
101430.377,85356.431,145.258,1959.726,-3.1267,-0.003987
101429.377,85356.421,145.259,1960.726,-3.1307,-0.003948
101428.377,85356.412,145.260,1961.726,-3.1346,-0.003909
101427.378,85356.404,145.261,1962.726,-3.1385,-0.003866
101426.378,85356.406,145.261,1963.726,3.1409,-0.003795
101425.378,85356.408,145.261,1964.725,3.1372,-0.003724
101424.378,85356.412,145.262,1965.725,3.1335,-0.003626
101423.378,85356.425,145.262,1966.725,3.1301,-0.003377
101422.378,85356.438,145.263,1967.725,3.1268,-0.003129
101421.379,85356.452,145.263,1968.725,3.1234,-0.002942
101420.379,85356.475,145.263,1969.725,3.1194,-0.003096
101419.380,85356.499,145.263,1970.725,3.1154,-0.003250
101418.380,85356.522,145.263,1971.724,3.1115,-0.003403
101417.381,85356.552,145.319,1972.724,3.1088,-0.001716
101416.381,85356.586,145.346,1973.724,3.1074,-0.000803
101415.382,85356.619,145.310,1974.724,3.1065,-0.001727
101414.383,85356.653,145.275,1975.724,3.1057,-0.002652
101413.384,85356.692,145.262,1976.724,3.1039,-0.002721
101412.385,85356.734,145.262,1977.724,3.1016,-0.002334
101411.386,85356.776,145.261,1978.723,3.0993,-0.001948
101410.387,85356.819,145.261,1979.723,3.0970,-0.001562
101409.388,85356.862,145.261,1980.723,3.0949,-0.001211
101408.389,85356.912,145.260,1981.723,3.0943,-0.001059
101407.391,85356.961,145.259,1982.723,3.0937,-0.000908
101406.392,85357.011,145.259,1983.723,3.0931,-0.000756
101405.393,85357.060,145.258,1984.723,3.0924,-0.000604
101404.395,85357.110,145.257,1985.722,3.0918,-0.000453
101403.396,85357.159,145.257,1986.722,3.0912,-0.000301
101402.397,85357.209,145.256,1987.722,3.0906,-0.000149
101401.399,85357.260,145.255,1988.722,3.0903,-0.000093
101400.400,85357.311,145.254,1989.722,3.0902,-0.000087
101399.402,85357.363,145.253,1990.722,3.0902,-0.000082
101398.403,85357.414,145.252,1991.722,3.0901,-0.000076
101397.405,85357.466,145.251,1992.721,3.0900,-0.000071
101396.406,85357.518,145.250,1993.721,3.0899,-0.000065
101395.408,85357.569,145.249,1994.721,3.0899,-0.000060
101394.409,85357.621,145.248,1995.721,3.0898,-0.000054
101393.411,85357.672,145.247,1996.721,3.0897,-0.000049
101392.412,85357.724,145.246,1997.721,3.0897,-0.000041
101391.414,85357.776,145.245,1998.721,3.0897,-0.000023
101390.415,85357.828,145.244,1999.720,3.0897,-0.000005
101389.416,85357.880,145.242,2000.720,3.0898,0.000013
101388.418,85357.932,145.241,2001.720,3.0898,0.000031
101387.419,85357.983,145.240,2002.720,3.0899,0.000049
101386.421,85358.035,145.239,2003.720,3.0899,0.000067
101385.422,85358.087,145.237,2004.720,3.0899,0.000086
101384.424,85358.139,145.236,2005.720,3.0900,0.000104
101383.425,85358.191,145.235,2006.720,3.0900,0.000122
101382.427,85358.242,145.233,2007.719,3.0901,0.000130
101381.428,85358.293,145.232,2008.719,3.0903,0.000133
101380.430,85358.344,145.231,2009.719,3.0904,0.000136
101379.431,85358.395,145.229,2010.719,3.0906,0.000139
101378.433,85358.445,145.228,2011.719,3.0907,0.000142
101377.434,85358.496,145.226,2012.719,3.0909,0.000145
101376.435,85358.547,145.225,2013.719,3.0910,0.000148
101375.437,85358.598,145.223,2014.718,3.0912,0.000151
101374.438,85358.649,145.222,2015.718,3.0913,0.000154
101373.440,85358.699,145.220,2016.718,3.0914,0.000147
101372.441,85358.749,145.219,2017.718,3.0915,0.000080
101371.443,85358.799,145.217,2018.718,3.0915,0.000013
101370.444,85358.849,145.215,2019.718,3.0916,-0.000053
101369.445,85358.899,145.214,2020.718,3.0916,-0.000052
101368.447,85358.949,145.212,2021.717,3.0917,-0.000006
101367.448,85358.999,145.210,2022.717,3.0917,0.000041
101366.449,85359.049,145.209,2023.717,3.0918,0.000088
101365.451,85359.099,145.207,2024.717,3.0918,0.000134
101364.452,85359.149,145.205,2025.717,3.0919,0.000181
101363.454,85359.199,145.204,2026.717,3.0918,0.000149
101362.455,85359.249,145.202,2027.717,3.0916,0.000073
101361.456,85359.299,145.200,2028.716,3.0915,-0.000003
101360.458,85359.349,145.199,2029.716,3.0913,-0.000078
101359.459,85359.399,145.197,2030.716,3.0912,-0.000154
101358.461,85359.448,145.195,2031.716,3.0910,-0.000230
101357.462,85359.498,145.193,2032.716,3.0908,-0.000305
101356.463,85359.548,145.191,2033.716,3.0907,-0.000381
101355.465,85359.598,145.190,2034.716,3.0905,-0.000457
101354.466,85359.648,145.188,2035.715,3.0903,-0.000514
101353.468,85359.701,145.186,2036.715,3.0901,-0.000462
101352.469,85359.754,145.184,2037.715,3.0898,-0.000409
101351.471,85359.807,145.182,2038.715,3.0895,-0.000357
101350.472,85359.860,145.181,2039.715,3.0892,-0.000304
101349.474,85359.913,145.179,2040.715,3.0890,-0.000252
101348.475,85359.966,145.177,2041.715,3.0887,-0.000199
101347.477,85360.018,145.175,2042.714,3.0884,-0.000147
101346.478,85360.071,145.173,2043.714,3.0882,-0.000094
101345.480,85360.124,145.171,2044.714,3.0879,-0.000042
101344.482,85360.178,145.170,2045.714,3.0877,-0.000047
101343.483,85360.232,145.168,2046.714,3.0875,-0.000084
101342.485,85360.287,145.166,2047.714,3.0873,-0.000121
101341.486,85360.341,145.164,2048.714,3.0871,-0.000158
101340.488,85360.396,145.162,2049.714,3.0869,-0.000195
101339.490,85360.450,145.160,2050.713,3.0867,-0.000232
101338.491,85360.505,145.158,2051.713,3.0865,-0.000269
101337.493,85360.559,145.156,2052.713,3.0863,-0.000305
101336.494,85360.614,145.154,2053.713,3.0861,-0.000342
101335.496,85360.668,145.152,2054.713,3.0858,-0.000382
101334.498,85360.726,145.150,2055.713,3.0852,-0.000441
101333.500,85360.784,145.148,2056.713,3.0846,-0.000500
101332.502,85360.841,145.147,2057.712,3.0840,-0.000559
101331.503,85360.899,145.145,2058.712,3.0834,-0.000618
101330.505,85360.956,145.143,2059.712,3.0828,-0.000676
101329.507,85361.014,145.141,2060.712,3.0823,-0.000735
101328.509,85361.072,145.139,2061.712,3.0817,-0.000794
101327.511,85361.133,145.137,2062.712,3.0808,-0.000856
101326.513,85361.196,145.135,2063.712,3.0798,-0.000919
101325.515,85361.258,145.133,2064.711,3.0788,-0.000982
101324.517,85361.321,145.131,2065.711,3.0778,-0.001046
101323.519,85361.384,145.129,2066.711,3.0768,-0.001109
101322.521,85361.447,145.127,2067.711,3.0758,-0.001173
101321.524,85361.514,145.125,2068.711,3.0746,-0.001229
101320.526,85361.584,145.123,2069.711,3.0732,-0.001281
101319.529,85361.653,145.121,2070.711,3.0719,-0.001333
101318.531,85361.722,145.119,2071.710,3.0706,-0.001385
101317.534,85361.792,145.117,2072.710,3.0693,-0.001437
101316.537,85361.865,145.115,2073.710,3.0679,-0.001451
101315.540,85361.942,145.113,2074.710,3.0664,-0.001444
101314.543,85362.018,145.111,2075.710,3.0650,-0.001437
101313.546,85362.094,145.109,2076.710,3.0636,-0.001430
101312.549,85362.171,145.107,2077.710,3.0621,-0.001423
101311.552,85362.252,145.105,2078.709,3.0608,-0.001391
101310.556,85362.335,145.103,2079.709,3.0595,-0.001344
101309.560,85362.419,145.101,2080.709,3.0582,-0.001298
101308.563,85362.502,145.099,2081.709,3.0569,-0.001251
101307.567,85362.586,145.097,2082.709,3.0556,-0.001205
101306.571,85362.670,145.095,2083.709,3.0544,-0.001150
101305.575,85362.760,145.093,2084.709,3.0536,-0.001045
101304.579,85362.850,145.091,2085.708,3.0527,-0.000940
101303.583,85362.940,145.089,2086.708,3.0519,-0.000835
101302.588,85363.030,145.087,2087.708,3.0511,-0.000730
101301.592,85363.120,145.085,2088.708,3.0503,-0.000625
101300.596,85363.210,145.083,2089.708,3.0494,-0.000520
101299.600,85363.303,145.081,2090.708,3.0489,-0.000457
101298.605,85363.397,145.079,2091.708,3.0486,-0.000417
101297.609,85363.491,145.077,2092.708,3.0484,-0.000378
101296.614,85363.585,145.075,2093.707,3.0481,-0.000338
101295.619,85363.679,145.073,2094.707,3.0478,-0.000299
101294.623,85363.773,145.071,2095.707,3.0475,-0.000260
101293.628,85363.867,145.069,2096.707,3.0472,-0.000220
101292.632,85363.961,145.067,2097.707,3.0469,-0.000181
101291.637,85364.055,145.065,2098.707,3.0466,-0.000141
101290.641,85364.149,145.063,2099.707,3.0463,-0.000112
101289.646,85364.245,145.061,2100.706,3.0460,-0.000148
101288.651,85364.342,145.059,2101.706,3.0458,-0.000184
101287.656,85364.438,145.057,2102.706,3.0455,-0.000220
101286.661,85364.534,145.055,2103.706,3.0452,-0.000256
101285.665,85364.630,145.053,2104.706,3.0450,-0.000292
101284.670,85364.726,145.052,2105.706,3.0447,-0.000328
101283.675,85364.822,145.050,2106.706,3.0445,-0.000364
101282.680,85364.918,145.048,2107.705,3.0442,-0.000400
101281.684,85365.014,145.046,2108.705,3.0439,-0.000436
101280.689,85365.113,145.044,2109.705,3.0431,-0.000579
101279.695,85365.214,145.042,2110.705,3.0418,-0.000783
101278.700,85365.315,145.041,2111.705,3.0406,-0.000987
101277.705,85365.415,145.039,2112.705,3.0394,-0.001191
101276.710,85365.516,145.037,2113.705,3.0382,-0.001395
101275.716,85365.617,145.035,2114.704,3.0369,-0.001599
101274.721,85365.718,145.034,2115.704,3.0358,-0.001710
101273.727,85365.826,145.032,2116.704,3.0354,-0.001217
101272.733,85365.933,145.031,2117.704,3.0349,-0.000723
101271.739,85366.041,145.029,2118.704,3.0344,-0.000229
101270.745,85366.148,145.027,2119.704,3.0334,-0.001189
101269.751,85366.256,145.026,2120.704,3.0316,-0.002918
101268.758,85366.373,145.024,2121.703,3.0286,-0.002766
101267.764,85366.489,145.023,2122.703,3.0256,-0.002614
101266.771,85366.605,145.022,2123.703,3.0226,-0.002462
101265.778,85366.722,145.020,2124.703,3.0196,-0.002360
101264.786,85366.848,145.019,2125.703,3.0169,-0.002590
101263.795,85366.974,145.018,2126.703,3.0142,-0.002821
101262.803,85367.099,145.016,2127.703,3.0114,-0.003051
101261.812,85367.232,145.015,2128.702,3.0084,-0.003161
101260.821,85367.368,145.014,2129.702,3.0052,-0.003201
101259.831,85367.504,145.013,2130.702,3.0020,-0.003241
101258.840,85367.642,145.012,2131.702,2.9988,-0.003270
101257.851,85367.790,145.011,2132.702,2.9956,-0.003230
101256.862,85367.937,145.010,2133.702,2.9924,-0.003190
101255.873,85368.084,145.009,2134.702,2.9892,-0.003151
101254.886,85368.239,145.008,2135.701,2.9860,-0.003143
101253.898,85368.397,145.008,2136.701,2.9828,-0.003153
101252.911,85368.556,145.007,2137.701,2.9797,-0.003163
101251.924,85368.716,145.006,2138.701,2.9765,-0.003173
101250.939,85368.885,145.006,2139.701,2.9733,-0.003180
101249.953,85369.054,145.005,2140.701,2.9702,-0.003188
101248.968,85369.224,145.005,2141.701,2.9670,-0.003195
101247.984,85369.400,145.004,2142.700,2.9639,-0.003152
101247.000,85369.580,145.004,2143.700,2.9608,-0.003081
101246.017,85369.760,145.004,2144.700,2.9577,-0.003009
101245.033,85369.942,145.003,2145.700,2.9547,-0.002932
101244.052,85370.132,145.003,2146.700,2.9520,-0.002814
101243.070,85370.322,145.003,2147.700,2.9492,-0.002696
101242.089,85370.513,145.003,2148.700,2.9465,-0.002577
101241.108,85370.709,145.003,2149.699,2.9440,-0.002446
101240.128,85370.908,145.004,2150.699,2.9418,-0.002306
101239.149,85371.108,145.004,2151.699,2.9395,-0.002167
101238.169,85371.307,145.004,2152.699,2.9373,-0.002027
101237.190,85371.512,145.005,2153.699,2.9357,-0.001795
101236.212,85371.719,145.005,2154.699,2.9345,-0.001508
101235.234,85371.927,145.006,2155.699,2.9333,-0.001221
101234.256,85372.134,145.006,2156.699,2.9321,-0.000934
101233.278,85372.342,145.007,2157.698,2.9309,-0.000647
101232.300,85372.550,145.008,2158.698,2.9298,-0.000399
101231.323,85372.762,145.009,2159.698,2.9294,-0.000416
101230.346,85372.975,145.010,2160.698,2.9289,-0.000432
101229.369,85373.187,145.012,2161.698,2.9284,-0.000449
101228.392,85373.399,145.013,2162.698,2.9279,-0.000466
101227.415,85373.611,145.014,2163.698,2.9275,-0.000482
101226.437,85373.823,145.016,2164.697,2.9270,-0.000499
101225.460,85374.035,145.017,2165.697,2.9265,-0.000516
101224.483,85374.247,145.018,2166.697,2.9261,-0.000532
101223.506,85374.459,145.020,2167.697,2.9256,-0.000549
101222.530,85374.674,145.022,2168.697,2.9250,-0.000562
101221.554,85374.891,145.024,2169.697,2.9244,-0.000574
101220.577,85375.108,145.026,2170.697,2.9238,-0.000586
101219.601,85375.324,145.028,2171.696,2.9232,-0.000597
101218.625,85375.541,145.030,2172.696,2.9226,-0.000609
101217.649,85375.757,145.033,2173.696,2.9220,-0.000620
101216.673,85375.974,145.035,2174.696,2.9214,-0.000632
101215.697,85376.191,145.037,2175.696,2.9208,-0.000651
101214.722,85376.413,145.040,2176.696,2.9200,-0.000719
101213.747,85376.634,145.043,2177.696,2.9191,-0.000787
101212.772,85376.855,145.046,2178.695,2.9182,-0.000855
101211.797,85377.077,145.049,2179.695,2.9174,-0.000923
101210.822,85377.298,145.052,2180.695,2.9165,-0.000991
101209.847,85377.519,145.055,2181.695,2.9156,-0.001059
101208.872,85377.744,145.058,2182.695,2.9146,-0.001083
101207.899,85377.972,145.062,2183.695,2.9136,-0.001082
101206.925,85378.199,145.066,2184.695,2.9125,-0.001081
101205.951,85378.426,145.069,2185.694,2.9114,-0.001080
101204.978,85378.653,145.073,2186.694,2.9103,-0.001079
101204.004,85378.881,145.077,2187.694,2.9093,-0.001072
101203.032,85379.114,145.081,2188.694,2.9083,-0.001022
101202.060,85379.348,145.086,2189.694,2.9074,-0.000971
101201.087,85379.581,145.090,2190.694,2.9065,-0.000921
101200.115,85379.814,145.094,2191.694,2.9056,-0.000871
101199.143,85380.047,145.099,2192.693,2.9047,-0.000821
101198.170,85380.280,145.103,2193.693,2.9038,-0.000770
101197.199,85380.517,145.108,2194.693,2.9032,-0.000700
101196.228,85380.755,145.114,2195.693,2.9028,-0.000618
101195.257,85380.993,145.119,2196.693,2.9025,-0.000536
101194.286,85381.231,145.124,2197.693,2.9021,-0.000454
101193.315,85381.469,145.130,2198.693,2.9018,-0.000372
101192.343,85381.707,145.135,2199.693,2.9014,-0.000291
101191.372,85381.946,145.140,2200.692,2.9010,-0.000209
101190.401,85382.184,145.146,2201.692,2.9007,-0.000127
101189.430,85382.422,145.151,2202.692,2.9003,-0.000045
101188.459,85382.660,145.157,2203.692,2.9000,0.000026
101187.488,85382.900,145.163,2204.692,2.8999,0.000010
101186.518,85383.139,145.170,2205.692,2.8999,-0.000006
101185.547,85383.378,145.176,2206.692,2.8998,-0.000022
101184.576,85383.618,145.183,2207.691,2.8998,-0.000038
101183.605,85383.857,145.189,2208.691,2.8997,-0.000054
101182.634,85384.096,145.196,2209.691,2.8997,-0.000070
101181.664,85384.336,145.202,2210.691,2.8996,-0.000086
101180.693,85384.575,145.209,2211.691,2.8996,-0.000102
101179.722,85384.814,145.215,2212.691,2.8995,-0.000118
101178.751,85385.054,145.222,2213.691,2.8995,-0.000122
101177.781,85385.294,145.230,2214.690,2.8994,-0.000118
101176.810,85385.534,145.238,2215.690,2.8992,-0.000115
101175.840,85385.775,145.245,2216.690,2.8991,-0.000111
101174.869,85386.015,145.253,2217.690,2.8990,-0.000107
101173.898,85386.255,145.261,2218.690,2.8989,-0.000104
101172.928,85386.495,145.268,2219.690,2.8988,-0.000100
101171.957,85386.735,145.276,2220.690,2.8987,-0.000096
101170.987,85386.976,145.284,2221.689,2.8986,-0.000093
101170.016,85387.216,145.291,2222.689,2.8985,-0.000087
101169.046,85387.457,145.300,2223.689,2.8985,-0.000060
101168.075,85387.697,145.309,2224.689,2.8986,-0.000034
101167.105,85387.938,145.317,2225.689,2.8986,-0.000008
101166.134,85388.179,145.326,2226.689,2.8987,0.000019
101165.164,85388.419,145.335,2227.689,2.8987,0.000045
101164.193,85388.660,145.344,2228.688,2.8987,0.000071
101163.223,85388.901,145.352,2229.688,2.8988,0.000098
101162.253,85389.141,145.361,2230.688,2.8988,0.000124
101161.282,85389.382,145.370,2231.688,2.8988,0.000150
101160.311,85389.622,145.379,2232.688,2.8990,0.000165
101159.341,85389.862,145.389,2233.688,2.8992,0.000174
101158.370,85390.101,145.398,2234.688,2.8994,0.000182
101157.399,85390.341,145.408,2235.687,2.8996,0.000190
101156.428,85390.580,145.418,2236.687,2.8998,0.000199
101155.458,85390.819,145.428,2237.687,2.9000,0.000207
101154.487,85391.059,145.437,2238.687,2.9002,0.000215
101153.516,85391.298,145.447,2239.687,2.9004,0.000224
101152.545,85391.538,145.457,2240.687,2.9006,0.000232
101151.575,85391.777,145.467,2241.687,2.9007,0.000231
101150.604,85392.016,145.477,2242.687,2.9006,0.000156
101149.633,85392.254,145.488,2243.686,2.9005,0.000082
101148.662,85392.493,145.498,2244.686,2.9004,0.000007
101147.691,85392.731,145.509,2245.686,2.9003,-0.000067
101146.720,85392.970,145.520,2246.686,2.9002,-0.000141
101145.749,85393.208,145.530,2247.686,2.9000,-0.000216
101144.777,85393.447,145.541,2248.686,2.8999,-0.000290
101143.806,85393.685,145.552,2249.686,2.8998,-0.000365
101142.835,85393.923,145.562,2250.685,2.8997,-0.000439
101141.865,85394.163,145.573,2251.685,2.8996,-0.000417
101140.894,85394.404,145.585,2252.685,2.8995,-0.000333
101139.924,85394.644,145.596,2253.685,2.8995,-0.000249
101138.953,85394.885,145.607,2254.685,2.8994,-0.000166
101137.983,85395.125,145.619,2255.685,2.8993,-0.000082
101137.012,85395.366,145.630,2256.685,2.8993,0.000001
101136.042,85395.606,145.642,2257.684,2.8992,0.000085
101135.071,85395.847,145.653,2258.684,2.8991,0.000168
101134.101,85396.087,145.665,2259.684,2.8990,0.000252
101133.130,85396.328,145.676,2260.684,2.8990,0.000320
101132.159,85396.567,145.688,2261.684,2.8991,0.000268
101131.189,85396.806,145.700,2262.684,2.8992,0.000217
101130.218,85397.046,145.712,2263.684,2.8992,0.000165
101129.247,85397.285,145.724,2264.683,2.8993,0.000113
101128.276,85397.525,145.736,2265.683,2.8994,0.000062
101127.306,85397.764,145.749,2266.683,2.8995,0.000010
101126.335,85398.004,145.761,2267.683,2.8996,-0.000042
101125.364,85398.243,145.773,2268.683,2.8996,-0.000093
101124.393,85398.483,145.785,2269.683,2.8997,-0.000145
101123.423,85398.722,145.797,2270.683,2.8997,-0.000156
101122.452,85398.962,145.810,2271.682,2.8996,-0.000142
101121.481,85399.202,145.822,2272.682,2.8995,-0.000127
101120.511,85399.442,145.835,2273.682,2.8994,-0.000113
101119.540,85399.682,145.848,2274.682,2.8993,-0.000099
101118.569,85399.922,145.860,2275.682,2.8992,-0.000084
101117.599,85400.162,145.873,2276.682,2.8991,-0.000070
101116.628,85400.402,145.886,2277.682,2.8990,-0.000056
101115.658,85400.642,145.898,2278.682,2.8989,-0.000041
101114.687,85400.882,145.911,2279.681,2.8988,-0.000026
101113.716,85401.123,145.924,2280.681,2.8989,-0.000006
101112.746,85401.363,145.937,2281.681,2.8990,0.000015
101111.775,85401.603,145.950,2282.681,2.8990,0.000036
101110.805,85401.843,145.963,2283.681,2.8991,0.000056
101109.834,85402.083,145.976,2284.681,2.8992,0.000077
101108.863,85402.324,145.989,2285.681,2.8993,0.000098
101107.893,85402.564,146.003,2286.680,2.8993,0.000118
101106.922,85402.804,146.016,2287.680,2.8994,0.000139
101105.952,85403.044,146.029,2288.680,2.8995,0.000160
101104.981,85403.284,146.042,2289.680,2.8995,0.000139
101104.010,85403.524,146.055,2290.680,2.8994,0.000091
101103.040,85403.763,146.069,2291.680,2.8993,0.000043
101102.069,85404.003,146.082,2292.680,2.8993,-0.000005
101101.098,85404.242,146.096,2293.679,2.8992,-0.000052
101100.127,85404.482,146.109,2294.679,2.8992,-0.000100
101099.157,85404.722,146.123,2295.679,2.8991,-0.000148
101098.186,85404.961,146.136,2296.679,2.8990,-0.000195
101097.215,85405.201,146.150,2297.679,2.8990,-0.000243
101096.245,85405.441,146.163,2298.679,2.8989,-0.000281
101095.274,85405.682,146.177,2299.679,2.8988,-0.000233
101094.304,85405.923,146.191,2300.678,2.8988,-0.000186
101093.333,85406.163,146.205,2301.678,2.8987,-0.000138
101092.363,85406.404,146.219,2302.678,2.8986,-0.000091
101091.393,85406.645,146.232,2303.678,2.8985,-0.000044
101090.422,85406.886,146.246,2304.678,2.8984,0.000004
101089.452,85407.127,146.260,2305.678,2.8983,0.000051
101088.481,85407.368,146.274,2306.678,2.8983,0.000099
101087.511,85407.609,146.288,2307.677,2.8983,0.000148
101086.540,85407.849,146.302,2308.677,2.8984,0.000164
101085.570,85408.089,146.316,2309.677,2.8985,0.000156
101084.599,85408.330,146.330,2310.677,2.8987,0.000148
101083.629,85408.570,146.344,2311.677,2.8988,0.000140
101082.658,85408.810,146.358,2312.677,2.8989,0.000132
101081.687,85409.050,146.372,2313.677,2.8991,0.000124
101080.717,85409.290,146.387,2314.676,2.8992,0.000116
101079.746,85409.530,146.401,2315.676,2.8993,0.000108
101078.776,85409.770,146.415,2316.676,2.8995,0.000100
101077.805,85410.011,146.429,2317.676,2.8996,0.000089
101076.834,85410.250,146.443,2318.676,2.8995,0.000051
101075.864,85410.490,146.458,2319.676,2.8994,0.000013
101074.893,85410.730,146.472,2320.676,2.8993,-0.000025
101073.922,85410.969,146.487,2321.676,2.8992,-0.000063
101072.952,85411.209,146.501,2322.675,2.8991,-0.000101
101071.981,85411.449,146.515,2323.675,2.8991,-0.000139
101071.010,85411.689,146.530,2324.675,2.8990,-0.000177
101070.039,85411.928,146.544,2325.675,2.8989,-0.000215
101069.069,85412.168,146.559,2326.675,2.8988,-0.000253
101068.098,85412.409,146.573,2327.675,2.8987,-0.000243
101067.128,85412.650,146.588,2328.675,2.8986,-0.000202
101066.158,85412.891,146.602,2329.674,2.8986,-0.000161
101065.187,85413.132,146.617,2330.674,2.8985,-0.000120
101064.217,85413.373,146.632,2331.674,2.8984,-0.000079
101063.246,85413.614,146.646,2332.674,2.8984,-0.000037
101062.276,85413.855,146.661,2333.674,2.8983,0.000004
101061.306,85414.096,146.676,2334.674,2.8982,0.000045
101060.335,85414.337,146.690,2335.674,2.8981,0.000086
101059.365,85414.578,146.705,2336.673,2.8981,0.000119
101058.395,85414.819,146.720,2337.673,2.8980,0.000083
101057.424,85415.060,146.735,2338.673,2.8980,0.000047
101056.454,85415.301,146.749,2339.673,2.8979,0.000011
101055.484,85415.542,146.764,2340.673,2.8979,-0.000024
101054.513,85415.783,146.779,2341.673,2.8978,-0.000060
101053.543,85416.024,146.794,2342.673,2.8978,-0.000096
101052.572,85416.265,146.809,2343.672,2.8977,-0.000132
101051.602,85416.506,146.824,2344.672,2.8977,-0.000168
101050.632,85416.748,146.839,2345.672,2.8976,-0.000204
101049.661,85416.989,146.853,2346.672,2.8977,-0.000176
101048.691,85417.230,146.868,2347.672,2.8978,-0.000107
101047.721,85417.472,146.883,2348.672,2.8979,-0.000038
101046.751,85417.713,146.898,2349.672,2.8980,0.000032
101045.780,85417.955,146.913,2350.671,2.8981,0.000101
101044.810,85418.197,146.928,2351.671,2.8983,0.000170
101043.840,85418.438,146.943,2352.671,2.8984,0.000240
101042.870,85418.680,146.958,2353.671,2.8985,0.000309
101041.899,85418.921,146.973,2354.671,2.8986,0.000378
101040.929,85419.163,146.988,2355.671,2.8987,0.000426
101039.959,85419.403,147.004,2356.671,2.8984,0.000279
101038.988,85419.644,147.019,2357.671,2.8981,0.000132
101038.018,85419.884,147.034,2358.670,2.8978,-0.000015
101037.047,85420.125,147.049,2359.670,2.8976,-0.000162
101036.077,85420.366,147.064,2360.670,2.8973,-0.000310
101035.106,85420.606,147.079,2361.670,2.8970,-0.000457
101034.136,85420.847,147.094,2362.670,2.8967,-0.000604
101033.165,85421.087,147.109,2363.670,2.8964,-0.000751
101032.195,85421.328,147.124,2364.670,2.8961,-0.000898
101031.224,85421.569,147.146,2365.669,2.8966,-0.000815
101030.254,85421.811,147.174,2366.669,2.8975,-0.000578
101029.284,85422.053,147.201,2367.669,2.8985,-0.000341
101028.314,85422.295,147.228,2368.669,2.8994,-0.000105
101027.344,85422.537,147.255,2369.669,2.9004,0.000132
101026.374,85422.779,147.283,2370.669,2.9013,0.000369
101025.404,85423.021,147.310,2371.669,2.9023,0.000606
101024.433,85423.263,147.337,2372.668,2.9032,0.000843
101023.463,85423.505,147.364,2373.668,2.9042,0.001080
101022.492,85423.742,147.275,2374.668,2.9045,-0.000510
101021.522,85423.983,147.290,2375.668,2.9036,-0.000405
101020.551,85424.224,147.305,2376.668,2.9028,-0.000301
101019.581,85424.465,147.320,2377.668,2.9019,-0.000196
101018.610,85424.706,147.335,2378.668,2.9010,-0.000091
101017.640,85424.947,147.350,2379.667,2.9002,0.000014
101016.670,85425.188,147.365,2380.667,2.8993,0.000119
101015.699,85425.429,147.380,2381.667,2.8985,0.000224
101014.729,85425.670,147.395,2382.667,2.8976,0.000329
101013.758,85425.911,147.410,2383.667,2.8967,0.000434
101012.788,85426.152,147.425,2384.667,2.8966,0.000451
101011.818,85426.393,147.440,2385.667,2.8969,0.000409
101010.847,85426.634,147.455,2386.666,2.8972,0.000367
101009.877,85426.875,147.470,2387.666,2.8974,0.000324
101008.906,85427.116,147.485,2388.666,2.8977,0.000282
101007.936,85427.357,147.500,2389.666,2.8980,0.000240
101006.966,85427.598,147.514,2390.666,2.8983,0.000198
101005.995,85427.839,147.529,2391.666,2.8986,0.000156
101005.025,85428.079,147.544,2392.666,2.8989,0.000113
101004.055,85428.320,147.559,2393.665,2.8992,0.000066
101003.084,85428.562,147.574,2394.665,2.8988,-0.000026
101002.114,85428.803,147.589,2395.665,2.8984,-0.000119
101001.143,85429.044,147.603,2396.665,2.8981,-0.000212
101000.173,85429.285,147.618,2397.665,2.8977,-0.000304
100999.203,85429.526,147.633,2398.665,2.8973,-0.000397
100998.232,85429.767,147.648,2399.665,2.8969,-0.000490
100997.262,85430.008,147.662,2400.665,2.8966,-0.000582
100996.292,85430.249,147.677,2401.664,2.8962,-0.000675
100995.321,85430.490,147.692,2402.664,2.8958,-0.000768
100994.351,85430.733,147.706,2403.664,2.8957,-0.000699
100993.382,85430.977,147.721,2404.664,2.8958,-0.000521
100992.412,85431.222,147.735,2405.664,2.8958,-0.000342
100991.443,85431.466,147.750,2406.664,2.8958,-0.000163
100990.473,85431.711,147.764,2407.664,2.8959,0.000016
100989.504,85431.955,147.779,2408.663,2.8959,0.000195
100988.534,85432.200,147.793,2409.663,2.8960,0.000373
100987.565,85432.444,147.808,2410.663,2.8960,0.000552
100986.595,85432.689,147.822,2411.663,2.8961,0.000731
100985.626,85432.933,147.837,2412.663,2.8962,0.000885
100984.655,85433.173,147.851,2413.663,2.8966,0.000793
100983.685,85433.413,147.865,2414.663,2.8971,0.000701
100982.714,85433.654,147.880,2415.662,2.8975,0.000609
100981.743,85433.894,147.894,2416.662,2.8980,0.000517
100980.773,85434.134,147.908,2417.662,2.8984,0.000425
100979.802,85434.374,147.923,2418.662,2.8989,0.000334
100978.832,85434.614,147.937,2419.662,2.8994,0.000242
100977.861,85434.855,147.951,2420.662,2.8998,0.000150
100976.890,85435.095,147.965,2421.662,2.9003,0.000058
100975.920,85435.334,147.980,2422.661,2.9004,0.000008
100974.949,85435.573,147.994,2423.661,2.9003,-0.000012
100973.978,85435.812,148.008,2424.661,2.9003,-0.000032
100973.007,85436.051,148.022,2425.661,2.9002,-0.000053
100972.036,85436.290,148.036,2426.661,2.9001,-0.000073
100971.065,85436.529,148.051,2427.661,2.9000,-0.000093
100970.094,85436.768,148.065,2428.661,2.8999,-0.000114
100969.124,85437.007,148.079,2429.660,2.8999,-0.000134
100968.153,85437.246,148.093,2430.660,2.8998,-0.000155
100967.182,85437.485,148.107,2431.660,2.8997,-0.000174
100966.211,85437.726,148.121,2432.660,2.8995,-0.000189
100965.241,85437.966,148.135,2433.660,2.8992,-0.000204
100964.270,85438.207,148.149,2434.660,2.8990,-0.000219
100963.300,85438.447,148.163,2435.660,2.8987,-0.000234
100962.329,85438.688,148.178,2436.660,2.8985,-0.000249
100961.359,85438.928,148.192,2437.659,2.8982,-0.000264
100960.388,85439.169,148.206,2438.659,2.8980,-0.000279
100959.418,85439.409,148.220,2439.659,2.8978,-0.000294
100958.447,85439.650,148.234,2440.659,2.8975,-0.000309
100957.477,85439.891,148.248,2441.659,2.8975,-0.000267
100956.507,85440.133,148.262,2442.659,2.8975,-0.000185
100955.537,85440.375,148.276,2443.659,2.8976,-0.000103
100954.567,85440.617,148.290,2444.658,2.8977,-0.000022
100953.596,85440.859,148.304,2445.658,2.8977,0.000060
100952.626,85441.101,148.318,2446.658,2.8978,0.000142
100951.656,85441.343,148.332,2447.658,2.8979,0.000224
100950.686,85441.585,148.346,2448.658,2.8980,0.000305
100949.716,85441.827,148.360,2449.658,2.8980,0.000387
100948.746,85442.069,148.374,2450.658,2.8981,0.000455
100947.775,85442.309,148.388,2451.657,2.8982,0.000374
100946.805,85442.549,148.402,2452.657,2.8983,0.000293
100945.834,85442.789,148.416,2453.657,2.8983,0.000212
100944.863,85443.029,148.430,2454.657,2.8984,0.000131
100943.893,85443.269,148.444,2455.657,2.8985,0.000050
100942.922,85443.510,148.458,2456.657,2.8986,-0.000031
100941.952,85443.750,148.472,2457.657,2.8987,-0.000112
100940.981,85443.990,148.486,2458.656,2.8987,-0.000193
100940.010,85444.230,148.500,2459.656,2.8988,-0.000274
100939.040,85444.471,148.514,2460.656,2.8987,-0.000288
100938.070,85444.712,148.528,2461.656,2.8986,-0.000255
100937.099,85444.953,148.542,2462.656,2.8984,-0.000222
100936.129,85445.195,148.556,2463.656,2.8983,-0.000189
100935.159,85445.436,148.570,2464.656,2.8981,-0.000155
100934.188,85445.677,148.584,2465.655,2.8980,-0.000122
100933.218,85445.918,148.598,2466.655,2.8978,-0.000089
100932.248,85446.160,148.612,2467.655,2.8977,-0.000056
100931.277,85446.401,148.626,2468.655,2.8975,-0.000023
100930.307,85446.642,148.640,2469.655,2.8974,0.000008
100929.337,85446.884,148.653,2470.655,2.8975,0.000016
100928.367,85447.125,148.667,2471.655,2.8975,0.000023
100927.396,85447.367,148.681,2472.654,2.8975,0.000031
100926.426,85447.609,148.695,2473.654,2.8976,0.000038
100925.456,85447.850,148.709,2474.654,2.8976,0.000046
100924.486,85448.092,148.723,2475.654,2.8977,0.000053
100923.515,85448.333,148.737,2476.654,2.8977,0.000060
100922.545,85448.575,148.750,2477.654,2.8978,0.000068
100921.575,85448.816,148.764,2478.654,2.8978,0.000075
100920.605,85449.058,148.778,2479.654,2.8978,0.000065
100919.634,85449.299,148.792,2480.653,2.8978,0.000042
100918.664,85449.541,148.806,2481.653,2.8977,0.000019
100917.694,85449.782,148.820,2482.653,2.8977,-0.000004
100916.723,85450.023,148.833,2483.653,2.8977,-0.000027
100915.753,85450.264,148.847,2484.653,2.8976,-0.000050
100914.783,85450.506,148.861,2485.653,2.8976,-0.000073
100913.813,85450.747,148.875,2486.653,2.8976,-0.000096
100912.842,85450.988,148.888,2487.652,2.8976,-0.000119
100911.872,85451.230,148.902,2488.652,2.8975,-0.000138
100910.902,85451.472,148.916,2489.652,2.8975,-0.000108
100909.932,85451.713,148.930,2490.652,2.8974,-0.000077
100908.961,85451.955,148.943,2491.652,2.8974,-0.000047
100907.991,85452.197,148.957,2492.652,2.8973,-0.000017
100907.021,85452.439,148.971,2493.652,2.8972,0.000013
100906.051,85452.681,148.985,2494.651,2.8972,0.000031
100905.081,85452.923,148.998,2495.651,2.8973,0.000038
100904.111,85453.164,149.012,2496.651,2.8973,0.000045
100903.140,85453.406,149.026,2497.651,2.8974,0.000052
100902.170,85453.648,149.039,2498.651,2.8974,0.000058
100901.200,85453.889,149.053,2499.651,2.8975,0.000065
100900.230,85454.131,149.067,2500.651,2.8976,0.000071
100899.259,85454.372,149.080,2501.650,2.8977,0.000077
100898.289,85454.614,149.094,2502.650,2.8978,0.000084
100897.319,85454.855,149.107,2503.650,2.8978,0.000090
100896.349,85455.096,149.121,2504.650,2.8979,0.000097
100895.378,85455.338,149.135,2505.650,2.8980,0.000103
100894.408,85455.579,149.148,2506.650,2.8981,0.000109
100893.438,85455.821,149.162,2507.650,2.8982,0.000114
100892.467,85456.061,149.175,2508.649,2.8982,0.000093
100891.497,85456.302,149.189,2509.649,2.8982,0.000072
100890.526,85456.543,149.202,2510.649,2.8982,0.000051
100889.556,85456.784,149.216,2511.649,2.8982,0.000030
100888.585,85457.024,149.229,2512.649,2.8983,0.000009
100887.615,85457.265,149.243,2513.649,2.8983,-0.000012
100886.645,85457.506,149.257,2514.649,2.8983,-0.000033
100885.674,85457.747,149.270,2515.649,2.8983,-0.000054
100884.704,85457.987,149.284,2516.648,2.8983,-0.000075
100883.733,85458.228,149.297,2517.648,2.8983,-0.000078
100882.763,85458.470,149.310,2518.648,2.8983,-0.000069
100881.793,85458.711,149.324,2519.648,2.8982,-0.000061
100880.822,85458.952,149.337,2520.648,2.8982,-0.000052
100879.852,85459.193,149.351,2521.648,2.8981,-0.000043
100878.882,85459.434,149.364,2522.648,2.8981,-0.000034
100877.911,85459.675,149.377,2523.647,2.8981,-0.000025
100876.941,85459.916,149.391,2524.647,2.8980,-0.000016
100875.970,85460.157,149.404,2525.647,2.8980,-0.000007
100875.000,85460.398,149.418,2526.647,2.8979,0.000002
100874.030,85460.639,149.431,2527.647,2.8980,0.000009
100873.059,85460.881,149.444,2528.647,2.8980,0.000016
100872.089,85461.122,149.458,2529.647,2.8980,0.000023
100871.119,85461.363,149.471,2530.646,2.8981,0.000030
100870.148,85461.604,149.484,2531.646,2.8981,0.000037
100869.178,85461.845,149.497,2532.646,2.8981,0.000044
100868.208,85462.086,149.511,2533.646,2.8982,0.000051
100867.237,85462.327,149.524,2534.646,2.8982,0.000058
100866.267,85462.568,149.537,2535.646,2.8983,0.000065
100865.297,85462.809,149.550,2536.646,2.8982,0.000053
100864.326,85463.050,149.563,2537.645,2.8982,0.000027
100863.356,85463.291,149.577,2538.645,2.8981,0.000001
100862.385,85463.532,149.590,2539.645,2.8981,-0.000025
100861.415,85463.773,149.603,2540.645,2.8980,-0.000051
100860.445,85464.014,149.616,2541.645,2.8980,-0.000077
100859.474,85464.255,149.629,2542.645,2.8979,-0.000103
100858.504,85464.496,149.642,2543.645,2.8978,-0.000129
100857.533,85464.737,149.655,2544.644,2.8978,-0.000155
100856.563,85464.978,149.668,2545.644,2.8977,-0.000180
100855.593,85465.220,149.681,2546.644,2.8975,-0.000188
100854.623,85465.463,149.694,2547.644,2.8973,-0.000197
100853.653,85465.705,149.707,2548.644,2.8971,-0.000206
100852.683,85465.948,149.720,2549.644,2.8968,-0.000215
100851.713,85466.190,149.733,2550.644,2.8966,-0.000224
100850.743,85466.432,149.746,2551.643,2.8964,-0.000233
100849.773,85466.675,149.759,2552.643,2.8962,-0.000241
100848.803,85466.917,149.772,2553.643,2.8960,-0.000250
100847.833,85467.159,149.784,2554.643,2.8957,-0.000259
100846.863,85467.403,149.797,2555.643,2.8956,-0.000238
100845.893,85467.647,149.810,2556.643,2.8955,-0.000195
100844.924,85467.891,149.823,2557.643,2.8955,-0.000152
100843.954,85468.135,149.835,2558.643,2.8954,-0.000110
100842.984,85468.379,149.848,2559.642,2.8954,-0.000067
100842.015,85468.623,149.861,2560.642,2.8953,-0.000024
100841.045,85468.867,149.873,2561.642,2.8953,0.000019
100840.075,85469.111,149.886,2562.642,2.8952,0.000062
100839.106,85469.355,149.899,2563.642,2.8951,0.000105
100838.136,85469.599,149.911,2564.642,2.8951,0.000145
100837.166,85469.842,149.924,2565.642,2.8952,0.000148
100836.197,85470.086,149.936,2566.641,2.8954,0.000150
100835.227,85470.329,149.948,2567.641,2.8956,0.000152
100834.257,85470.572,149.961,2568.641,2.8957,0.000155
100833.287,85470.815,149.973,2569.641,2.8959,0.000157
100832.317,85471.059,149.985,2570.641,2.8960,0.000160
100831.348,85471.302,149.998,2571.641,2.8962,0.000162
100830.378,85471.545,150.010,2572.641,2.8963,0.000164
100829.408,85471.789,150.023,2573.640,2.8965,0.000167
100828.438,85472.032,150.035,2574.640,2.8965,0.000133
100827.468,85472.274,150.047,2575.640,2.8964,0.000072
100826.498,85472.517,150.059,2576.640,2.8962,0.000011
100825.528,85472.760,150.071,2577.640,2.8961,-0.000050
100824.558,85473.002,150.083,2578.640,2.8960,-0.000111
100823.588,85473.245,150.095,2579.640,2.8959,-0.000172
100822.618,85473.488,150.107,2580.639,2.8957,-0.000233
100821.648,85473.730,150.119,2581.639,2.8956,-0.000294
100820.678,85473.973,150.131,2582.639,2.8955,-0.000355
100819.708,85474.216,150.143,2583.639,2.8954,-0.000405
100818.739,85474.460,150.155,2584.639,2.8952,-0.000300
100817.769,85474.704,150.166,2585.639,2.8951,-0.000195
100816.800,85474.949,150.178,2586.639,2.8950,-0.000089
100815.830,85475.193,150.190,2587.638,2.8949,0.000016
100814.861,85475.437,150.202,2588.638,2.8948,0.000121
100813.891,85475.681,150.213,2589.638,2.8947,0.000108
100812.921,85475.926,150.225,2590.638,2.8946,-0.000025
100811.952,85476.170,150.237,2591.638,2.8945,-0.000158
100810.982,85476.414,150.248,2592.638,2.8944,-0.000291
100810.013,85476.660,150.260,2593.638,2.8942,-0.000352
100809.044,85476.906,150.271,2594.638,2.8938,-0.000358
100808.075,85477.153,150.282,2595.637,2.8934,-0.000364
100807.106,85477.399,150.294,2596.637,2.8930,-0.000370
100806.137,85477.645,150.305,2597.637,2.8926,-0.000376
100805.168,85477.892,150.316,2598.637,2.8923,-0.000382
100804.199,85478.138,150.328,2599.637,2.8919,-0.000388
100803.230,85478.385,150.339,2600.637,2.8915,-0.000394
100802.261,85478.631,150.350,2601.637,2.8911,-0.000400
100801.292,85478.878,150.362,2602.636,2.8907,-0.000403
100800.324,85479.127,150.373,2603.636,2.8905,-0.000367
100799.355,85479.377,150.384,2604.636,2.8903,-0.000330
100798.387,85479.626,150.395,2605.636,2.8901,-0.000293
100797.419,85479.876,150.406,2606.636,2.8898,-0.000257
100796.451,85480.125,150.417,2607.636,2.8896,-0.000220
100795.483,85480.375,150.428,2608.636,2.8894,-0.000183
100794.514,85480.624,150.439,2609.635,2.8891,-0.000146
100793.546,85480.874,150.450,2610.635,2.8889,-0.000110
100792.578,85481.123,150.461,2611.635,2.8887,-0.000073
100791.610,85481.373,150.472,2612.635,2.8885,-0.000064
100790.642,85481.624,150.483,2613.635,2.8884,-0.000077
100789.674,85481.875,150.493,2614.635,2.8883,-0.000090
100788.706,85482.126,150.504,2615.635,2.8881,-0.000102
100787.738,85482.376,150.515,2616.634,2.8880,-0.000115
100786.770,85482.627,150.526,2617.634,2.8879,-0.000128
100785.802,85482.878,150.536,2618.634,2.8878,-0.000141
100784.834,85483.129,150.547,2619.634,2.8877,-0.000153
100783.867,85483.379,150.558,2620.634,2.8876,-0.000166
100782.899,85483.630,150.569,2621.634,2.8874,-0.000189
100781.931,85483.884,150.580,2622.634,2.8866,-0.000368
100780.964,85484.137,150.590,2623.633,2.8858,-0.000546
100779.997,85484.390,150.601,2624.633,2.8850,-0.000724
100779.030,85484.644,150.612,2625.633,2.8842,-0.000903
100778.063,85484.897,150.622,2626.633,2.8834,-0.001081
100777.095,85485.150,150.633,2627.633,2.8826,-0.001260
100776.128,85485.404,150.644,2628.633,2.8818,-0.001415
100775.163,85485.665,150.654,2629.633,2.8813,-0.001220
100774.198,85485.925,150.665,2630.632,2.8808,-0.001026
100773.232,85486.186,150.676,2631.632,2.8803,-0.000831
100772.267,85486.446,150.687,2632.632,2.8798,-0.000636
100771.302,85486.707,150.697,2633.632,2.8793,-0.000442
100770.336,85486.967,150.708,2634.632,2.8788,-0.000247
100769.371,85487.228,150.719,2635.632,2.8783,-0.000052
100768.406,85487.489,150.730,2636.632,2.8778,0.000142
100767.440,85487.749,150.740,2637.632,2.8773,0.000337
100766.475,85488.010,150.751,2638.631,2.8771,0.000378
100765.510,85488.270,150.762,2639.631,2.8771,0.000298
100764.544,85488.531,150.773,2640.631,2.8772,0.000218
100763.579,85488.792,150.784,2641.631,2.8772,0.000139
100762.614,85489.052,150.795,2642.631,2.8773,0.000059
100761.649,85489.313,150.806,2643.631,2.8773,-0.000020
100760.683,85489.573,150.817,2644.631,2.8774,-0.000100
100759.718,85489.834,150.828,2645.630,2.8774,-0.000180
100758.753,85490.095,150.839,2646.630,2.8774,-0.000259
100757.787,85490.355,150.850,2647.630,2.8775,-0.000332
100756.822,85490.617,150.861,2648.630,2.8773,-0.000293
100755.858,85490.879,150.872,2649.630,2.8772,-0.000254
100754.893,85491.141,150.884,2650.630,2.8770,-0.000216
100753.928,85491.403,150.895,2651.630,2.8769,-0.000177
100752.963,85491.665,150.906,2652.629,2.8767,-0.000139
100751.998,85491.927,150.918,2653.629,2.8766,-0.000100
100751.033,85492.189,150.929,2654.629,2.8764,-0.000061
100750.068,85492.451,150.940,2655.629,2.8763,-0.000023
100749.103,85492.713,150.951,2656.629,2.8761,0.000016
100748.138,85492.976,150.963,2657.629,2.8760,0.000015
100747.174,85493.238,150.975,2658.629,2.8759,-0.000016
100746.209,85493.501,150.987,2659.628,2.8758,-0.000048
100745.244,85493.764,150.998,2660.628,2.8756,-0.000079
100744.279,85494.026,151.010,2661.628,2.8755,-0.000111
100743.315,85494.289,151.022,2662.628,2.8754,-0.000142
100742.350,85494.552,151.034,2663.628,2.8753,-0.000173
100741.385,85494.815,151.046,2664.628,2.8752,-0.000205
100740.420,85495.077,151.057,2665.628,2.8750,-0.000236
100739.456,85495.340,151.069,2666.627,2.8750,-0.000260
100738.491,85495.603,151.081,2667.627,2.8752,-0.000149
100737.526,85495.866,151.094,2668.627,2.8755,-0.000039
100736.562,85496.129,151.106,2669.627,2.8757,0.000072
100735.597,85496.392,151.118,2670.627,2.8760,0.000183
100734.632,85496.655,151.131,2671.627,2.8763,0.000293
100733.668,85496.919,151.143,2672.627,2.8765,0.000404
100732.703,85497.182,151.155,2673.627,2.8768,0.000515
100731.739,85497.445,151.168,2674.626,2.8771,0.000625
100730.774,85497.708,151.180,2675.626,2.8773,0.000736
100729.809,85497.969,151.193,2676.626,2.8774,0.000682
100728.844,85498.230,151.205,2677.626,2.8772,0.000496
100727.878,85498.490,151.218,2678.626,2.8770,0.000311
100726.913,85498.750,151.231,2679.626,2.8768,0.000125
100725.947,85499.011,151.244,2680.626,2.8767,-0.000060
100724.982,85499.271,151.257,2681.625,2.8765,-0.000246
100724.017,85499.531,151.270,2682.625,2.8763,-0.000431
100723.051,85499.792,151.282,2683.625,2.8761,-0.000617
100722.086,85500.052,151.295,2684.625,2.8760,-0.000802
100721.121,85500.312,151.308,2685.625,2.8758,-0.000944
100720.156,85500.575,151.321,2686.625,2.8754,-0.000312
100719.191,85500.839,151.335,2687.625,2.8751,0.000002
100718.227,85501.102,151.348,2688.624,2.8751,-0.000026
100717.262,85501.365,151.361,2689.624,2.8751,-0.000053
100716.297,85501.628,151.375,2690.624,2.8750,-0.000081
100715.333,85501.891,151.388,2691.624,2.8750,-0.000108
100714.368,85502.154,151.401,2692.624,2.8750,-0.000136
100713.404,85502.417,151.415,2693.624,2.8750,-0.000164
100712.439,85502.680,151.428,2694.624,2.8749,-0.000191
100711.474,85502.944,151.441,2695.623,2.8750,-0.000163
100710.510,85503.207,151.455,2696.623,2.8751,-0.000090
100709.545,85503.471,151.469,2697.623,2.8753,-0.000017
100708.581,85503.734,151.482,2698.623,2.8754,0.000056
100707.616,85503.997,151.496,2699.623,2.8756,0.000129
100706.652,85504.261,151.510,2700.623,2.8757,0.000203
100705.687,85504.524,151.523,2701.623,2.8758,0.000276
100704.723,85504.788,151.537,2702.622,2.8760,0.000349
100703.758,85505.051,151.551,2703.622,2.8761,0.000422
100702.794,85505.314,151.564,2704.622,2.8762,0.000489
100701.828,85505.575,151.578,2705.622,2.8765,0.000435
100700.863,85505.836,151.592,2706.622,2.8767,0.000381
100699.898,85506.096,151.606,2707.622,2.8770,0.000327
100698.932,85506.357,151.620,2708.622,2.8772,0.000274
100697.967,85506.618,151.634,2709.621,2.8774,0.000220
100697.002,85506.879,151.648,2710.621,2.8777,0.000166
100696.037,85507.139,151.662,2711.621,2.8779,0.000113
100695.071,85507.400,151.676,2712.621,2.8781,0.000059
100694.106,85507.661,151.690,2713.621,2.8784,0.000005
100693.141,85507.921,151.704,2714.621,2.8785,-0.000022
100692.175,85508.181,151.718,2715.621,2.8784,-0.000028
100691.210,85508.442,151.732,2716.621,2.8784,-0.000034
100690.245,85508.702,151.746,2717.620,2.8783,-0.000040
100689.279,85508.962,151.760,2718.620,2.8783,-0.000046
100688.314,85509.222,151.774,2719.620,2.8782,-0.000052
100687.348,85509.483,151.788,2720.620,2.8782,-0.000057
100686.383,85509.743,151.802,2721.620,2.8781,-0.000063
100685.418,85510.003,151.816,2722.620,2.8781,-0.000069
100684.452,85510.263,151.829,2723.620,2.8780,-0.000075
100683.487,85510.524,151.843,2724.619,2.8779,-0.000086
100682.522,85510.785,151.857,2725.619,2.8778,-0.000097
100681.557,85511.046,151.871,2726.619,2.8777,-0.000108
100680.591,85511.307,151.885,2727.619,2.8775,-0.000119
100679.626,85511.568,151.899,2728.619,2.8774,-0.000130
100678.661,85511.829,151.913,2729.619,2.8773,-0.000141
100677.696,85512.090,151.926,2730.619,2.8771,-0.000152
100676.731,85512.351,151.940,2731.618,2.8770,-0.000163
100675.765,85512.612,151.954,2732.618,2.8769,-0.000174
100674.800,85512.874,151.968,2733.618,2.8768,-0.000164
100673.835,85513.136,151.981,2734.618,2.8768,-0.000138
100672.870,85513.398,151.995,2735.618,2.8767,-0.000111
100671.906,85513.660,152.009,2736.618,2.8766,-0.000085
100670.941,85513.922,152.022,2737.618,2.8766,-0.000059
100669.976,85514.184,152.036,2738.617,2.8765,-0.000032
100669.011,85514.446,152.049,2739.617,2.8765,-0.000006
100668.046,85514.708,152.063,2740.617,2.8764,0.000021
100667.081,85514.970,152.076,2741.617,2.8764,0.000047
100666.116,85515.232,152.090,2742.617,2.8763,0.000073
100665.151,85515.494,152.103,2743.617,2.8765,0.000086
100664.186,85515.755,152.116,2744.617,2.8766,0.000100
100663.221,85516.017,152.130,2745.616,2.8767,0.000113
100662.256,85516.279,152.143,2746.616,2.8769,0.000127
100661.291,85516.540,152.156,2747.616,2.8770,0.000140
100660.326,85516.802,152.169,2748.616,2.8772,0.000154
100659.361,85517.063,152.182,2749.616,2.8773,0.000167
100658.396,85517.325,152.196,2750.616,2.8774,0.000181
100657.431,85517.587,152.209,2751.616,2.8776,0.000194
100656.466,85517.847,152.222,2752.616,2.8777,0.000192
100655.500,85518.108,152.235,2753.615,2.8778,0.000178
100654.535,85518.368,152.247,2754.615,2.8780,0.000164
100653.569,85518.628,152.260,2755.615,2.8781,0.000149
100652.604,85518.888,152.273,2756.615,2.8782,0.000135
100651.639,85519.148,152.286,2757.615,2.8784,0.000121
100650.673,85519.408,152.299,2758.615,2.8785,0.000106
100649.708,85519.669,152.311,2759.615,2.8786,0.000092
100648.742,85519.929,152.324,2760.614,2.8788,0.000077
100647.777,85520.189,152.337,2761.614,2.8789,0.000063
100646.811,85520.448,152.349,2762.614,2.8789,0.000054
100645.846,85520.708,152.362,2763.614,2.8789,0.000045
100644.880,85520.967,152.374,2764.614,2.8789,0.000035
100643.914,85521.227,152.386,2765.614,2.8790,0.000026
100642.949,85521.486,152.399,2766.614,2.8790,0.000017
100641.983,85521.746,152.411,2767.613,2.8790,0.000008
100641.018,85522.006,152.423,2768.613,2.8790,-0.000002
100640.052,85522.265,152.436,2769.613,2.8790,-0.000011
100639.086,85522.525,152.448,2770.613,2.8791,-0.000020
100638.121,85522.784,152.460,2771.613,2.8791,-0.000027
100637.155,85523.044,152.472,2772.613,2.8791,-0.000031
100636.190,85523.303,152.484,2773.613,2.8790,-0.000035
100635.224,85523.563,152.496,2774.612,2.8790,-0.000039
100634.259,85523.822,152.508,2775.612,2.8790,-0.000043
100633.293,85524.082,152.520,2776.612,2.8790,-0.000047
100632.327,85524.341,152.532,2777.612,2.8790,-0.000051
100631.362,85524.601,152.544,2778.612,2.8790,-0.000056
100630.396,85524.860,152.556,2779.612,2.8790,-0.000060
100629.431,85525.120,152.568,2780.612,2.8790,-0.000102
100628.465,85525.380,152.579,2781.611,2.8789,-0.000088
100627.500,85525.640,152.591,2782.611,2.8788,-0.000074
100626.534,85525.900,152.602,2783.611,2.8788,-0.000061
100625.569,85526.160,152.614,2784.611,2.8787,-0.000047
100624.603,85526.420,152.625,2785.611,2.8786,-0.000033
100623.638,85526.680,152.637,2786.611,2.8785,-0.000020
100622.672,85526.941,152.649,2787.611,2.8785,-0.000006
100621.707,85527.201,152.660,2788.611,2.8784,0.000008
100620.742,85527.461,152.672,2789.610,2.8783,0.000022
100619.776,85527.721,152.683,2790.610,2.8783,0.000029
100618.811,85527.981,152.694,2791.610,2.8783,0.000030
100617.845,85528.241,152.706,2792.610,2.8783,0.000031
100616.880,85528.501,152.717,2793.610,2.8784,0.000032
100615.914,85528.761,152.728,2794.610,2.8784,0.000034
100614.949,85529.021,152.740,2795.610,2.8784,0.000035
100613.984,85529.281,152.751,2796.609,2.8785,0.000036
100613.018,85529.542,152.762,2797.609,2.8785,0.000038
100612.053,85529.802,152.773,2798.609,2.8785,0.000039
100611.087,85530.062,152.785,2799.609,2.8786,0.000042
100610.122,85530.321,152.815,2800.609,2.8787,0.000084
100609.156,85530.581,152.845,2801.609,2.8789,0.000127
100608.191,85530.841,152.875,2802.609,2.8790,0.000169
100607.225,85531.100,152.905,2803.608,2.8792,0.000212
100606.259,85531.360,152.934,2804.608,2.8794,0.000254
100605.294,85531.619,152.935,2805.608,2.8793,0.000140
100604.328,85531.878,152.922,2806.608,2.8792,-0.000043
100603.362,85532.138,152.909,2807.608,2.8791,-0.000227
100602.397,85532.397,152.896,2808.608,2.8790,-0.000410
100601.431,85532.657,152.896,2809.608,2.8789,-0.000449
100600.466,85532.917,152.906,2810.607,2.8788,-0.000363
100599.501,85533.178,152.917,2811.607,2.8787,-0.000277
100598.535,85533.439,152.928,2812.607,2.8786,-0.000191
100597.570,85533.699,152.939,2813.607,2.8785,-0.000105
100596.605,85533.960,152.950,2814.607,2.8784,-0.000019
100595.640,85534.221,152.961,2815.607,2.8783,0.000067
100594.674,85534.481,152.972,2816.607,2.8782,0.000154
100593.709,85534.742,152.983,2817.606,2.8782,0.000240
100592.744,85535.003,152.994,2818.606,2.8781,0.000322
100591.778,85535.262,153.005,2819.606,2.8783,0.000305
100590.812,85535.521,153.016,2820.606,2.8786,0.000287
100589.847,85535.780,153.027,2821.606,2.8788,0.000270
100588.881,85536.040,153.039,2822.606,2.8790,0.000253
100587.915,85536.299,153.050,2823.606,2.8793,0.000236
100586.950,85536.558,153.061,2824.605,2.8795,0.000218
100585.984,85536.817,153.072,2825.605,2.8798,0.000201
100585.018,85537.076,153.083,2826.605,2.8800,0.000184
100584.053,85537.336,153.094,2827.605,2.8803,0.000166
100583.087,85537.595,153.105,2828.605,2.8802,0.000107
100582.121,85537.854,153.116,2829.605,2.8799,0.000010
100581.155,85538.112,153.127,2830.605,2.8796,-0.000086
100580.190,85538.371,153.138,2831.605,2.8793,-0.000182
100579.224,85538.630,153.149,2832.604,2.8790,-0.000279
100578.258,85538.889,153.161,2833.604,2.8787,-0.000375
100577.292,85539.148,153.172,2834.604,2.8784,-0.000471
100576.327,85539.407,153.183,2835.604,2.8781,-0.000568
100575.361,85539.666,153.194,2836.604,2.8778,-0.000664
100574.395,85539.925,153.205,2837.604,2.8775,-0.000755
100573.430,85540.188,153.217,2838.604,2.8769,-0.000684
100572.466,85540.450,153.228,2839.603,2.8764,-0.000612
100571.501,85540.713,153.239,2840.603,2.8759,-0.000541
100570.536,85540.976,153.251,2841.603,2.8753,-0.000470
100569.571,85541.239,153.262,2842.603,2.8748,-0.000399
100568.607,85541.501,153.274,2843.603,2.8743,-0.000325
100567.642,85541.765,153.285,2844.603,2.8745,-0.000187
100566.678,85542.029,153.297,2845.603,2.8747,-0.000048
100565.714,85542.293,153.308,2846.602,2.8749,0.000091
100564.749,85542.557,153.320,2847.602,2.8752,0.000229
100563.785,85542.821,153.332,2848.602,2.8754,0.000368
100562.820,85543.085,153.343,2849.602,2.8756,0.000506
100561.856,85543.349,153.355,2850.602,2.8758,0.000645
100560.892,85543.613,153.366,2851.602,2.8761,0.000776
100559.926,85543.874,153.378,2852.602,2.8763,0.000658
100558.961,85544.134,153.390,2853.601,2.8765,0.000540
100557.996,85544.395,153.402,2854.601,2.8767,0.000422
100557.030,85544.655,153.414,2855.601,2.8769,0.000305
100556.065,85544.916,153.425,2856.601,2.8772,0.000187
100555.100,85545.176,153.437,2857.601,2.8774,0.000069
100554.134,85545.437,153.449,2858.601,2.8776,-0.000048
100553.169,85545.697,153.461,2859.601,2.8778,-0.000166
100552.204,85545.958,153.473,2860.600,2.8780,-0.000284
100551.239,85546.219,153.484,2861.600,2.8781,-0.000319
100550.273,85546.480,153.496,2862.600,2.8779,-0.000280
100549.308,85546.742,153.508,2863.600,2.8778,-0.000242
100548.343,85547.003,153.520,2864.600,2.8776,-0.000204
100547.378,85547.264,153.532,2865.600,2.8774,-0.000165
100546.413,85547.526,153.544,2866.600,2.8773,-0.000127
100545.448,85547.787,153.556,2867.600,2.8771,-0.000089
100544.483,85548.048,153.568,2868.599,2.8770,-0.000050
100543.518,85548.310,153.580,2869.599,2.8768,-0.000012
100542.553,85548.571,153.591,2870.599,2.8767,0.000026
100541.588,85548.833,153.603,2871.599,2.8767,0.000025
100540.623,85549.095,153.615,2872.599,2.8767,0.000024
100539.658,85549.356,153.627,2873.599,2.8767,0.000023
100538.693,85549.618,153.639,2874.599,2.8767,0.000022
100537.728,85549.880,153.651,2875.598,2.8768,0.000021
100536.763,85550.142,153.663,2876.598,2.8768,0.000001
100535.798,85550.403,153.675,2877.598,2.8767,-0.000042
100534.833,85550.665,153.687,2878.598,2.8766,-0.000084
100533.868,85550.927,153.699,2879.598,2.8766,-0.000127
100532.903,85551.189,153.711,2880.598,2.8765,-0.000132
100531.938,85551.451,153.723,2881.598,2.8765,-0.000104
100530.973,85551.713,153.735,2882.597,2.8765,-0.000077
100530.008,85551.976,153.746,2883.597,2.8765,-0.000049
100529.043,85552.238,153.758,2884.597,2.8765,-0.000021
100528.079,85552.500,153.770,2885.597,2.8765,0.000007
100527.114,85552.762,153.782,2886.597,2.8764,0.000034
100526.149,85553.024,153.794,2887.597,2.8764,0.000062
100525.184,85553.287,153.806,2888.597,2.8764,0.000090
100524.219,85553.549,153.818,2889.596,2.8764,0.000117
100523.254,85553.810,153.830,2890.596,2.8765,0.000109
100522.289,85554.072,153.842,2891.596,2.8765,0.000100
100521.324,85554.334,153.854,2892.596,2.8766,0.000092
100520.359,85554.595,153.866,2893.596,2.8767,0.000084
100519.394,85554.857,153.878,2894.596,2.8768,0.000076
100518.429,85555.119,153.890,2895.596,2.8769,0.000068
100517.464,85555.380,153.902,2896.595,2.8769,0.000060
100516.499,85555.642,153.914,2897.595,2.8770,0.000051
100515.534,85555.904,153.926,2898.595,2.8771,0.000043
100514.569,85556.165,153.938,2899.595,2.8772,0.000043
100513.604,85556.426,153.949,2900.595,2.8772,0.000049
100512.638,85556.687,153.961,2901.595,2.8773,0.000056
100511.673,85556.948,153.973,2902.595,2.8774,0.000063
100510.708,85557.209,153.985,2903.594,2.8775,0.000069
100509.743,85557.470,153.997,2904.594,2.8775,0.000076
100508.778,85557.731,154.009,2905.594,2.8776,0.000082
100507.813,85557.992,154.021,2906.594,2.8777,0.000089
100506.847,85558.254,154.033,2907.594,2.8777,0.000096
100505.882,85558.515,154.045,2908.594,2.8778,0.000102
100504.917,85558.775,154.057,2909.594,2.8778,0.000082
100503.952,85559.036,154.069,2910.594,2.8779,0.000063
100502.986,85559.296,154.081,2911.593,2.8779,0.000044
100502.021,85559.557,154.093,2912.593,2.8780,0.000025
100501.056,85559.817,154.105,2913.593,2.8780,0.000006
100500.090,85560.078,154.117,2914.593,2.8780,-0.000013
100499.125,85560.338,154.129,2915.593,2.8780,-0.000034
100498.160,85560.599,154.141,2916.593,2.8780,-0.000056
100497.194,85560.859,154.153,2917.593,2.8779,-0.000078
100496.229,85561.120,154.165,2918.592,2.8779,-0.000082
100495.264,85561.381,154.177,2919.592,2.8779,-0.000069
100494.299,85561.642,154.189,2920.592,2.8778,-0.000056
100493.333,85561.902,154.201,2921.592,2.8778,-0.000043
100492.368,85562.163,154.213,2922.592,2.8778,-0.000030
100491.403,85562.424,154.225,2923.592,2.8778,-0.000017
100490.438,85562.685,154.237,2924.592,2.8777,-0.000004
100489.472,85562.946,154.249,2925.591,2.8777,0.000009
100488.507,85563.207,154.261,2926.591,2.8777,0.000022
100487.542,85563.467,154.273,2927.591,2.8776,0.000036
100486.576,85563.728,154.286,2928.591,2.8778,0.000063
100485.611,85563.988,154.298,2929.591,2.8780,0.000090
100484.646,85564.248,154.310,2930.591,2.8781,0.000118
100483.680,85564.509,154.322,2931.591,2.8783,0.000145
100482.715,85564.769,154.334,2932.590,2.8785,0.000172
100481.750,85565.029,154.346,2933.590,2.8786,0.000200
100480.784,85565.290,154.358,2934.590,2.8788,0.000227
100479.819,85565.550,154.370,2935.590,2.8790,0.000254
100478.853,85565.810,154.383,2936.590,2.8791,0.000282
100477.888,85566.070,154.395,2937.590,2.8793,0.000276
100476.922,85566.328,154.407,2938.590,2.8794,0.000241
100475.956,85566.587,154.419,2939.589,2.8795,0.000206
100474.990,85566.845,154.432,2940.589,2.8797,0.000170
100474.024,85567.104,154.444,2941.589,2.8798,0.000135
100473.058,85567.362,154.456,2942.589,2.8799,0.000099
100472.093,85567.621,154.469,2943.589,2.8800,0.000064
100471.127,85567.879,154.481,2944.589,2.8802,0.000029
100470.161,85568.138,154.493,2945.589,2.8803,-0.000007
100469.195,85568.396,154.505,2946.589,2.8804,-0.000042
100468.229,85568.654,154.518,2947.588,2.8804,-0.000044
100467.263,85568.913,154.531,2948.588,2.8803,-0.000047
100466.297,85569.171,154.543,2949.588,2.8802,-0.000049
100465.331,85569.430,154.556,2950.588,2.8802,-0.000052
100464.366,85569.688,154.568,2951.588,2.8801,-0.000054
100463.400,85569.947,154.581,2952.588,2.8801,-0.000057
100462.434,85570.205,154.593,2953.588,2.8800,-0.000060
100461.468,85570.463,154.606,2954.587,2.8799,-0.000062
100460.502,85570.722,154.619,2955.587,2.8799,-0.000065
100459.536,85570.980,154.631,2956.587,2.8799,-0.000048
100458.570,85571.239,154.644,2957.587,2.8800,-0.000012
100457.604,85571.498,154.657,2958.587,2.8800,0.000024
100456.639,85571.756,154.670,2959.587,2.8801,0.000059
100455.673,85572.015,154.683,2960.587,2.8802,0.000095
100454.707,85572.274,154.696,2961.586,2.8802,0.000130
100453.741,85572.532,154.709,2962.586,2.8802,0.000120
100452.775,85572.791,154.722,2963.586,2.8797,-0.000350
100451.810,85573.050,154.735,2964.586,2.8792,-0.000819
100450.844,85573.309,154.748,2965.586,2.8787,-0.001278
100449.879,85573.571,154.762,2966.586,2.8785,-0.001031
100448.914,85573.834,154.776,2967.586,2.8784,-0.000785
100447.949,85574.096,154.789,2968.585,2.8782,-0.000538
100446.985,85574.359,154.803,2969.585,2.8781,-0.000291
100446.020,85574.621,154.816,2970.585,2.8780,-0.000044
100445.055,85574.884,154.830,2971.585,2.8778,0.000203
100444.090,85575.146,154.844,2972.585,2.8777,0.000449
100443.125,85575.409,154.857,2973.585,2.8776,0.000696
100442.161,85575.671,154.871,2974.585,2.8774,0.000943
100441.196,85575.933,154.885,2975.584,2.8776,0.000938
100440.230,85576.194,154.899,2976.584,2.8775,0.000667
100439.265,85576.455,154.913,2977.584,2.8770,0.000359
100438.300,85576.715,154.928,2978.584,2.8764,0.000052
100437.335,85576.976,154.942,2979.584,2.8758,-0.000256
100436.370,85577.237,154.956,2980.584,2.8752,-0.000563
100435.404,85577.498,154.971,2981.584,2.8747,-0.000871
100434.439,85577.759,154.985,2982.583,2.8741,-0.001179
100433.474,85578.020,154.999,2983.583,2.8735,-0.001486
100432.509,85578.281,155.013,2984.583,2.8730,-0.001772
100431.545,85578.547,155.029,2985.583,2.8733,-0.000367
100430.581,85578.813,155.044,2986.583,2.8737,0.001038
100429.617,85579.079,155.059,2987.583,2.8740,0.002443
100428.651,85579.336,155.074,2988.583,2.8762,0.002498
100427.685,85579.593,155.089,2989.583,2.8785,0.002541
100426.718,85579.850,155.104,2990.582,2.8807,0.002583
100425.752,85580.107,155.119,2991.582,2.8829,0.002625
100424.786,85580.364,155.134,2992.582,2.8852,0.002668
100423.820,85580.621,155.149,2993.582,2.8875,0.002757
100422.850,85580.867,155.164,2994.582,2.8951,0.007013
100421.881,85581.113,155.180,2995.582,2.9029,0.011250
100420.908,85581.340,155.195,2996.582,2.9158,0.013873
100419.932,85581.557,155.211,2997.581,2.9305,0.016064
100418.953,85581.763,155.226,2998.581,2.9469,0.017834
100417.970,85581.943,155.242,2999.581,2.9656,0.019035
100416.984,85582.111,155.258,3000.581,2.9850,0.019985
100415.995,85582.256,155.273,3001.581,3.0053,0.020526
100415.003,85582.382,155.289,3002.580,3.0259,0.020772
100414.009,85582.487,155.305,3003.580,3.0467,0.020785
100413.013,85582.572,155.321,3004.580,3.0674,0.020618
100412.015,85582.636,155.337,3005.580,3.0878,0.020315
100411.016,85582.677,155.353,3006.580,3.1079,0.019885
100410.016,85582.705,155.369,3007.580,3.1276,0.019388
100409.017,85582.705,155.385,3008.579,-3.1366,0.018760
100408.017,85582.691,155.401,3009.579,-3.1182,0.018103
100407.017,85582.663,155.417,3010.579,-3.1003,0.017420
100406.019,85582.609,155.433,3011.579,-3.0834,0.016764
100405.021,85582.542,155.449,3012.579,-3.0669,0.016205
100404.025,85582.463,155.465,3013.579,-3.0508,0.015744
100403.030,85582.361,155.481,3014.578,-3.0350,0.015735
100402.037,85582.247,155.497,3015.578,-3.0191,0.016054
100401.045,85582.120,155.513,3016.578,-3.0028,0.016696
100400.057,85581.969,155.529,3017.578,-2.9852,0.018040
100399.070,85581.807,155.545,3018.578,-2.9665,0.019654
100398.087,85581.623,155.561,3019.577,-2.9458,0.021688
100397.109,85581.417,155.578,3020.577,-2.9230,0.023966
100396.136,85581.188,155.594,3021.577,-2.8979,0.026337
100395.169,85580.934,155.610,3022.577,-2.8704,0.028618
100394.210,85580.652,155.626,3023.577,-2.8408,0.030604
100393.259,85580.341,155.642,3024.576,-2.8094,0.032086
100392.320,85580.000,155.658,3025.576,-2.7770,0.032864
100391.392,85579.628,155.674,3026.576,-2.7441,0.032759
100390.476,85579.227,155.691,3027.576,-2.7119,0.031696
100389.574,85578.796,155.707,3028.575,-2.6813,0.029725
100388.685,85578.339,155.723,3029.575,-2.6532,0.026968
100387.808,85577.858,155.739,3030.575,-2.6282,0.023503
100386.944,85577.356,155.756,3031.575,-2.6068,0.019743
100386.087,85576.840,155.772,3032.574,-2.5876,0.016061
100385.243,85576.305,155.788,3033.574,-2.5733,0.013299
100384.404,85575.761,155.804,3034.574,-2.5608,0.011003
100383.569,85575.210,155.821,3035.574,-2.5503,0.009171
100382.744,85574.646,155.837,3036.574,-2.5415,0.008765
100381.919,85574.081,155.854,3037.574,-2.5328,0.008367
100381.104,85573.502,155.870,3038.574,-2.5234,0.009413
100380.289,85572.923,155.887,3039.573,-2.5140,0.010463
100379.484,85572.329,155.903,3040.573,-2.5023,0.012185
100378.686,85571.727,155.920,3041.573,-2.4892,0.013915
100377.893,85571.118,155.937,3042.573,-2.4749,0.015652
100377.115,85570.490,155.953,3043.573,-2.4582,0.017039
100376.345,85569.852,155.970,3044.573,-2.4407,0.018170
100375.584,85569.204,155.987,3045.572,-2.4223,0.019046
100374.841,85568.534,156.004,3046.572,-2.4030,0.019433
100374.109,85567.854,156.021,3047.572,-2.3835,0.019652
100373.386,85567.163,156.039,3048.572,-2.3638,0.019703
100372.684,85566.451,156.056,3049.572,-2.3442,0.019579
100371.993,85565.729,156.073,3050.572,-2.3247,0.019426
100371.312,85564.996,156.091,3051.571,-2.3053,0.019246
100370.653,85564.245,156.108,3052.571,-2.2862,0.019116
100370.004,85563.484,156.126,3053.571,-2.2671,0.019038
100369.367,85562.714,156.144,3054.571,-2.2481,0.019009
100368.751,85561.926,156.162,3055.571,-2.2290,0.019059
100368.147,85561.129,156.180,3056.570,-2.2099,0.019131
100367.555,85560.324,156.199,3057.570,-2.1907,0.019224
100366.986,85559.501,156.217,3058.570,-2.1714,0.019369
100366.429,85558.671,156.236,3059.570,-2.1520,0.019568
100365.884,85557.833,156.254,3060.570,-2.1325,0.019819
100365.363,85556.979,156.273,3061.570,-2.1135,0.019539
100364.855,85556.118,156.293,3062.569,-2.0953,0.017669
100364.359,85555.250,156.312,3063.569,-2.0781,0.014221
100363.887,85554.368,156.331,3064.569,-2.0620,0.007639
100363.421,85553.484,156.355,3065.569,-2.0398,0.010828
100362.961,85552.596,156.383,3066.569,-2.0114,0.023667
100362.524,85551.698,156.401,3067.568,-1.9867,0.026179
100362.122,85550.782,156.415,3068.568,-1.9821,0.016275
100361.719,85549.867,156.432,3069.568,-1.9803,0.007409
100361.323,85548.949,156.453,3070.568,-1.9777,0.005237
100360.926,85548.031,156.473,3071.568,-1.9751,0.003066
100360.535,85547.111,156.495,3072.567,-1.9734,0.001833
100360.149,85546.189,156.517,3073.567,-1.9726,0.001536
100359.764,85545.266,156.539,3074.567,-1.9717,0.001240
100359.378,85544.344,156.562,3075.567,-1.9709,0.000944
100358.992,85543.421,156.584,3076.567,-1.9701,0.000648
100358.607,85542.499,156.606,3077.567,-1.9692,0.000352
100358.221,85541.576,156.628,3078.567,-1.9684,0.000056
100357.835,85540.654,156.651,3079.566,-1.9675,-0.000240
100357.449,85539.731,156.673,3080.566,-1.9667,-0.000537
100357.064,85538.809,156.695,3081.566,-1.9658,-0.000833
100356.677,85537.887,156.720,3082.566,-1.9660,-0.000700
100356.290,85536.965,156.744,3083.566,-1.9662,-0.000567
100355.904,85536.043,156.769,3084.566,-1.9664,-0.000433
100355.517,85535.121,156.793,3085.566,-1.9666,-0.000300
100355.130,85534.199,156.818,3086.565,-1.9668,-0.000167
100354.744,85533.276,156.842,3087.565,-1.9670,-0.000034
100354.357,85532.354,156.867,3088.565,-1.9672,0.000099
100353.971,85531.432,156.891,3089.565,-1.9674,0.000233
100353.584,85530.510,156.916,3090.565,-1.9676,0.000366
100353.198,85529.588,156.941,3091.565,-1.9674,0.000476
100352.814,85528.665,156.968,3092.565,-1.9666,0.000563
100352.429,85527.742,156.994,3093.564,-1.9659,0.000651
100352.045,85526.819,157.021,3094.564,-1.9652,0.000738
100351.660,85525.896,157.047,3095.564,-1.9644,0.000825
100351.276,85524.973,157.074,3096.564,-1.9637,0.000912
100350.891,85524.050,157.100,3097.564,-1.9629,0.000999
100350.510,85523.126,157.128,3098.564,-1.9622,0.000992
100350.130,85522.201,157.156,3099.564,-1.9615,0.000889
100349.751,85521.275,157.184,3100.563,-1.9608,0.000785
100349.372,85520.350,157.212,3101.563,-1.9601,0.000682
100348.992,85519.425,157.240,3102.563,-1.9594,0.000579
100348.613,85518.500,157.268,3103.563,-1.9587,0.000475
100348.234,85517.575,157.296,3104.563,-1.9580,0.000372
100347.857,85516.649,157.325,3105.563,-1.9579,0.000316
100347.480,85515.723,157.355,3106.563,-1.9578,0.000261
100347.104,85514.796,157.385,3107.563,-1.9577,0.000205
100346.727,85513.870,157.414,3108.562,-1.9575,0.000149
100346.350,85512.944,157.444,3109.562,-1.9574,0.000094
100345.974,85512.018,157.474,3110.562,-1.9573,0.000038
100345.597,85511.092,157.504,3111.562,-1.9572,-0.000017
100345.220,85510.165,157.533,3112.562,-1.9571,-0.000073
100344.844,85509.239,157.563,3113.562,-1.9570,-0.000129
100344.467,85508.313,157.594,3114.562,-1.9570,-0.000141
100344.090,85507.387,157.625,3115.561,-1.9570,-0.000108
100343.713,85506.461,157.656,3116.561,-1.9570,-0.000075
100343.337,85505.535,157.688,3117.561,-1.9570,-0.000042
100342.960,85504.608,157.719,3118.561,-1.9570,-0.000010
100342.583,85503.682,157.751,3119.561,-1.9570,0.000023
100342.206,85502.756,157.782,3120.561,-1.9570,0.000056
100341.829,85501.830,157.814,3121.561,-1.9570,0.000088
100341.452,85500.904,157.845,3122.560,-1.9570,0.000121
100341.076,85499.978,157.877,3123.560,-1.9570,0.000154
100340.699,85499.052,157.910,3124.560,-1.9570,0.000118
100340.323,85498.125,157.943,3125.560,-1.9570,0.000081
100339.946,85497.199,157.976,3126.560,-1.9570,0.000045
100339.570,85496.273,158.009,3127.560,-1.9570,0.000008
100339.194,85495.346,158.042,3128.560,-1.9571,-0.000028
100338.817,85494.420,158.075,3129.559,-1.9571,-0.000065
100338.441,85493.494,158.108,3130.559,-1.9571,-0.000101
100338.064,85492.567,158.141,3131.559,-1.9571,-0.000138
100337.688,85491.641,158.174,3132.559,-1.9571,-0.000174
100337.311,85490.715,158.207,3133.559,-1.9571,-0.000165
100336.934,85489.789,158.242,3134.559,-1.9570,-0.000108
100336.558,85488.863,158.276,3135.559,-1.9570,-0.000052
100336.181,85487.937,158.310,3136.558,-1.9569,0.000005
100335.804,85487.010,158.345,3137.558,-1.9568,0.000061
100335.427,85486.084,158.379,3138.558,-1.9567,0.000118
100335.050,85485.158,158.413,3139.558,-1.9567,0.000174
100334.673,85484.232,158.448,3140.558,-1.9566,0.000231
100334.297,85483.306,158.482,3141.558,-1.9565,0.000287
100333.920,85482.380,158.516,3142.558,-1.9564,0.000344
100333.544,85481.453,158.552,3143.557,-1.9565,0.000267
100333.168,85480.527,158.587,3144.557,-1.9565,0.000189
100332.793,85479.600,158.623,3145.557,-1.9565,0.000111
100332.417,85478.673,158.658,3146.557,-1.9565,0.000033
100332.041,85477.747,158.693,3147.557,-1.9566,-0.000045
100331.666,85476.820,158.729,3148.557,-1.9566,-0.000123
100331.290,85475.893,158.764,3149.557,-1.9566,-0.000201
100330.914,85474.967,158.800,3150.557,-1.9567,-0.000279
100330.539,85474.040,158.835,3151.556,-1.9567,-0.000357
100330.163,85473.114,158.871,3152.556,-1.9567,-0.000354
100329.786,85472.188,158.908,3153.556,-1.9567,-0.000268
100329.409,85471.262,158.944,3154.556,-1.9566,-0.000182
100329.032,85470.336,158.981,3155.556,-1.9566,-0.000095
100328.655,85469.409,159.017,3156.556,-1.9566,-0.000009
100328.278,85468.483,159.053,3157.556,-1.9566,0.000077
100327.901,85467.557,159.090,3158.555,-1.9565,0.000163
100327.524,85466.631,159.126,3159.555,-1.9565,0.000250
100327.148,85465.705,159.163,3160.555,-1.9565,0.000336
100326.771,85464.779,159.199,3161.555,-1.9565,0.000422
100326.395,85463.852,159.237,3162.555,-1.9563,0.000281
100326.019,85462.926,159.274,3163.555,-1.9560,0.000137
100325.643,85461.999,159.311,3164.555,-1.9559,0.000029
100325.268,85461.073,159.348,3165.554,-1.9560,-0.000010
100324.892,85460.146,159.386,3166.554,-1.9561,-0.000050
100324.516,85459.219,159.423,3167.554,-1.9562,-0.000090
100324.140,85458.293,159.460,3168.554,-1.9563,-0.000130
100323.765,85457.366,159.497,3169.554,-1.9564,-0.000169
100323.389,85456.440,159.535,3170.554,-1.9565,-0.000209
100323.013,85455.513,159.572,3171.554,-1.9566,-0.000208
100322.636,85454.587,159.610,3172.553,-1.9566,-0.000163
100322.259,85453.661,159.648,3173.553,-1.9566,-0.000118
100321.883,85452.735,159.686,3174.553,-1.9566,-0.000073
100321.506,85451.809,159.724,3175.553,-1.9566,-0.000029
100321.130,85450.882,159.762,3176.553,-1.9567,0.000016
100320.753,85449.956,159.800,3177.553,-1.9567,0.000061
100320.376,85449.030,159.838,3178.553,-1.9567,0.000106
100320.000,85448.104,159.876,3179.552,-1.9567,0.000151
100319.623,85447.177,159.914,3180.552,-1.9567,0.000195
100319.247,85446.251,159.953,3181.552,-1.9566,0.000179
100318.872,85445.324,159.992,3182.552,-1.9565,0.000161
100318.496,85444.398,160.030,3183.552,-1.9564,0.000143
100318.120,85443.471,160.069,3184.552,-1.9563,0.000126
100317.744,85442.545,160.107,3185.552,-1.9562,0.000108
100317.369,85441.618,160.146,3186.552,-1.9561,0.000090
100316.993,85440.691,160.185,3187.551,-1.9559,0.000073
100316.617,85439.765,160.223,3188.551,-1.9558,0.000055
100316.241,85438.838,160.262,3189.551,-1.9557,0.000038
100315.866,85437.912,160.301,3190.551,-1.9557,0.000012
100315.490,85436.985,160.340,3191.551,-1.9559,-0.000023
100315.114,85436.059,160.379,3192.551,-1.9560,-0.000058
100314.738,85435.132,160.418,3193.551,-1.9561,-0.000093
100314.363,85434.205,160.457,3194.550,-1.9563,-0.000127
100313.987,85433.279,160.496,3195.550,-1.9564,-0.000162
100313.611,85432.352,160.535,3196.550,-1.9565,-0.000197
100313.235,85431.426,160.574,3197.550,-1.9567,-0.000232
100312.860,85430.499,160.613,3198.550,-1.9568,-0.000267
100312.484,85429.572,160.653,3199.550,-1.9570,-0.000301
100312.107,85428.646,160.692,3200.550,-1.9570,-0.000240
100311.730,85427.720,160.731,3201.549,-1.9570,-0.000176
100311.353,85426.794,160.771,3202.549,-1.9570,-0.000113
100310.976,85425.868,160.810,3203.549,-1.9570,-0.000049
100310.599,85424.942,160.850,3204.549,-1.9570,0.000014
100310.222,85424.016,160.889,3205.549,-1.9570,0.000078
100309.845,85423.090,160.929,3206.549,-1.9570,0.000141
100309.468,85422.164,160.968,3207.549,-1.9570,0.000204
100309.091,85421.238,161.008,3208.548,-1.9570,0.000268
100308.714,85420.312,161.047,3209.548,-1.9569,0.000279
100308.338,85419.385,161.087,3210.548,-1.9568,0.000234
100307.962,85418.459,161.127,3211.548,-1.9568,0.000188
100307.586,85417.532,161.166,3212.548,-1.9567,0.000143
100307.211,85416.606,161.206,3213.548,-1.9566,0.000098
100306.835,85415.679,161.246,3214.548,-1.9565,0.000052
100306.459,85414.753,161.285,3215.547,-1.9564,0.000007
100306.083,85413.826,161.325,3216.547,-1.9563,-0.000038
100305.707,85412.900,161.365,3217.547,-1.9562,-0.000083
100305.331,85411.973,161.404,3218.547,-1.9562,-0.000129
100304.955,85411.047,161.444,3219.547,-1.9562,-0.000118
100304.579,85410.120,161.484,3220.547,-1.9563,-0.000106
100304.202,85409.194,161.523,3221.547,-1.9564,-0.000094
100303.826,85408.268,161.563,3222.546,-1.9564,-0.000082
100303.450,85407.341,161.603,3223.546,-1.9565,-0.000069
100303.074,85406.415,161.643,3224.546,-1.9566,-0.000057
100302.697,85405.489,161.682,3225.546,-1.9567,-0.000045
100302.321,85404.562,161.722,3226.546,-1.9567,-0.000033
100301.945,85403.636,161.762,3227.546,-1.9568,-0.000021
100301.569,85402.709,161.802,3228.546,-1.9568,-0.000010
100301.192,85401.783,161.841,3229.546,-1.9568,0.000000
100300.816,85400.857,161.881,3230.545,-1.9568,0.000011
100300.440,85399.931,161.921,3231.545,-1.9567,0.000021
100300.063,85399.004,161.960,3232.545,-1.9567,0.000031
100299.687,85398.078,162.000,3233.545,-1.9567,0.000041
100299.310,85397.152,162.040,3234.545,-1.9566,0.000052
100298.934,85396.225,162.079,3235.545,-1.9566,0.000062
100298.558,85395.299,162.119,3236.545,-1.9565,0.000072
100298.181,85394.373,162.158,3237.544,-1.9565,0.000082
100297.805,85393.446,162.198,3238.544,-1.9566,0.000045
100297.428,85392.520,162.237,3239.544,-1.9567,0.000006
100297.052,85391.594,162.277,3240.544,-1.9568,-0.000032
100296.676,85390.667,162.316,3241.544,-1.9569,-0.000071
100296.299,85389.741,162.355,3242.544,-1.9570,-0.000109
100295.923,85388.815,162.395,3243.544,-1.9571,-0.000148
100295.547,85387.888,162.434,3244.543,-1.9572,-0.000186
100295.170,85386.962,162.473,3245.543,-1.9573,-0.000225
100294.794,85386.036,162.513,3246.543,-1.9574,-0.000263
100294.417,85385.110,162.552,3247.543,-1.9575,-0.000270
100294.039,85384.184,162.591,3248.543,-1.9577,-0.000241
100293.661,85383.258,162.630,3249.543,-1.9578,-0.000212
100293.283,85382.333,162.669,3250.543,-1.9580,-0.000184
100292.905,85381.407,162.708,3251.542,-1.9581,-0.000155
100292.527,85380.481,162.747,3252.542,-1.9583,-0.000127
100292.150,85379.556,162.786,3253.542,-1.9584,-0.000098
100291.772,85378.630,162.824,3254.542,-1.9586,-0.000069
100291.394,85377.704,162.863,3255.542,-1.9587,-0.000041
100291.016,85376.778,162.902,3256.542,-1.9589,-0.000012
100290.637,85375.853,162.941,3257.542,-1.9589,-0.000001
100290.259,85374.927,162.979,3258.541,-1.9588,0.000009
100289.881,85374.002,163.017,3259.541,-1.9588,0.000020
100289.502,85373.076,163.056,3260.541,-1.9588,0.000030
100289.124,85372.151,163.094,3261.541,-1.9588,0.000024
100288.746,85371.225,163.132,3262.541,-1.9589,-0.000014
100288.367,85370.300,163.170,3263.541,-1.9589,-0.000051
100287.989,85369.374,163.209,3264.541,-1.9590,-0.000089
100287.611,85368.449,163.247,3265.541,-1.9590,-0.000127
100287.232,85367.523,163.285,3266.540,-1.9590,-0.000127
100286.854,85366.598,163.322,3267.540,-1.9590,-0.000083
100286.475,85365.673,163.360,3268.540,-1.9589,-0.000040
100286.096,85364.747,163.397,3269.540,-1.9589,0.000004
100285.718,85363.822,163.435,3270.540,-1.9588,0.000047
100285.339,85362.896,163.473,3271.540,-1.9588,0.000091
100284.961,85361.971,163.510,3272.540,-1.9587,0.000134
100284.582,85361.045,163.548,3273.539,-1.9586,0.000178
100284.203,85360.120,163.585,3274.539,-1.9586,0.000221
100283.825,85359.195,163.623,3275.539,-1.9585,0.000265
100283.448,85358.269,163.659,3276.539,-1.9584,0.000241
100283.070,85357.343,163.696,3277.539,-1.9582,0.000215
100282.693,85356.417,163.732,3278.539,-1.9581,0.000189
100282.316,85355.491,163.769,3279.539,-1.9580,0.000163
100281.939,85354.565,163.805,3280.538,-1.9578,0.000137
100281.561,85353.639,163.842,3281.538,-1.9577,0.000111
100281.184,85352.713,163.879,3282.538,-1.9575,0.000085
100280.807,85351.787,163.915,3283.538,-1.9574,0.000059
100280.430,85350.861,163.952,3284.538,-1.9572,0.000033
100280.052,85349.935,163.988,3285.538,-1.9573,-0.000006
100279.675,85349.009,164.023,3286.538,-1.9575,-0.000059
100279.298,85348.083,164.059,3287.537,-1.9577,-0.000111
100278.920,85347.157,164.094,3288.537,-1.9580,-0.000164
100278.543,85346.231,164.130,3289.537,-1.9582,-0.000217
100278.165,85345.306,164.165,3290.537,-1.9584,-0.000269
100277.788,85344.380,164.201,3291.537,-1.9587,-0.000322
100277.410,85343.454,164.236,3292.537,-1.9589,-0.000375
100277.033,85342.528,164.272,3293.537,-1.9591,-0.000427
100276.656,85341.602,164.307,3294.536,-1.9594,-0.000480
100276.276,85340.677,164.342,3295.536,-1.9595,-0.000415
100275.896,85339.752,164.376,3296.536,-1.9597,-0.000346
100275.516,85338.827,164.411,3297.536,-1.9598,-0.000277
100275.136,85337.903,164.445,3298.536,-1.9600,-0.000209
100274.756,85336.978,164.479,3299.536,-1.9601,-0.000140
100274.376,85336.053,164.514,3300.536,-1.9603,-0.000071
100273.996,85335.128,164.548,3301.536,-1.9604,-0.000002
100273.616,85334.203,164.582,3302.535,-1.9606,0.000067
100273.236,85333.278,164.617,3303.535,-1.9608,0.000135
100272.856,85332.353,164.650,3304.535,-1.9607,0.000182
100272.477,85331.428,164.683,3305.535,-1.9604,0.000204
100272.098,85330.503,164.717,3306.535,-1.9602,0.000225
100271.719,85329.578,164.750,3307.535,-1.9599,0.000247
100271.340,85328.653,164.783,3308.535,-1.9596,0.000268
100270.961,85327.727,164.816,3309.534,-1.9593,0.000290
100270.582,85326.802,164.849,3310.534,-1.9591,0.000312
100270.202,85325.877,164.882,3311.534,-1.9588,0.000333
100269.823,85324.952,164.915,3312.534,-1.9585,0.000355
100269.444,85324.027,164.948,3313.534,-1.9582,0.000376
100269.066,85323.101,164.980,3314.534,-1.9585,0.000244
100268.688,85322.175,165.012,3315.534,-1.9588,0.000106
100268.310,85321.250,165.044,3316.533,-1.9591,-0.000032
100267.932,85320.324,165.076,3317.533,-1.9593,-0.000170
100267.554,85319.398,165.107,3318.533,-1.9596,-0.000308
100267.176,85318.473,165.139,3319.533,-1.9599,-0.000445
100266.798,85317.547,165.171,3320.533,-1.9602,-0.000583
100266.420,85316.621,165.203,3321.533,-1.9605,-0.000721
100266.042,85315.696,165.235,3322.533,-1.9607,-0.000859
100265.662,85314.771,165.266,3323.532,-1.9610,-0.000860
100265.280,85313.847,165.296,3324.532,-1.9613,-0.000703
100264.898,85312.923,165.327,3325.532,-1.9615,-0.000547
100264.516,85311.999,165.358,3326.532,-1.9618,-0.000391
100264.133,85311.075,165.388,3327.532,-1.9621,-0.000234
100263.751,85310.151,165.419,3328.532,-1.9623,-0.000078
100263.369,85309.227,165.449,3329.532,-1.9626,0.000079
100262.987,85308.303,165.480,3330.531,-1.9629,0.000235
100262.605,85307.379,165.510,3331.531,-1.9631,0.000391
100262.224,85306.455,165.540,3332.531,-1.9630,0.000344
100261.842,85305.531,165.569,3333.531,-1.9629,0.000289
100261.461,85304.606,165.598,3334.531,-1.9627,0.000234
100261.080,85303.682,165.627,3335.531,-1.9626,0.000179
100260.698,85302.758,165.657,3336.531,-1.9625,0.000123
100260.317,85301.834,165.686,3337.530,-1.9623,0.000068
100259.936,85300.909,165.715,3338.530,-1.9622,0.000013
100259.554,85299.985,165.744,3339.530,-1.9621,-0.000042
100259.173,85299.061,165.774,3340.530,-1.9619,-0.000097
100258.792,85298.136,165.802,3341.530,-1.9619,-0.000113
100258.410,85297.212,165.830,3342.530,-1.9618,-0.000082
100258.029,85296.288,165.858,3343.530,-1.9618,-0.000052
100257.648,85295.363,165.886,3344.530,-1.9618,-0.000022
100257.267,85294.439,165.914,3345.529,-1.9618,0.000008
100256.885,85293.515,165.942,3346.529,-1.9618,0.000039
100256.504,85292.590,165.969,3347.529,-1.9618,0.000069
100256.123,85291.666,165.997,3348.529,-1.9617,0.000099
100255.742,85290.742,166.025,3349.529,-1.9617,0.000129
100255.360,85289.818,166.053,3350.529,-1.9617,0.000160
100254.980,85288.893,166.080,3351.529,-1.9616,0.000133
100254.599,85287.968,166.106,3352.528,-1.9616,0.000105
100254.218,85287.044,166.133,3353.528,-1.9615,0.000077
100253.838,85286.119,166.159,3354.528,-1.9615,0.000048
100253.457,85285.195,166.186,3355.528,-1.9614,0.000020
100253.076,85284.270,166.212,3356.528,-1.9613,-0.000009
100252.696,85283.346,166.239,3357.528,-1.9613,-0.000037
100252.315,85282.421,166.265,3358.528,-1.9613,-0.000109
100251.934,85281.496,166.292,3359.527,-1.9615,-0.000274
100251.553,85280.572,166.318,3360.527,-1.9616,-0.000338
100251.171,85279.648,166.343,3361.527,-1.9618,-0.000285
100250.790,85278.724,166.368,3362.527,-1.9619,-0.000233
100250.408,85277.800,166.393,3363.527,-1.9620,-0.000181
100250.026,85276.876,166.418,3364.527,-1.9621,-0.000128
100249.644,85275.952,166.443,3365.527,-1.9623,-0.000076
100249.262,85275.028,166.468,3366.526,-1.9624,-0.000023
100248.881,85274.103,166.494,3367.526,-1.9625,0.000029
100248.499,85273.179,166.519,3368.526,-1.9627,0.000082
100248.117,85272.255,166.544,3369.526,-1.9628,0.000134
100247.735,85271.331,166.568,3370.526,-1.9628,0.000114
100247.353,85270.407,166.591,3371.526,-1.9627,0.000091
100246.972,85269.483,166.615,3372.526,-1.9627,0.000067
100246.590,85268.559,166.639,3373.525,-1.9627,0.000044
100246.208,85267.635,166.663,3374.525,-1.9627,0.000021
100245.827,85266.710,166.686,3375.525,-1.9626,-0.000003
100245.445,85265.786,166.710,3376.525,-1.9626,-0.000026
100245.063,85264.862,166.734,3377.525,-1.9626,-0.000049
100244.682,85263.938,166.758,3378.525,-1.9626,-0.000072
100244.300,85263.014,166.781,3379.525,-1.9626,-0.000084
100243.918,85262.090,166.803,3380.525,-1.9626,-0.000081
100243.536,85261.166,166.825,3381.524,-1.9627,-0.000079
100243.153,85260.242,166.848,3382.524,-1.9628,-0.000077
100242.771,85259.318,166.870,3383.524,-1.9629,-0.000074
100242.389,85258.394,166.892,3384.524,-1.9629,-0.000072
100242.007,85257.470,166.915,3385.524,-1.9630,-0.000069
100241.625,85256.546,166.937,3386.524,-1.9631,-0.000067
100241.243,85255.622,166.959,3387.524,-1.9632,-0.000065
100240.861,85254.698,166.982,3388.523,-1.9632,-0.000062
100240.478,85253.774,167.003,3389.523,-1.9633,-0.000065
100240.096,85252.851,167.023,3390.523,-1.9634,-0.000068
100239.713,85251.927,167.044,3391.523,-1.9635,-0.000071
100239.330,85251.003,167.065,3392.523,-1.9635,-0.000074
100238.947,85250.080,167.086,3393.523,-1.9636,-0.000077
100238.565,85249.156,167.107,3394.523,-1.9637,-0.000080
100238.182,85248.232,167.128,3395.522,-1.9638,-0.000083
100237.799,85247.308,167.148,3396.522,-1.9638,-0.000086
100237.417,85246.385,167.169,3397.522,-1.9639,-0.000089
100237.034,85245.461,167.189,3398.522,-1.9639,-0.000075
100236.651,85244.537,167.209,3399.522,-1.9639,-0.000040
100236.268,85243.614,167.228,3400.522,-1.9638,-0.000006
100235.885,85242.690,167.247,3401.522,-1.9637,0.000028
100235.502,85241.767,167.266,3402.521,-1.9636,0.000062
100235.119,85240.843,167.286,3403.521,-1.9636,0.000096
100234.736,85239.919,167.305,3404.521,-1.9635,0.000130
100234.353,85238.996,167.324,3405.521,-1.9634,0.000164
100233.970,85238.072,167.344,3406.521,-1.9634,0.000198
100233.587,85237.149,167.363,3407.521,-1.9633,0.000233
100233.205,85236.225,167.381,3408.521,-1.9633,0.000180
100232.822,85235.301,167.398,3409.520,-1.9634,0.000123
100232.440,85234.377,167.416,3410.520,-1.9634,0.000065
100232.058,85233.453,167.434,3411.520,-1.9634,0.000008
100231.676,85232.529,167.451,3412.520,-1.9635,-0.000049
100231.294,85231.605,167.469,3413.520,-1.9635,-0.000106
100230.912,85230.681,167.487,3414.520,-1.9635,-0.000163
100230.529,85229.757,167.504,3415.520,-1.9636,-0.000220
100230.147,85228.833,167.522,3416.519,-1.9636,-0.000277
100229.764,85227.910,167.539,3417.519,-1.9637,-0.000286
100229.381,85226.986,167.555,3418.519,-1.9637,-0.000237
100228.998,85226.063,167.571,3419.519,-1.9638,-0.000189
100228.614,85225.139,167.587,3420.519,-1.9639,-0.000140
100228.231,85224.216,167.603,3421.519,-1.9640,-0.000091
100227.847,85223.292,167.619,3422.519,-1.9640,-0.000042
100227.464,85222.369,167.635,3423.519,-1.9641,0.000007
100227.080,85221.446,167.650,3424.518,-1.9642,0.000056
100226.697,85220.522,167.666,3425.518,-1.9643,0.000105
100226.313,85219.599,167.682,3426.518,-1.9643,0.000154
100225.930,85218.675,167.697,3427.518,-1.9644,0.000117
100225.547,85217.752,167.711,3428.518,-1.9644,0.000075
100225.164,85216.828,167.725,3429.518,-1.9645,0.000034
100224.780,85215.905,167.740,3430.518,-1.9645,-0.000008
100224.397,85214.981,167.754,3431.517,-1.9646,-0.000049
100224.014,85214.058,167.768,3432.517,-1.9646,-0.000091
100223.630,85213.135,167.782,3433.517,-1.9646,-0.000132
100223.247,85212.211,167.797,3434.517,-1.9647,-0.000173
100222.864,85211.288,167.811,3435.517,-1.9647,-0.000215
100222.480,85210.364,167.824,3436.517,-1.9647,-0.000202
100222.097,85209.441,167.837,3437.517,-1.9645,-0.000123
100221.713,85208.518,167.850,3438.516,-1.9644,-0.000043
100221.329,85207.594,167.862,3439.516,-1.9643,0.000036
100220.945,85206.671,167.875,3440.516,-1.9641,0.000115
100220.562,85205.748,167.887,3441.516,-1.9640,0.000195
100220.178,85204.824,167.900,3442.516,-1.9638,0.000274
100219.794,85203.901,167.912,3443.516,-1.9637,0.000353
100219.410,85202.978,167.925,3444.516,-1.9635,0.000433
100219.027,85202.055,167.938,3445.515,-1.9634,0.000512
100218.645,85201.130,167.949,3446.515,-1.9632,0.000416
100218.263,85200.206,167.960,3447.515,-1.9631,0.000311
100217.882,85199.282,167.971,3448.515,-1.9629,0.000206
100217.500,85198.358,167.982,3449.515,-1.9628,0.000101
100217.118,85197.434,167.992,3450.515,-1.9626,-0.000005
100216.737,85196.510,168.003,3451.515,-1.9625,-0.000110
100216.355,85195.586,168.014,3452.514,-1.9624,-0.000142
100215.973,85194.661,168.025,3453.514,-1.9624,-0.000014
100215.592,85193.737,168.036,3454.514,-1.9623,0.000115
100215.210,85192.813,168.047,3455.514,-1.9623,0.000173
100214.829,85191.889,168.056,3456.514,-1.9623,0.000141
100214.448,85190.964,168.066,3457.514,-1.9622,0.000110
100214.067,85190.040,168.075,3458.514,-1.9622,0.000078
100213.686,85189.115,168.085,3459.514,-1.9621,0.000047
100213.305,85188.191,168.094,3460.513,-1.9621,0.000015
100212.923,85187.267,168.103,3461.513,-1.9620,-0.000016
100212.542,85186.342,168.113,3462.513,-1.9620,-0.000048
100212.161,85185.418,168.122,3463.513,-1.9619,-0.000079
100211.780,85184.494,168.132,3464.513,-1.9619,-0.000110
100211.398,85183.570,168.140,3465.513,-1.9621,-0.000128
100211.016,85182.645,168.148,3466.513,-1.9623,-0.000145
100210.634,85181.721,168.156,3467.512,-1.9625,-0.000162
100210.253,85180.797,168.164,3468.512,-1.9627,-0.000179
100209.871,85179.873,168.173,3469.512,-1.9628,-0.000196
100209.489,85178.949,168.181,3470.512,-1.9630,-0.000212
100209.107,85178.025,168.189,3471.512,-1.9632,-0.000229
100208.725,85177.101,168.197,3472.512,-1.9634,-0.000246
100208.343,85176.177,168.205,3473.512,-1.9636,-0.000263
100207.961,85175.253,168.213,3474.511,-1.9637,-0.000248
100207.577,85174.330,168.220,3475.511,-1.9637,-0.000192
100207.194,85173.406,168.227,3476.511,-1.9637,-0.000136
100206.811,85172.483,168.233,3477.511,-1.9638,-0.000081
100206.428,85171.559,168.240,3478.511,-1.9638,-0.000025
100206.044,85170.636,168.247,3479.511,-1.9638,0.000030
100205.661,85169.712,168.254,3480.511,-1.9638,0.000086
100205.278,85168.789,168.261,3481.510,-1.9638,0.000142
100204.895,85167.865,168.268,3482.510,-1.9638,0.000197
100204.511,85166.942,168.275,3483.510,-1.9638,0.000253
100204.129,85166.018,168.281,3484.510,-1.9638,0.000216
100203.746,85165.094,168.287,3485.510,-1.9637,0.000174
100203.364,85164.170,168.293,3486.510,-1.9636,0.000132
100202.982,85163.246,168.299,3487.510,-1.9636,0.000089
100202.599,85162.323,168.305,3488.509,-1.9635,0.000047
100202.217,85161.399,168.311,3489.509,-1.9635,0.000005
100201.835,85160.475,168.317,3490.509,-1.9634,-0.000038
100201.452,85159.551,168.323,3491.509,-1.9634,-0.000080
100201.070,85158.627,168.329,3492.509,-1.9633,-0.000122
100200.687,85157.704,168.335,3493.509,-1.9635,-0.000171
100200.303,85156.780,168.340,3494.509,-1.9639,-0.000229
100199.919,85155.857,168.345,3495.508,-1.9643,-0.000286
100199.535,85154.934,168.351,3496.508,-1.9647,-0.000343
100199.151,85154.011,168.356,3497.508,-1.9651,-0.000401
100198.767,85153.087,168.361,3498.508,-1.9655,-0.000458
100198.384,85152.164,168.366,3499.508,-1.9660,-0.000516
100198.000,85151.241,168.372,3500.508,-1.9664,-0.000573
100197.616,85150.318,168.377,3501.508,-1.9668,-0.000631
100197.232,85149.394,168.382,3502.508,-1.9672,-0.000688
100196.844,85148.473,168.387,3503.507,-1.9679,-0.000688
100196.456,85147.551,168.392,3504.507,-1.9686,-0.000684
100196.068,85146.630,168.396,3505.507,-1.9692,-0.000680
100195.680,85145.708,168.401,3506.507,-1.9699,-0.000677
100195.292,85144.787,168.406,3507.507,-1.9706,-0.000673
100194.904,85143.866,168.411,3508.507,-1.9713,-0.000669
100194.515,85142.944,168.415,3509.507,-1.9715,-0.000523
100194.125,85142.024,168.420,3510.506,-1.9711,-0.000194
100193.734,85141.103,168.425,3511.506,-1.9707,0.000134
100193.344,85140.183,168.429,3512.506,-1.9703,0.000463
100192.954,85139.262,168.434,3513.506,-1.9699,0.000791
100192.564,85138.341,168.438,3514.506,-1.9695,0.001120
100192.174,85137.421,168.443,3515.506,-1.9691,0.001448
100191.789,85136.498,168.447,3516.506,-1.9683,0.001282
100191.405,85135.575,168.452,3517.505,-1.9676,0.001083
100191.020,85134.652,168.456,3518.505,-1.9668,0.000885
100190.636,85133.729,168.460,3519.505,-1.9660,0.000686
100190.251,85132.806,168.465,3520.505,-1.9652,0.000487
100189.867,85131.883,168.469,3521.505,-1.9645,0.000289
100189.482,85130.960,168.473,3522.505,-1.9637,0.000090
100189.099,85130.036,168.478,3523.505,-1.9638,0.000030
100188.716,85129.113,168.482,3524.504,-1.9640,-0.000020
100188.333,85128.189,168.486,3525.504,-1.9641,-0.000071
100187.950,85127.266,168.490,3526.504,-1.9643,-0.000121
100187.567,85126.342,168.495,3527.504,-1.9644,-0.000172
100187.184,85125.419,168.499,3528.504,-1.9646,-0.000222
100186.800,85124.495,168.503,3529.504,-1.9648,-0.000272
100186.417,85123.572,168.507,3530.504,-1.9649,-0.000323
100186.034,85122.648,168.512,3531.503,-1.9651,-0.000373
100185.650,85121.725,168.516,3532.503,-1.9653,-0.000377
100185.265,85120.802,168.520,3533.503,-1.9654,-0.000321
100184.880,85119.880,168.524,3534.503,-1.9655,-0.000264
100184.495,85118.957,168.529,3535.503,-1.9657,-0.000208
100184.109,85118.034,168.533,3536.503,-1.9658,-0.000152
100183.724,85117.112,168.537,3537.503,-1.9659,-0.000095
100183.339,85116.189,168.541,3538.503,-1.9660,-0.000039
100182.954,85115.266,168.545,3539.502,-1.9662,0.000017
100182.569,85114.343,168.550,3540.502,-1.9663,0.000074
100182.183,85113.421,168.554,3541.502,-1.9664,0.000130
100181.798,85112.498,168.558,3542.502,-1.9664,0.000098
100181.413,85111.575,168.562,3543.502,-1.9664,0.000060
100181.028,85110.653,168.566,3544.502,-1.9663,0.000022
100180.643,85109.730,168.571,3545.502,-1.9663,-0.000016
100180.257,85108.807,168.575,3546.501,-1.9663,-0.000037
100179.872,85107.885,168.579,3547.501,-1.9662,-0.000015
100179.487,85106.962,168.583,3548.501,-1.9662,0.000006
100179.102,85106.039,168.588,3549.501,-1.9662,0.000027
100178.717,85105.117,168.592,3550.501,-1.9662,0.000048
100178.332,85104.194,168.596,3551.501,-1.9662,0.000058
100177.947,85103.271,168.600,3552.501,-1.9662,0.000053
100177.562,85102.348,168.605,3553.500,-1.9661,0.000047
100177.177,85101.425,168.609,3554.500,-1.9661,0.000042
100176.792,85100.503,168.613,3555.500,-1.9661,0.000036
100176.407,85099.580,168.617,3556.500,-1.9660,0.000031
100176.022,85098.657,168.622,3557.500,-1.9660,0.000026
100175.637,85097.734,168.626,3558.500,-1.9659,0.000020
100175.252,85096.812,168.630,3559.500,-1.9659,0.000015
100174.867,85095.889,168.634,3560.499,-1.9659,0.000009
100174.482,85094.966,168.639,3561.499,-1.9659,0.000004
100174.097,85094.043,168.643,3562.499,-1.9659,-0.000000
100173.713,85093.120,168.647,3563.499,-1.9659,-0.000005
100173.328,85092.197,168.652,3564.499,-1.9659,-0.000010
100172.943,85091.275,168.656,3565.499,-1.9659,-0.000015
100172.558,85090.352,168.660,3566.499,-1.9660,-0.000020
100172.173,85089.429,168.665,3567.498,-1.9660,-0.000025
100171.788,85088.506,168.669,3568.498,-1.9660,-0.000030
100171.403,85087.583,168.673,3569.498,-1.9660,-0.000034
100171.019,85086.660,168.678,3570.498,-1.9660,-0.000030
100170.634,85085.738,168.682,3571.498,-1.9659,-0.000014
100170.249,85084.815,168.686,3572.498,-1.9659,0.000003
100169.864,85083.892,168.691,3573.498,-1.9659,0.000020
100169.479,85082.969,168.695,3574.497,-1.9658,0.000036
100169.094,85082.046,168.699,3575.497,-1.9658,0.000053
100168.709,85081.124,168.704,3576.497,-1.9657,0.000069
100168.324,85080.201,168.708,3577.497,-1.9657,0.000086
100167.939,85079.278,168.712,3578.497,-1.9657,0.000102
100167.555,85078.355,168.717,3579.497,-1.9656,0.000119
100167.170,85077.432,168.721,3580.497,-1.9656,0.000095
100166.786,85076.509,168.726,3581.497,-1.9656,0.000068
100166.401,85075.586,168.730,3582.496,-1.9656,0.000041
100166.017,85074.663,168.734,3583.496,-1.9656,0.000014
100165.632,85073.740,168.739,3584.496,-1.9657,-0.000013
100165.248,85072.817,168.743,3585.496,-1.9657,-0.000040
100164.864,85071.894,168.747,3586.496,-1.9657,-0.000067
100164.479,85070.971,168.752,3587.496,-1.9657,-0.000094
100164.095,85070.048,168.756,3588.496,-1.9657,-0.000121
100163.710,85069.125,168.761,3589.495,-1.9657,-0.000127
100163.325,85068.202,168.765,3590.495,-1.9657,-0.000104
100162.940,85067.280,168.769,3591.495,-1.9658,-0.000081
100162.555,85066.357,168.774,3592.495,-1.9658,-0.000058
100162.170,85065.434,168.778,3593.495,-1.9658,-0.000035
100161.785,85064.511,168.782,3594.495,-1.9658,-0.000012
100161.400,85063.588,168.787,3595.495,-1.9659,0.000012
100161.015,85062.666,168.791,3596.494,-1.9659,0.000035
100160.631,85061.743,168.795,3597.494,-1.9659,0.000058
100160.246,85060.820,168.800,3598.494,-1.9659,0.000081
100159.861,85059.897,168.804,3599.494,-1.9658,0.000093
100159.477,85058.974,168.808,3600.494,-1.9657,0.000105
100159.092,85058.051,168.812,3601.494,-1.9655,0.000117
100158.708,85057.128,168.817,3602.494,-1.9654,0.000128
100158.324,85056.205,168.821,3603.493,-1.9653,0.000140
100157.939,85055.282,168.825,3604.493,-1.9651,0.000151
100157.555,85054.359,168.830,3605.493,-1.9650,0.000163
100157.171,85053.436,168.834,3606.493,-1.9649,0.000175
100156.786,85052.513,168.838,3607.493,-1.9647,0.000186
100156.402,85051.590,168.842,3608.493,-1.9646,0.000178
100156.019,85050.666,168.846,3609.493,-1.9646,0.000144
100155.636,85049.743,168.851,3610.492,-1.9646,0.000109
100155.252,85048.819,168.855,3611.492,-1.9645,0.000075
100154.869,85047.896,168.859,3612.492,-1.9645,0.000040
100154.486,85046.972,168.863,3613.492,-1.9645,0.000005
100154.102,85046.049,168.867,3614.492,-1.9645,-0.000029
100153.719,85045.125,168.871,3615.492,-1.9644,-0.000064
100153.336,85044.202,168.875,3616.492,-1.9644,-0.000099
100152.952,85043.279,168.879,3617.492,-1.9644,-0.000133
100152.568,85042.355,168.883,3618.491,-1.9645,-0.000145
100152.184,85041.432,168.887,3619.491,-1.9647,-0.000156
100151.800,85040.509,168.891,3620.491,-1.9649,-0.000166
100151.416,85039.586,168.895,3621.491,-1.9651,-0.000177
100151.032,85038.663,168.899,3622.491,-1.9653,-0.000187
100150.647,85037.740,168.903,3623.491,-1.9655,-0.000198
100150.263,85036.817,168.907,3624.491,-1.9657,-0.000208
100149.879,85035.894,168.911,3625.490,-1.9658,-0.000219
100149.495,85034.970,168.915,3626.490,-1.9660,-0.000229
100149.110,85034.047,168.919,3627.490,-1.9660,-0.000193
100148.726,85033.125,168.923,3628.490,-1.9658,-0.000095
100148.341,85032.202,168.926,3629.490,-1.9655,0.000003
100147.956,85031.279,168.930,3630.490,-1.9653,0.000102
100147.572,85030.356,168.934,3631.490,-1.9651,0.000200
100147.187,85029.433,168.937,3632.489,-1.9648,0.000298
100146.802,85028.510,168.941,3633.489,-1.9646,0.000397
100146.417,85027.587,168.945,3634.489,-1.9643,0.000495
100146.033,85026.664,168.948,3635.489,-1.9641,0.000593
100145.648,85025.742,168.952,3636.489,-1.9638,0.000692
100145.266,85024.818,168.956,3637.489,-1.9637,0.000483
100144.883,85023.894,168.959,3638.489,-1.9635,0.000247
100144.501,85022.970,168.962,3639.488,-1.9634,0.000012
100144.119,85022.046,168.966,3640.488,-1.9632,-0.000223
100143.737,85021.122,168.969,3641.488,-1.9630,-0.000307
100143.355,85020.198,168.973,3642.488,-1.9627,-0.000008
100142.973,85019.274,168.976,3643.488,-1.9624,0.000291
100142.590,85018.350,168.979,3644.488,-1.9621,0.000589
100142.208,85017.426,168.983,3645.488,-1.9618,0.000888
100141.827,85016.502,168.986,3646.487,-1.9618,0.000908
100141.446,85015.577,168.989,3647.487,-1.9622,0.000542
100141.065,85014.653,168.992,3648.487,-1.9627,0.000177
100140.685,85013.728,168.996,3649.487,-1.9632,-0.000189
100140.304,85012.804,168.999,3650.487,-1.9637,-0.000554
100139.923,85011.879,169.002,3651.487,-1.9641,-0.000920
100139.543,85010.955,169.005,3652.487,-1.9646,-0.001285
100139.162,85010.030,169.008,3653.486,-1.9651,-0.001651
100138.781,85009.105,169.011,3654.486,-1.9656,-0.002016
100138.393,85008.184,169.014,3655.486,-1.9685,-0.002644
100138.004,85007.263,169.017,3656.486,-1.9717,-0.003296
100137.615,85006.342,169.020,3657.486,-1.9749,-0.003947
100137.221,85005.423,169.023,3658.486,-1.9789,-0.004570
100136.821,85004.507,169.026,3659.486,-1.9839,-0.005154
100136.420,85003.591,169.029,3660.486,-1.9890,-0.005738
100136.008,85002.680,169.032,3661.485,-1.9952,-0.006189
100135.594,85001.769,169.034,3662.485,-2.0016,-0.006629
100135.175,85000.862,169.037,3663.485,-2.0082,-0.006989
100134.748,84999.958,169.040,3664.485,-2.0154,-0.007240
100134.315,84999.056,169.043,3665.485,-2.0226,-0.007430
100133.875,84998.159,169.045,3666.485,-2.0301,-0.007537
100133.429,84997.264,169.048,3667.484,-2.0377,-0.007594
100132.975,84996.373,169.051,3668.484,-2.0452,-0.007582
100132.515,84995.485,169.053,3669.484,-2.0528,-0.007557
100132.048,84994.601,169.056,3670.484,-2.0603,-0.007516
100131.575,84993.720,169.058,3671.484,-2.0679,-0.007495
100131.094,84992.844,169.061,3672.484,-2.0754,-0.007501
100130.608,84991.970,169.063,3673.484,-2.0829,-0.007540
100130.114,84991.100,169.066,3674.483,-2.0905,-0.007624
100129.615,84990.234,169.068,3675.483,-2.0981,-0.007716
100129.108,84989.372,169.071,3676.483,-2.1059,-0.007817
100128.595,84988.514,169.073,3677.483,-2.1138,-0.007907
100128.075,84987.660,169.076,3678.483,-2.1217,-0.007985
100127.549,84986.810,169.078,3679.483,-2.1297,-0.008060
100127.014,84985.965,169.080,3680.482,-2.1378,-0.008133
100126.474,84985.123,169.083,3681.482,-2.1460,-0.008204
100125.926,84984.287,169.085,3682.482,-2.1542,-0.008274
100125.373,84983.455,169.087,3683.482,-2.1625,-0.008334
100124.811,84982.627,169.090,3684.482,-2.1709,-0.008378
100124.244,84981.804,169.092,3685.482,-2.1793,-0.008411
100123.668,84980.987,169.094,3686.482,-2.1877,-0.008429
100123.087,84980.173,169.097,3687.481,-2.1961,-0.008418
100122.498,84979.365,169.099,3688.481,-2.2045,-0.008367
100121.903,84978.562,169.101,3689.481,-2.2128,-0.008274
100121.300,84977.764,169.103,3690.481,-2.2210,-0.008120
100120.692,84976.970,169.106,3691.481,-2.2290,-0.007928
100120.077,84976.182,169.108,3692.481,-2.2368,-0.007682
100119.457,84975.398,169.110,3693.480,-2.2443,-0.007422
100118.830,84974.619,169.112,3694.480,-2.2516,-0.007140
100118.198,84973.844,169.115,3695.480,-2.2586,-0.006868
100117.560,84973.074,169.117,3696.480,-2.2653,-0.006608
100116.918,84972.308,169.119,3697.480,-2.2719,-0.006390
100116.269,84971.547,169.121,3698.480,-2.2781,-0.006231
100115.620,84970.786,169.123,3699.480,-2.2844,-0.006073
100114.961,84970.035,169.126,3700.479,-2.2903,-0.005948
100114.300,84969.284,169.128,3701.479,-2.2962,-0.005825
100113.635,84968.537,169.130,3702.479,-2.3020,-0.005685
100112.964,84967.796,169.132,3703.479,-2.3075,-0.005522
100112.293,84967.055,169.135,3704.479,-2.3131,-0.005358
100111.613,84966.322,169.137,3705.479,-2.3182,-0.005201
100110.932,84965.590,169.139,3706.479,-2.3234,-0.005044
100110.247,84964.862,169.141,3707.478,-2.3284,-0.004915
100109.557,84964.138,169.143,3708.478,-2.3333,-0.004825
100108.867,84963.415,169.146,3709.478,-2.3381,-0.004735
100108.169,84962.699,169.148,3710.478,-2.3429,-0.004771
100107.470,84961.983,169.150,3711.478,-2.3477,-0.004819
100106.768,84961.272,169.153,3712.478,-2.3525,-0.004899
100106.061,84960.565,169.155,3713.478,-2.3575,-0.005026
100105.353,84959.858,169.157,3714.477,-2.3626,-0.005152
100104.638,84959.160,169.159,3715.477,-2.3678,-0.005284
100103.921,84958.462,169.162,3716.477,-2.3732,-0.005416
100103.201,84957.769,169.164,3717.477,-2.3786,-0.005543
100102.475,84957.082,169.167,3718.477,-2.3843,-0.005664
100101.749,84956.394,169.169,3719.477,-2.3899,-0.005784
100101.014,84955.716,169.171,3720.476,-2.3958,-0.005862
100100.279,84955.039,169.174,3721.476,-2.4017,-0.005936
100099.539,84954.366,169.176,3722.476,-2.4076,-0.005959
100098.793,84953.700,169.179,3723.476,-2.4135,-0.005908
100098.047,84953.034,169.181,3724.476,-2.4194,-0.005857
100097.293,84952.378,169.184,3725.476,-2.4252,-0.005801
100096.537,84951.723,169.186,3726.476,-2.4310,-0.005744
100095.778,84951.072,169.189,3727.475,-2.4365,-0.005556
100095.014,84950.428,169.191,3728.475,-2.4418,-0.005177
100094.249,84949.783,169.194,3729.475,-2.4470,-0.004798
100093.478,84949.148,169.197,3730.475,-2.4510,-0.004252
100092.705,84948.513,169.199,3731.475,-2.4550,-0.003689
100091.932,84947.879,169.202,3732.475,-2.4589,-0.003127
100091.154,84947.251,169.205,3733.475,-2.4624,-0.003324
100090.375,84946.624,169.207,3734.474,-2.4660,-0.003597
100089.596,84945.998,169.210,3735.474,-2.4695,-0.003870
100088.810,84945.379,169.213,3736.474,-2.4743,-0.004981
100088.024,84944.761,169.216,3737.474,-2.4792,-0.006176
100087.235,84944.147,169.219,3738.474,-2.4834,-0.006563
100086.441,84943.540,169.221,3739.474,-2.4866,-0.005779
100085.647,84942.932,169.224,3740.474,-2.4904,-0.005476
100084.844,84942.336,169.227,3741.473,-2.4986,-0.005388
100084.041,84941.740,169.230,3742.473,-2.5070,-0.005150
100083.234,84941.150,169.233,3743.473,-2.5144,-0.005150
100082.421,84940.567,169.236,3744.473,-2.5205,-0.005496
100081.609,84939.985,169.239,3745.473,-2.5265,-0.005843
100080.789,84939.413,169.242,3746.473,-2.5319,-0.005602
100079.968,84938.842,169.245,3747.473,-2.5373,-0.005303
100079.144,84938.275,169.248,3748.472,-2.5424,-0.005051
100078.316,84937.715,169.251,3749.472,-2.5473,-0.004871
100077.488,84937.154,169.254,3750.472,-2.5522,-0.004690
100076.654,84936.603,169.257,3751.472,-2.5569,-0.004672
100075.819,84936.053,169.260,3752.472,-2.5616,-0.004672
100074.982,84935.506,169.263,3753.472,-2.5663,-0.004707
100074.141,84934.965,169.266,3754.472,-2.5711,-0.004796
100073.300,84934.425,169.269,3755.471,-2.5759,-0.004885
100072.453,84933.894,169.273,3756.471,-2.5810,-0.005069
100071.605,84933.363,169.276,3757.471,-2.5861,-0.005262
100070.755,84932.838,169.279,3758.471,-2.5915,-0.005476
100069.900,84932.319,169.282,3759.471,-2.5971,-0.005720
100069.045,84931.800,169.285,3760.471,-2.6028,-0.005964
100068.183,84931.293,169.289,3761.471,-2.6090,-0.006124
100067.321,84930.787,169.292,3762.470,-2.6151,-0.006275
100066.455,84930.287,169.295,3763.470,-2.6214,-0.006370
100065.585,84929.794,169.299,3764.470,-2.6278,-0.006385
100064.715,84929.302,169.302,3765.470,-2.6342,-0.006401
100063.838,84928.822,169.305,3766.470,-2.6405,-0.006364
100062.960,84928.344,169.308,3767.470,-2.6469,-0.006323
100062.079,84927.871,169.312,3768.470,-2.6532,-0.006280
100061.193,84927.407,169.315,3769.469,-2.6594,-0.006235
100060.308,84926.942,169.319,3770.469,-2.6656,-0.006190
100059.416,84926.490,169.322,3771.469,-2.6718,-0.006154
100058.523,84926.039,169.325,3772.469,-2.6779,-0.006119
100057.628,84925.594,169.329,3773.469,-2.6841,-0.006099
100056.729,84925.157,169.332,3774.469,-2.6902,-0.006102
100055.830,84924.720,169.336,3775.469,-2.6963,-0.006104
100054.924,84924.296,169.339,3776.468,-2.7024,-0.006128
100054.019,84923.872,169.343,3777.468,-2.7085,-0.006153
100053.110,84923.455,169.346,3778.468,-2.7147,-0.006158
100052.198,84923.045,169.350,3779.468,-2.7208,-0.006132
100051.286,84922.636,169.354,3780.468,-2.7269,-0.006106
100050.368,84922.239,169.357,3781.468,-2.7329,-0.006010
100049.449,84921.844,169.361,3782.467,-2.7389,-0.005907
100048.529,84921.454,169.364,3783.467,-2.7447,-0.005783
100047.605,84921.072,169.368,3784.467,-2.7504,-0.005628
100046.681,84920.690,169.372,3785.467,-2.7560,-0.005473
100045.752,84920.320,169.375,3786.467,-2.7614,-0.005388
100044.823,84919.950,169.379,3787.467,-2.7668,-0.005309
100043.892,84919.586,169.383,3788.467,-2.7721,-0.005277
100042.958,84919.229,169.386,3789.466,-2.7774,-0.005311
100042.024,84918.872,169.390,3790.466,-2.7827,-0.005346
100041.086,84918.527,169.394,3791.466,-2.7882,-0.005414
100040.147,84918.182,169.398,3792.466,-2.7936,-0.005487
100039.206,84917.843,169.402,3793.466,-2.7991,-0.005575
100038.263,84917.512,169.405,3794.466,-2.8048,-0.005685
100037.319,84917.181,169.409,3795.466,-2.8105,-0.005796
100036.372,84916.862,169.413,3796.465,-2.8165,-0.005996
100035.424,84916.545,169.417,3797.465,-2.8226,-0.006205
100034.474,84916.233,169.421,3798.465,-2.8289,-0.006429
100033.521,84915.931,169.425,3799.465,-2.8355,-0.006675
100032.568,84915.628,169.429,3800.465,-2.8421,-0.006921
100031.610,84915.339,169.433,3801.465,-2.8492,-0.007090
100030.653,84915.052,169.437,3802.465,-2.8563,-0.007251
100029.691,84914.777,169.441,3803.464,-2.8636,-0.007289
100028.730,84914.503,169.445,3804.464,-2.8709,-0.007313
100027.765,84914.242,169.449,3805.464,-2.8781,-0.007229
100026.799,84913.982,169.453,3806.464,-2.8853,-0.007133
100025.830,84913.735,169.457,3807.464,-2.8923,-0.006970
100024.861,84913.489,169.461,3808.464,-2.8992,-0.006799
100023.889,84913.256,169.465,3809.464,-2.9058,-0.006637
100022.916,84913.025,169.469,3810.463,-2.9124,-0.006476
100021.942,84912.800,169.473,3811.463,-2.9189,-0.006355
100020.966,84912.584,169.477,3812.463,-2.9252,-0.006296
100019.989,84912.369,169.481,3813.463,-2.9315,-0.006237
100019.010,84912.167,169.486,3814.463,-2.9377,-0.006233
100018.030,84911.967,169.490,3815.463,-2.9440,-0.006234
100017.050,84911.772,169.494,3816.462,-2.9502,-0.006237
100016.067,84911.587,169.498,3817.462,-2.9564,-0.006243
100015.084,84911.402,169.502,3818.462,-2.9627,-0.006248
100014.099,84911.231,169.507,3819.462,-2.9689,-0.006187
100013.114,84911.061,169.511,3820.462,-2.9750,-0.006118
100012.128,84910.898,169.515,3821.462,-2.9810,-0.005980
100011.140,84910.743,169.520,3822.462,-2.9868,-0.005735
100010.152,84910.588,169.524,3823.461,-2.9926,-0.005489
100009.162,84910.445,169.528,3824.461,-2.9976,-0.005090
100008.173,84910.304,169.533,3825.461,-3.0025,-0.004672
100007.182,84910.167,169.537,3826.461,-3.0070,-0.004218
100006.191,84910.037,169.541,3827.461,-3.0106,-0.003707
100005.199,84909.907,169.546,3828.461,-3.0142,-0.003195
100004.207,84909.781,169.550,3829.461,-3.0169,-0.002636
100003.215,84909.661,169.555,3830.460,-3.0180,-0.002003
100002.222,84909.541,169.559,3831.460,-3.0191,-0.001369
100001.230,84909.421,169.564,3832.460,-3.0202,-0.000736
100000.237,84909.301,169.568,3833.460,-3.0213,-0.000103
99999.244,84909.181,169.573,3834.460,-3.0225,0.000531
99998.252,84909.061,169.577,3835.460,-3.0224,0.000333
99997.259,84908.942,169.582,3836.460,-3.0222,0.000038
99996.266,84908.823,169.586,3837.460,-3.0220,-0.000182
99995.273,84908.704,169.591,3838.459,-3.0219,-0.000037
99994.281,84908.585,169.596,3839.459,-3.0217,0.000107
99993.288,84908.465,169.600,3840.459,-3.0215,0.000252
99992.295,84908.346,169.605,3841.459,-3.0214,0.000397
99991.303,84908.227,169.609,3842.459,-3.0212,0.000542
99990.310,84908.107,169.614,3843.459,-3.0210,0.000586
99989.318,84907.985,169.619,3844.459,-3.0209,0.000475
99988.325,84907.863,169.623,3845.458,-3.0208,0.000365
99987.333,84907.742,169.628,3846.458,-3.0207,0.000254
99986.340,84907.620,169.633,3847.458,-3.0206,0.000144
99985.348,84907.499,169.637,3848.458,-3.0205,0.000033
99984.355,84907.377,169.642,3849.458,-3.0204,-0.000078
99983.363,84907.255,169.647,3850.458,-3.0202,-0.000188
99982.370,84907.134,169.651,3851.458,-3.0201,-0.000299
99981.378,84907.012,169.656,3852.457,-3.0200,-0.000409
99980.385,84906.892,169.661,3853.457,-3.0201,-0.000355
99979.393,84906.771,169.666,3854.457,-3.0201,-0.000280
99978.400,84906.651,169.671,3855.457,-3.0202,-0.000205
99977.408,84906.531,169.676,3856.457,-3.0203,-0.000130
99976.415,84906.410,169.680,3857.457,-3.0203,-0.000056
99975.422,84906.290,169.685,3858.457,-3.0204,0.000019
99974.430,84906.169,169.690,3859.456,-3.0205,0.000094
99973.437,84906.049,169.695,3860.456,-3.0205,0.000168
99972.445,84905.929,169.700,3861.456,-3.0206,0.000243
99971.452,84905.808,169.705,3862.456,-3.0206,0.000272
99970.460,84905.686,169.710,3863.456,-3.0205,0.000231
99969.467,84905.565,169.715,3864.456,-3.0204,0.000190
99968.475,84905.444,169.720,3865.456,-3.0203,0.000148
99967.482,84905.322,169.725,3866.455,-3.0202,0.000107
99966.490,84905.201,169.730,3867.455,-3.0201,0.000065
99965.497,84905.080,169.735,3868.455,-3.0201,0.000024
99964.505,84904.958,169.740,3869.455,-3.0200,-0.000018
99963.512,84904.837,169.745,3870.455,-3.0199,-0.000059
99962.520,84904.715,169.750,3871.455,-3.0198,-0.000100
99961.528,84904.594,169.755,3872.455,-3.0197,-0.000074
99960.535,84904.472,169.760,3873.454,-3.0197,-0.000040
99959.543,84904.351,169.765,3874.454,-3.0196,-0.000006
99958.550,84904.229,169.770,3875.454,-3.0195,0.000029
99957.558,84904.108,169.776,3876.454,-3.0195,0.000063
99956.565,84903.986,169.781,3877.454,-3.0194,0.000097
99955.573,84903.865,169.786,3878.454,-3.0194,0.000132
99954.580,84903.743,169.791,3879.454,-3.0193,0.000166
99953.588,84903.622,169.796,3880.454,-3.0193,0.000200
99952.596,84903.500,169.802,3881.453,-3.0192,0.000209
99951.603,84903.377,169.807,3882.453,-3.0191,0.000176
99950.611,84903.255,169.813,3883.453,-3.0191,0.000144
99949.619,84903.132,169.818,3884.453,-3.0190,0.000112
99948.626,84903.009,169.823,3885.453,-3.0189,0.000079
99947.634,84902.887,169.829,3886.453,-3.0189,0.000047
99946.642,84902.764,169.834,3887.453,-3.0188,0.000015
99945.649,84902.641,169.840,3888.452,-3.0187,-0.000018
99944.657,84902.519,169.845,3889.452,-3.0187,-0.000050
99943.665,84902.396,169.850,3890.452,-3.0186,-0.000083
99942.672,84902.274,169.856,3891.452,-3.0187,-0.000094
99941.680,84902.152,169.861,3892.452,-3.0188,-0.000104
99940.688,84902.030,169.867,3893.452,-3.0190,-0.000113
99939.695,84901.908,169.873,3894.452,-3.0191,-0.000122
99938.703,84901.785,169.878,3895.451,-3.0192,-0.000131
99937.711,84901.663,169.884,3896.451,-3.0193,-0.000140
99936.718,84901.541,169.890,3897.451,-3.0195,-0.000150
99935.726,84901.419,169.895,3898.451,-3.0196,-0.000159
99934.733,84901.297,169.901,3899.451,-3.0197,-0.000168
99933.741,84901.175,169.906,3900.451,-3.0198,-0.000165
99932.748,84901.054,169.912,3901.451,-3.0199,-0.000142
99931.756,84900.933,169.918,3902.450,-3.0200,-0.000119
99930.763,84900.812,169.924,3903.450,-3.0200,-0.000096
99929.771,84900.691,169.930,3904.450,-3.0201,-0.000073
99928.778,84900.570,169.935,3905.450,-3.0202,-0.000049
99927.786,84900.449,169.941,3906.450,-3.0202,-0.000026
99926.793,84900.328,169.947,3907.450,-3.0203,-0.000003
99925.801,84900.207,169.953,3908.450,-3.0203,0.000020
99924.808,84900.086,169.959,3909.449,-3.0204,0.000043
99923.816,84899.965,169.965,3910.449,-3.0204,0.000037
99922.823,84899.844,169.970,3911.449,-3.0204,0.000027
99921.831,84899.724,169.976,3912.449,-3.0204,0.000017
99920.838,84899.603,169.982,3913.449,-3.0204,0.000007
99919.846,84899.482,169.988,3914.449,-3.0204,-0.000002
99918.853,84899.361,169.994,3915.449,-3.0204,-0.000012
99917.861,84899.240,170.000,3916.449,-3.0204,-0.000022
99916.868,84899.119,170.006,3917.448,-3.0204,-0.000032
99915.876,84898.998,170.012,3918.448,-3.0204,-0.000042
99914.883,84898.877,170.018,3919.448,-3.0204,-0.000053
99913.891,84898.756,170.024,3920.448,-3.0205,-0.000066
99912.898,84898.636,170.030,3921.448,-3.0205,-0.000079
99911.905,84898.515,170.037,3922.448,-3.0205,-0.000092
99910.913,84898.394,170.043,3923.448,-3.0205,-0.000105
99909.920,84898.273,170.049,3924.447,-3.0205,-0.000118
99908.928,84898.153,170.055,3925.447,-3.0205,-0.000131
99907.935,84898.032,170.061,3926.447,-3.0205,-0.000144
99906.943,84897.911,170.067,3927.447,-3.0205,-0.000157
99905.950,84897.790,170.073,3928.447,-3.0205,-0.000189
99904.958,84897.670,170.079,3929.447,-3.0206,-0.000159
99903.965,84897.551,170.085,3930.447,-3.0207,-0.000106
99902.972,84897.431,170.092,3931.446,-3.0207,-0.000054
99901.980,84897.311,170.098,3932.446,-3.0208,-0.000002
99900.987,84897.191,170.104,3933.446,-3.0208,0.000051
99899.994,84897.071,170.110,3934.446,-3.0209,0.000103
99899.002,84896.951,170.116,3935.446,-3.0209,0.000156
99898.009,84896.831,170.122,3936.446,-3.0210,0.000208
99897.016,84896.711,170.129,3937.446,-3.0210,0.000260
99896.024,84896.591,170.135,3938.445,-3.0211,0.000270
99895.031,84896.470,170.141,3939.445,-3.0211,0.000212
99894.039,84896.350,170.147,3940.445,-3.0210,0.000153
99893.046,84896.229,170.154,3941.445,-3.0210,0.000095
99892.054,84896.108,170.160,3942.445,-3.0210,0.000036
99891.061,84895.987,170.166,3943.445,-3.0210,-0.000022
99890.069,84895.867,170.172,3944.445,-3.0210,-0.000081
99889.076,84895.746,170.179,3945.444,-3.0210,-0.000139
99888.083,84895.625,170.185,3946.444,-3.0210,-0.000198
99887.091,84895.505,170.191,3947.444,-3.0209,-0.000256
99886.098,84895.385,170.197,3948.444,-3.0209,-0.000215
99885.106,84895.265,170.204,3949.444,-3.0209,-0.000161
99884.113,84895.145,170.210,3950.444,-3.0209,-0.000107
99883.120,84895.025,170.216,3951.444,-3.0210,-0.000052
99882.128,84894.905,170.222,3952.443,-3.0210,0.000002
99881.135,84894.785,170.229,3953.443,-3.0210,0.000056
99880.142,84894.665,170.235,3954.443,-3.0210,0.000110
99879.150,84894.545,170.241,3955.443,-3.0210,0.000165
99878.157,84894.425,170.248,3956.443,-3.0210,0.000219
99877.165,84894.305,170.254,3957.443,-3.0210,0.000233
99876.172,84894.184,170.260,3958.443,-3.0210,0.000181
99875.179,84894.064,170.267,3959.443,-3.0210,0.000129
99874.187,84893.943,170.273,3960.442,-3.0210,0.000078
99873.194,84893.822,170.279,3961.442,-3.0210,0.000026
99872.202,84893.701,170.285,3962.442,-3.0209,-0.000026
99871.209,84893.581,170.292,3963.442,-3.0209,-0.000078
99870.217,84893.460,170.298,3964.442,-3.0209,-0.000129
99869.224,84893.339,170.304,3965.442,-3.0209,-0.000181
99868.232,84893.219,170.311,3966.442,-3.0209,-0.000233
99867.239,84893.098,170.317,3967.441,-3.0208,-0.000172
99866.246,84892.978,170.324,3968.441,-3.0207,-0.000094
99865.254,84892.857,170.330,3969.441,-3.0206,-0.000017
99864.261,84892.737,170.336,3970.441,-3.0204,0.000060
99863.269,84892.617,170.343,3971.441,-3.0203,0.000137
99862.276,84892.496,170.349,3972.441,-3.0202,0.000214
99861.283,84892.376,170.355,3973.441,-3.0200,0.000291
99860.291,84892.256,170.362,3974.440,-3.0199,0.000368
99859.298,84892.135,170.368,3975.440,-3.0198,0.000445
99858.306,84892.015,170.375,3976.440,-3.0199,0.000410
99857.313,84891.893,170.381,3977.440,-3.0203,0.000190
99856.321,84891.772,170.387,3978.440,-3.0208,-0.000031
99855.328,84891.651,170.394,3979.440,-3.0212,-0.000251
99854.336,84891.530,170.400,3980.440,-3.0216,-0.000472
99853.343,84891.409,170.407,3981.439,-3.0221,-0.000692
99852.351,84891.288,170.413,3982.439,-3.0225,-0.000913
99851.358,84891.167,170.420,3983.439,-3.0230,-0.001133
99850.366,84891.046,170.426,3984.439,-3.0234,-0.001354
99849.373,84890.930,170.432,3985.439,-3.0237,-0.001166
99848.379,84890.816,170.439,3986.439,-3.0239,-0.000920
99847.386,84890.701,170.445,3987.439,-3.0241,-0.000673
99846.393,84890.586,170.452,3988.438,-3.0243,-0.000427
99845.400,84890.471,170.458,3989.438,-3.0245,-0.000181
99844.406,84890.356,170.465,3990.438,-3.0247,0.000066
99843.413,84890.241,170.472,3991.438,-3.0249,0.000312
99842.420,84890.126,170.478,3992.438,-3.0252,0.000558
99841.427,84890.011,170.485,3993.438,-3.0254,0.000804
99840.434,84889.895,170.491,3994.438,-3.0253,0.000921
99839.441,84889.776,170.498,3995.438,-3.0248,0.000819
99838.448,84889.657,170.504,3996.437,-3.0244,0.000717
99837.455,84889.538,170.511,3997.437,-3.0239,0.000616
99836.463,84889.419,170.517,3998.437,-3.0234,0.000514
99835.470,84889.300,170.524,3999.437,-3.0229,0.000413
99834.477,84889.181,170.531,4000.437,-3.0225,0.000311
99833.484,84889.063,170.537,4001.437,-3.0220,0.000209
99832.491,84888.944,170.544,4002.437,-3.0215,0.000108
99831.499,84888.825,170.550,4003.436,-3.0210,0.000006
99830.506,84888.705,170.557,4004.436,-3.0210,-0.000020
99829.513,84888.585,170.564,4005.436,-3.0211,-0.000036
99828.521,84888.465,170.571,4006.436,-3.0212,-0.000051
99827.528,84888.345,170.577,4007.436,-3.0213,-0.000067
99826.536,84888.225,170.584,4008.436,-3.0214,-0.000082
99825.543,84888.105,170.591,4009.436,-3.0214,-0.000098
99824.550,84887.985,170.597,4010.435,-3.0215,-0.000113
99823.558,84887.865,170.604,4011.435,-3.0216,-0.000129
99822.565,84887.745,170.611,4012.435,-3.0217,-0.000144
99821.572,84887.625,170.618,4013.435,-3.0217,-0.000142
99820.580,84887.506,170.624,4014.435,-3.0217,-0.000110
99819.587,84887.386,170.631,4015.435,-3.0217,-0.000079
99818.594,84887.267,170.638,4016.435,-3.0217,-0.000047
99817.601,84887.148,170.645,4017.434,-3.0217,-0.000015
99816.609,84887.028,170.652,4018.434,-3.0217,0.000016
99815.616,84886.909,170.659,4019.434,-3.0217,0.000048
99814.623,84886.790,170.666,4020.434,-3.0217,0.000080
99813.631,84886.670,170.672,4021.434,-3.0217,0.000112
99812.638,84886.551,170.679,4022.434,-3.0217,0.000143
99811.645,84886.432,170.686,4023.434,-3.0216,0.000083
99810.653,84886.312,170.693,4024.433,-3.0216,0.000018
99809.660,84886.192,170.700,4025.433,-3.0216,0.000010
99808.667,84886.073,170.707,4026.433,-3.0216,0.000001
99807.675,84885.953,170.714,4027.433,-3.0216,-0.000007
99806.682,84885.833,170.721,4028.433,-3.0217,-0.000015
99805.689,84885.713,170.728,4029.433,-3.0217,-0.000024
99804.696,84885.594,170.735,4030.433,-3.0217,-0.000032
99803.704,84885.474,170.742,4031.432,-3.0217,-0.000041
99802.711,84885.355,170.749,4032.432,-3.0217,-0.000046
99801.718,84885.235,170.756,4033.432,-3.0218,-0.000048
99800.726,84885.116,170.764,4034.432,-3.0218,-0.000050
99799.733,84884.997,170.771,4035.432,-3.0219,-0.000051
99798.740,84884.877,170.778,4036.432,-3.0220,-0.000053
99797.748,84884.758,170.785,4037.432,-3.0220,-0.000055
99796.755,84884.639,170.792,4038.432,-3.0221,-0.000056
99795.762,84884.519,170.799,4039.431,-3.0221,-0.000058
99794.769,84884.400,170.807,4040.431,-3.0222,-0.000060
99793.777,84884.281,170.814,4041.431,-3.0222,-0.000061
99792.784,84884.162,170.821,4042.431,-3.0223,-0.000071
99791.791,84884.043,170.829,4043.431,-3.0224,-0.000081
99790.798,84883.925,170.836,4044.431,-3.0225,-0.000092
99789.806,84883.806,170.843,4045.431,-3.0227,-0.000102
99788.813,84883.687,170.851,4046.430,-3.0228,-0.000112
99787.820,84883.569,170.858,4047.430,-3.0229,-0.000123
99786.827,84883.450,170.865,4048.430,-3.0230,-0.000133
99785.834,84883.332,170.873,4049.430,-3.0231,-0.000144
99784.842,84883.213,170.880,4050.430,-3.0232,-0.000154
99783.849,84883.095,170.887,4051.430,-3.0233,-0.000143
99782.856,84882.977,170.895,4052.430,-3.0232,-0.000092
99781.863,84882.859,170.903,4053.429,-3.0231,-0.000042
99780.870,84882.741,170.910,4054.429,-3.0230,0.000008
99779.877,84882.623,170.918,4055.429,-3.0229,0.000058
99778.884,84882.505,170.925,4056.429,-3.0229,0.000109
99777.891,84882.387,170.933,4057.429,-3.0228,0.000159
99776.899,84882.269,170.940,4058.429,-3.0227,0.000209
99775.906,84882.151,170.948,4059.429,-3.0226,0.000259
99774.913,84882.033,170.956,4060.428,-3.0225,0.000310
99773.920,84881.913,170.963,4061.428,-3.0225,0.000292
99772.927,84881.794,170.971,4062.428,-3.0225,0.000264
99771.935,84881.675,170.979,4063.428,-3.0224,0.000236
99770.942,84881.555,170.987,4064.428,-3.0224,0.000208
99769.949,84881.436,170.994,4065.428,-3.0224,0.000180
99768.957,84881.316,171.002,4066.428,-3.0223,0.000152
99767.964,84881.197,171.010,4067.427,-3.0223,0.000124
99766.971,84881.078,171.018,4068.427,-3.0223,0.000095
99765.978,84880.958,171.025,4069.427,-3.0222,0.000067
99764.986,84880.839,171.100,4070.427,-3.0222,0.000215
99763.993,84880.719,171.132,4071.427,-3.0220,0.000244
99763.001,84880.598,171.129,4072.427,-3.0219,0.000176
99762.008,84880.478,171.126,4073.427,-3.0217,0.000108
99761.015,84880.357,171.123,4074.427,-3.0216,0.000041
99760.023,84880.237,171.119,4075.426,-3.0214,-0.000027
99759.030,84880.116,171.116,4076.426,-3.0213,-0.000095
99758.038,84879.995,171.113,4077.426,-3.0211,-0.000162
99757.045,84879.875,171.110,4078.426,-3.0210,-0.000230
99756.053,84879.754,171.107,4079.426,-3.0208,-0.000297
99755.060,84879.634,171.113,4080.426,-3.0207,-0.000225
99754.067,84879.514,171.121,4081.426,-3.0206,-0.000130
99753.075,84879.393,171.130,4082.425,-3.0204,-0.000035
99752.082,84879.273,171.138,4083.425,-3.0203,0.000060
99751.090,84879.152,171.146,4084.425,-3.0201,0.000155
99750.097,84879.032,171.154,4085.425,-3.0200,0.000250
99749.104,84878.912,171.163,4086.425,-3.0199,0.000345
99748.112,84878.791,171.171,4087.425,-3.0197,0.000440
99747.119,84878.671,171.179,4088.425,-3.0196,0.000535
99746.127,84878.550,171.187,4089.424,-3.0195,0.000557
99745.135,84878.427,171.196,4090.424,-3.0194,0.000448
99744.142,84878.304,171.204,4091.424,-3.0193,0.000340
99743.150,84878.181,171.212,4092.424,-3.0192,0.000231
99742.158,84878.058,171.221,4093.424,-3.0191,0.000123
99741.165,84877.935,171.229,4094.424,-3.0190,0.000014
99740.173,84877.812,171.238,4095.424,-3.0190,-0.000094
99739.181,84877.689,171.246,4096.423,-3.0189,-0.000203
99738.189,84877.566,171.254,4097.423,-3.0188,-0.000311
99737.196,84877.443,171.263,4098.423,-3.0187,-0.000420
99736.204,84877.321,171.271,4099.423,-3.0190,-0.000422
99735.211,84877.201,171.280,4100.423,-3.0194,-0.000407
99734.219,84877.080,171.289,4101.423,-3.0197,-0.000391
99733.226,84876.959,171.297,4102.423,-3.0201,-0.000376
99732.234,84876.839,171.306,4103.422,-3.0205,-0.000360
99731.241,84876.718,171.315,4104.422,-3.0208,-0.000345
99730.249,84876.597,171.323,4105.422,-3.0212,-0.000329
99729.256,84876.476,171.332,4106.422,-3.0216,-0.000314
99728.264,84876.356,171.340,4107.422,-3.0219,-0.000298
99727.271,84876.236,171.349,4108.422,-3.0222,-0.000274
99726.278,84876.117,171.358,4109.422,-3.0223,-0.000234
99725.285,84875.999,171.367,4110.421,-3.0224,-0.000193
99724.292,84875.881,171.375,4111.421,-3.0225,-0.000153
99723.300,84875.762,171.384,4112.421,-3.0226,-0.000113
99722.307,84875.644,171.393,4113.421,-3.0227,-0.000073
99721.314,84875.525,171.402,4114.421,-3.0228,-0.000033
99720.321,84875.407,171.411,4115.421,-3.0229,0.000007
99719.328,84875.289,171.419,4116.421,-3.0230,0.000048
99718.335,84875.170,171.428,4117.421,-3.0230,0.000088
99717.343,84875.052,171.437,4118.420,-3.0230,0.000071
99716.350,84874.934,171.446,4119.420,-3.0230,0.000046
99715.357,84874.815,171.455,4120.420,-3.0230,0.000020
99714.364,84874.697,171.464,4121.420,-3.0229,-0.000006
99713.371,84874.578,171.473,4122.420,-3.0229,-0.000027
99712.378,84874.460,171.482,4123.420,-3.0229,-0.000013
99711.386,84874.342,171.491,4124.420,-3.0229,0.000001
99710.393,84874.223,171.500,4125.419,-3.0229,0.000015
99709.400,84874.105,171.509,4126.419,-3.0229,0.000029
99708.407,84873.986,171.518,4127.419,-3.0229,0.000042
99707.414,84873.868,171.527,4128.419,-3.0228,0.000051
99706.422,84873.749,171.536,4129.419,-3.0227,0.000060
99705.429,84873.630,171.545,4130.419,-3.0226,0.000069
99704.436,84873.512,171.555,4131.419,-3.0225,0.000078
99703.443,84873.393,171.564,4132.418,-3.0225,0.000087
99702.450,84873.274,171.573,4133.418,-3.0224,0.000096
99701.458,84873.155,171.582,4134.418,-3.0223,0.000105
99700.465,84873.037,171.591,4135.418,-3.0222,0.000114
99699.472,84872.918,171.600,4136.418,-3.0221,0.000123
99698.479,84872.799,171.610,4137.418,-3.0221,0.000109
99697.487,84872.679,171.619,4138.418,-3.0220,0.000091
99696.494,84872.560,171.628,4139.417,-3.0220,0.000073
99695.501,84872.440,171.637,4140.417,-3.0220,0.000055
99694.509,84872.321,171.647,4141.417,-3.0219,0.000037
99693.516,84872.201,171.656,4142.417,-3.0219,0.000020
99692.523,84872.082,171.665,4143.417,-3.0218,0.000002
99691.531,84871.962,171.675,4144.417,-3.0218,-0.000016
99690.538,84871.843,171.684,4145.417,-3.0218,-0.000034
99689.545,84871.723,171.693,4146.416,-3.0217,-0.000041
99688.552,84871.604,171.703,4147.416,-3.0217,-0.000029
99687.560,84871.484,171.712,4148.416,-3.0217,-0.000016
99686.567,84871.365,171.721,4149.416,-3.0217,-0.000004
99685.574,84871.245,171.731,4150.416,-3.0217,0.000009
99684.582,84871.125,171.740,4151.416,-3.0217,0.000021
99683.589,84871.006,171.749,4152.416,-3.0217,0.000033
99682.596,84870.886,171.759,4153.416,-3.0216,0.000046
99681.604,84870.767,171.768,4154.415,-3.0216,0.000058
99680.611,84870.647,171.778,4155.415,-3.0216,0.000070
99679.618,84870.528,171.787,4156.415,-3.0216,0.000053
99678.626,84870.408,171.796,4157.415,-3.0217,0.000029
99677.633,84870.288,171.806,4158.415,-3.0217,0.000006
99676.640,84870.169,171.815,4159.415,-3.0218,-0.000017
99675.648,84870.049,171.825,4160.415,-3.0218,-0.000040
99674.655,84869.929,171.834,4161.414,-3.0218,-0.000063
99673.662,84869.810,171.844,4162.414,-3.0219,-0.000087
99672.670,84869.690,171.853,4163.414,-3.0219,-0.000110
99671.677,84869.570,171.862,4164.414,-3.0219,-0.000133
99670.684,84869.451,171.872,4165.414,-3.0220,-0.000135
99669.691,84869.332,171.881,4166.414,-3.0219,-0.000096
99668.699,84869.212,171.891,4167.414,-3.0219,-0.000057
99667.706,84869.093,171.900,4168.413,-3.0219,-0.000019
99666.713,84868.974,171.909,4169.413,-3.0218,0.000020
99665.721,84868.855,171.919,4170.413,-3.0218,0.000058
99664.728,84868.736,171.928,4171.413,-3.0217,0.000097
99663.735,84868.617,171.938,4172.413,-3.0217,0.000135
99662.742,84868.497,171.947,4173.413,-3.0217,0.000174
99661.750,84868.378,171.956,4174.413,-3.0216,0.000213
99660.757,84868.259,171.966,4175.412,-3.0219,0.000125
99659.764,84868.140,171.975,4176.412,-3.0222,0.000014
99658.771,84868.021,171.985,4177.412,-3.0225,-0.000096
99657.779,84867.902,171.994,4178.412,-3.0228,-0.000207
99656.786,84867.783,172.003,4179.412,-3.0231,-0.000317
99655.793,84867.664,172.013,4180.412,-3.0234,-0.000428
99654.800,84867.545,172.022,4181.412,-3.0237,-0.000538
99653.808,84867.426,172.031,4182.411,-3.0240,-0.000649
99652.815,84867.307,172.041,4183.411,-3.0243,-0.000759
99651.822,84867.190,172.050,4184.411,-3.0250,-0.000879
99650.829,84867.076,172.059,4185.411,-3.0262,-0.001017
99649.835,84866.962,172.069,4186.411,-3.0274,-0.001155
99648.842,84866.848,172.078,4187.411,-3.0286,-0.001293
99647.848,84866.734,172.087,4188.411,-3.0298,-0.001431
99646.855,84866.621,172.096,4189.410,-3.0310,-0.001569
99645.861,84866.513,172.106,4190.410,-3.0327,-0.001655
99644.867,84866.407,172.115,4191.410,-3.0345,-0.001731
99643.873,84866.300,172.124,4192.410,-3.0362,-0.001807
99642.878,84866.194,172.133,4193.410,-3.0380,-0.001883
99641.884,84866.091,172.142,4194.410,-3.0399,-0.001999
99640.889,84865.993,172.151,4195.410,-3.0423,-0.002193
99639.894,84865.895,172.161,4196.410,-3.0446,-0.002387
99638.899,84865.797,172.170,4197.409,-3.0469,-0.002582
99637.903,84865.702,172.179,4198.409,-3.0495,-0.002779
99636.907,84865.615,172.188,4199.409,-3.0525,-0.002984
99635.911,84865.527,172.197,4200.409,-3.0556,-0.003188
99634.915,84865.439,172.206,4201.409,-3.0587,-0.003393
99633.919,84865.360,172.215,4202.409,-3.0623,-0.003568
99632.922,84865.283,172.224,4203.409,-3.0659,-0.003738
99631.925,84865.206,172.233,4204.408,-3.0696,-0.003908
99630.927,84865.139,172.242,4205.408,-3.0736,-0.003993
99629.930,84865.074,172.251,4206.408,-3.0776,-0.004062
99628.932,84865.008,172.260,4207.408,-3.0817,-0.004131
99627.934,84864.953,172.269,4208.408,-3.0858,-0.004126
99626.935,84864.900,172.278,4209.408,-3.0899,-0.004107
99625.937,84864.847,172.287,4210.408,-3.0940,-0.004088
99624.938,84864.804,172.296,4211.407,-3.0980,-0.004019
99623.939,84864.763,172.305,4212.407,-3.1019,-0.003940
99622.940,84864.722,172.313,4213.407,-3.1059,-0.003861
99621.940,84864.691,172.322,4214.407,-3.1095,-0.003664
99620.941,84864.662,172.331,4215.407,-3.1131,-0.003445
99619.941,84864.632,172.340,4216.407,-3.1166,-0.003227
99618.942,84864.612,172.349,4217.407,-3.1206,-0.003251
99617.942,84864.594,172.357,4218.406,-3.1246,-0.003320
99616.942,84864.576,172.366,4219.406,-3.1286,-0.003389
99615.943,84864.561,172.375,4220.406,-3.1320,-0.002663
99614.943,84864.553,172.384,4221.406,-3.1339,-0.000774
99613.943,84864.545,172.392,4222.406,-3.1351,-0.001829
99612.943,84864.537,172.401,4223.406,-3.1363,-0.002885
99611.943,84864.537,172.410,4224.406,-3.1387,-0.002740
99610.943,84864.537,172.418,4225.405,-3.1412,-0.002369
99609.944,84864.538,172.427,4226.405,3.1394,-0.001999
99608.944,84864.539,172.435,4227.405,3.1368,-0.001629
99607.944,84864.547,172.444,4228.405,3.1349,-0.001643
99606.944,84864.556,172.452,4229.405,3.1332,-0.001729
99605.944,84864.565,172.461,4230.405,3.1314,-0.001816
99604.944,84864.574,172.470,4231.405,3.1297,-0.001902
99603.945,84864.586,172.478,4232.404,3.1278,-0.002003
99602.945,84864.603,172.486,4233.404,3.1256,-0.002129
99601.945,84864.620,172.495,4234.404,3.1234,-0.002256
99600.946,84864.637,172.503,4235.404,3.1211,-0.002382
99599.946,84864.658,172.512,4236.404,3.1188,-0.002498
99598.946,84864.684,172.520,4237.404,3.1162,-0.002592
99597.947,84864.711,172.529,4238.404,3.1135,-0.002686
99596.947,84864.737,172.537,4239.403,3.1109,-0.002780
99595.948,84864.772,172.545,4240.403,3.1079,-0.002939
99594.949,84864.808,172.554,4241.403,3.1048,-0.003110
99593.950,84864.845,172.562,4242.403,3.1017,-0.003281
99592.951,84864.885,172.570,4243.403,3.0984,-0.003441
99591.952,84864.932,172.578,4244.403,3.0948,-0.003582
99590.953,84864.979,172.587,4245.403,3.0912,-0.003723
99589.955,84865.030,172.595,4246.402,3.0876,-0.003804
99588.956,84865.088,172.603,4247.402,3.0838,-0.003769
99587.958,84865.147,172.611,4248.402,3.0800,-0.003733
99586.960,84865.209,172.619,4249.402,3.0763,-0.003690
99585.963,84865.278,172.627,4250.402,3.0727,-0.003632
99584.965,84865.348,172.635,4251.402,3.0691,-0.003573
99583.968,84865.421,172.644,4252.402,3.0655,-0.003536
99582.972,84865.501,172.652,4253.401,3.0619,-0.003542
99581.975,84865.581,172.660,4254.401,3.0584,-0.003548
99580.979,84865.665,172.668,4255.401,3.0548,-0.003567
99579.983,84865.756,172.676,4256.401,3.0512,-0.003614
99578.987,84865.846,172.684,4257.401,3.0476,-0.003661
99577.992,84865.941,172.691,4258.401,3.0439,-0.003697
99576.997,84866.043,172.699,4259.401,3.0402,-0.003712
99576.003,84866.145,172.707,4260.400,3.0365,-0.003727
99575.008,84866.250,172.715,4261.400,3.0328,-0.003719
99574.015,84866.363,172.723,4262.400,3.0292,-0.003664
99573.021,84866.476,172.731,4263.400,3.0255,-0.003610
99572.028,84866.592,172.739,4264.400,3.0219,-0.003576
99571.036,84866.716,172.747,4265.400,3.0183,-0.003582
99570.044,84866.839,172.754,4266.400,3.0147,-0.003588
99569.052,84866.966,172.762,4267.399,3.0111,-0.003611
99568.061,84867.101,172.770,4268.399,3.0074,-0.003670
99567.071,84867.235,172.778,4269.399,3.0037,-0.003729
99566.080,84867.373,172.785,4270.399,3.0000,-0.003781
99565.091,84867.518,172.793,4271.399,2.9962,-0.003818
99564.102,84867.664,172.801,4272.399,2.9924,-0.003856
99563.113,84867.813,172.808,4273.399,2.9886,-0.003852
99562.126,84867.970,172.816,4274.398,2.9848,-0.003764
99561.138,84868.127,172.824,4275.398,2.9811,-0.003677
99560.151,84868.287,172.831,4276.398,2.9774,-0.003606
99559.166,84868.455,172.839,4277.398,2.9738,-0.003570
99558.180,84868.622,172.847,4278.398,2.9702,-0.003533
99557.195,84868.794,172.854,4279.398,2.9667,-0.003531
99556.211,84868.972,172.862,4280.398,2.9631,-0.003596
99555.227,84869.150,172.869,4281.397,2.9595,-0.003661
99554.244,84869.331,172.877,4282.397,2.9558,-0.003709
99553.262,84869.520,172.885,4283.397,2.9521,-0.003725
99552.280,84869.709,172.892,4284.397,2.9484,-0.003741
99551.299,84869.902,172.900,4285.397,2.9446,-0.003740
99550.319,84870.102,172.907,4286.397,2.9409,-0.003705
99549.340,84870.302,172.915,4287.397,2.9372,-0.003670
99548.361,84870.505,172.922,4288.396,2.9335,-0.003666
99547.383,84870.716,172.930,4289.396,2.9298,-0.003725
99546.406,84870.927,172.937,4290.396,2.9261,-0.003784
99545.429,84871.141,172.945,4291.396,2.9222,-0.003871
99544.455,84871.363,172.952,4292.396,2.9182,-0.004014
99543.480,84871.585,172.960,4293.396,2.9142,-0.004157
99542.506,84871.812,172.967,4294.396,2.9100,-0.004271
99541.534,84872.046,172.975,4295.395,2.9057,-0.004326
99540.562,84872.280,172.982,4296.395,2.9014,-0.004380
99539.591,84872.519,172.990,4297.395,2.8970,-0.004384
99538.622,84872.766,172.997,4298.395,2.8928,-0.004287
99537.653,84873.013,173.004,4299.395,2.8885,-0.004189
99536.685,84873.264,173.012,4300.395,2.8843,-0.004082
99535.719,84873.523,173.019,4301.395,2.8804,-0.003955
99534.754,84873.782,173.027,4302.394,2.8765,-0.003828
99533.789,84874.044,173.034,4303.394,2.8726,-0.003731
99532.826,84874.314,173.041,4304.394,2.8689,-0.003694
99531.863,84874.584,173.049,4305.394,2.8652,-0.003657
99530.902,84874.857,173.056,4306.394,2.8616,-0.003638
99529.942,84875.138,173.063,4307.394,2.8579,-0.003654
99528.982,84875.418,173.071,4308.393,2.8543,-0.003669
99528.023,84875.702,173.078,4309.393,2.8506,-0.003662
99527.067,84875.993,173.085,4310.393,2.8470,-0.003606
99526.110,84876.284,173.093,4311.393,2.8435,-0.003551
99525.155,84876.578,173.100,4312.393,2.8400,-0.003457
99524.201,84876.879,173.107,4313.393,2.8367,-0.003284
99523.248,84877.180,173.115,4314.393,2.8334,-0.003111
99522.295,84877.484,173.122,4315.392,2.8299,-0.003059
99521.345,84877.795,173.129,4316.392,2.8262,-0.003254
99520.395,84878.106,173.136,4317.392,2.8224,-0.003450
99519.444,84878.417,173.143,4318.392,2.8186,-0.003645
99518.497,84878.736,173.151,4319.392,2.8165,-0.002136
99517.550,84879.057,173.158,4320.392,2.8148,-0.000496
99516.603,84879.378,173.165,4321.392,2.8130,-0.002465
99515.657,84879.702,173.172,4322.391,2.8105,-0.003696
99514.713,84880.033,173.179,4323.391,2.8068,-0.003418
99513.770,84880.364,173.186,4324.391,2.8030,-0.003141
99512.826,84880.695,173.193,4325.391,2.7992,-0.002863
99511.886,84881.034,173.200,4326.391,2.7962,-0.002849
99510.946,84881.375,173.207,4327.391,2.7933,-0.002889
99510.006,84881.716,173.214,4328.391,2.7904,-0.002929
99509.067,84882.060,173.221,4329.390,2.7875,-0.002932
99508.131,84882.410,173.228,4330.390,2.7847,-0.002860
99507.194,84882.761,173.235,4331.390,2.7819,-0.002787
99506.258,84883.111,173.241,4332.390,2.7791,-0.002715
99505.324,84883.469,173.248,4333.390,2.7764,-0.002652
99504.391,84883.828,173.255,4334.390,2.7738,-0.002590
99503.458,84884.188,173.262,4335.390,2.7712,-0.002528
99502.526,84884.550,173.268,4336.390,2.7688,-0.002421
99501.596,84884.917,173.275,4337.389,2.7667,-0.002221
99500.667,84885.285,173.282,4338.389,2.7647,-0.002022
99499.737,84885.653,173.288,4339.389,2.7626,-0.001822
99498.808,84886.023,173.295,4340.389,2.7609,-0.001601
99497.881,84886.398,173.301,4341.389,2.7602,-0.001336
99496.954,84886.772,173.307,4342.389,2.7594,-0.001071
99496.027,84887.147,173.314,4343.389,2.7586,-0.000807
99495.100,84887.522,173.320,4344.388,2.7579,-0.000542
99494.173,84887.897,173.327,4345.388,2.7571,-0.000277
99493.246,84888.271,173.333,4346.388,2.7563,-0.000012
99492.319,84888.646,173.339,4347.388,2.7559,0.000167
99491.392,84889.022,173.345,4348.388,2.7561,0.000168
99490.466,84889.397,173.351,4349.388,2.7562,0.000169
99489.539,84889.773,173.357,4350.388,2.7564,0.000170
99488.612,84890.148,173.363,4351.387,2.7566,0.000171
99487.686,84890.524,173.369,4352.387,2.7568,0.000171
99486.759,84890.899,173.375,4353.387,2.7569,0.000172
99485.832,84891.274,173.381,4354.387,2.7571,0.000173
99484.906,84891.650,173.387,4355.387,2.7573,0.000174
99483.979,84892.025,173.393,4356.387,2.7574,0.000175
99483.052,84892.400,173.399,4357.387,2.7575,0.000145
99482.125,84892.774,173.405,4358.386,2.7575,0.000108
99481.198,84893.149,173.410,4359.386,2.7574,0.000072
99480.271,84893.523,173.416,4360.386,2.7574,0.000035
99479.344,84893.898,173.421,4361.386,2.7574,-0.000001
99478.416,84894.272,173.427,4362.386,2.7574,-0.000038
99477.489,84894.647,173.432,4363.386,2.7574,-0.000074
99476.562,84895.021,173.438,4364.386,2.7574,-0.000111
99475.635,84895.396,173.443,4365.385,2.7574,-0.000147
99474.708,84895.770,173.464,4366.385,2.7574,-0.000128
99473.781,84896.145,173.519,4367.385,2.7573,0.000008
99472.854,84896.520,173.554,4368.385,2.7573,0.000096
99471.927,84896.894,173.546,4369.385,2.7574,0.000074
99471.000,84897.269,173.537,4370.385,2.7574,0.000053
99470.073,84897.644,173.529,4371.385,2.7574,0.000031
99469.146,84898.018,173.521,4372.384,2.7575,0.000009
99468.219,84898.393,173.512,4373.384,2.7575,-0.000012
99467.292,84898.767,173.504,4374.384,2.7575,-0.000034
99466.365,84899.142,173.495,4375.384,2.7575,-0.000055
99465.438,84899.517,173.497,4376.384,2.7576,-0.000041
99464.511,84899.891,173.502,4377.384,2.7576,-0.000020
99463.584,84900.266,173.506,4378.384,2.7577,0.000002
99462.657,84900.640,173.510,4379.384,2.7577,0.000024
99461.730,84901.015,173.514,4380.383,2.7578,0.000046
99460.803,84901.390,173.519,4381.383,2.7578,0.000067
99459.876,84901.764,173.523,4382.383,2.7578,0.000089
99458.949,84902.139,173.527,4383.383,2.7579,0.000111
99458.022,84902.513,173.532,4384.383,2.7579,0.000133
99457.094,84902.888,173.536,4385.383,2.7580,0.000139
99456.167,84903.262,173.539,4386.383,2.7580,0.000113
99455.240,84903.636,173.543,4387.382,2.7580,0.000087
99454.313,84904.010,173.546,4388.382,2.7580,0.000061
99453.385,84904.384,173.550,4389.382,2.7581,0.000035
99452.458,84904.758,173.554,4390.382,2.7581,0.000009
99451.531,84905.131,173.557,4391.382,2.7581,-0.000017
99450.603,84905.505,173.561,4392.382,2.7581,-0.000043
99449.676,84905.879,173.564,4393.382,2.7582,-0.000069
99448.749,84906.253,173.568,4394.381,2.7582,-0.000095
99447.822,84906.628,173.571,4395.381,2.7577,-0.000198
99446.895,84907.004,173.574,4396.381,2.7572,-0.000319
99445.969,84907.379,173.577,4397.381,2.7566,-0.000439
99445.042,84907.755,173.580,4398.381,2.7561,-0.000560
99444.115,84908.130,173.582,4399.381,2.7555,-0.000681
99443.188,84908.505,173.585,4400.381,2.7550,-0.000801
99442.262,84908.881,173.588,4401.380,2.7544,-0.000922
99441.335,84909.257,173.591,4402.380,2.7541,-0.000934
99440.410,84909.637,173.593,4403.380,2.7541,-0.000713
99439.485,84910.016,173.595,4404.380,2.7542,-0.000492
99438.560,84910.395,173.597,4405.380,2.7542,-0.000271
99437.635,84910.774,173.599,4406.380,2.7543,-0.000049
99436.710,84911.153,173.602,4407.380,2.7544,0.000172
99435.784,84911.533,173.604,4408.379,2.7544,0.000393
99434.859,84911.912,173.606,4409.379,2.7545,0.000614
99433.934,84912.291,173.608,4410.379,2.7545,0.000835
99433.009,84912.670,173.610,4411.379,2.7546,0.001056
99432.083,84913.047,173.612,4412.379,2.7549,0.000890
99431.156,84913.422,173.613,4413.379,2.7552,0.000638
99430.230,84913.798,173.614,4414.379,2.7556,0.000385
99429.303,84914.174,173.616,4415.379,2.7559,0.000132
99428.376,84914.550,173.617,4416.378,2.7563,-0.000120
99427.450,84914.925,173.618,4417.378,2.7566,-0.000355
99426.523,84915.301,173.620,4418.378,2.7566,-0.000158
99425.597,84915.677,173.621,4419.378,2.7566,0.000038
99424.670,84916.052,173.622,4420.378,2.7566,0.000234
99423.743,84916.428,173.623,4421.378,2.7567,0.000356
99422.816,84916.802,173.624,4422.378,2.7569,0.000315
99421.889,84917.176,173.625,4423.377,2.7571,0.000274
99420.962,84917.551,173.625,4424.377,2.7573,0.000233
99420.035,84917.925,173.626,4425.377,2.7574,0.000193
99419.108,84918.299,173.626,4426.377,2.7576,0.000152
99418.180,84918.674,173.627,4427.377,2.7578,0.000111
99417.253,84919.048,173.627,4428.377,2.7580,0.000070
99416.326,84919.422,173.628,4429.377,2.7582,0.000029
99415.399,84919.797,173.629,4430.376,2.7584,-0.000012
99414.472,84920.171,173.629,4431.376,2.7583,-0.000039
99413.545,84920.545,173.629,4432.376,2.7582,-0.000063
99412.617,84920.920,173.628,4433.376,2.7580,-0.000087
99411.690,84921.294,173.628,4434.376,2.7579,-0.000111
99410.763,84921.668,173.628,4435.376,2.7578,-0.000135
99409.836,84922.042,173.628,4436.376,2.7576,-0.000159
99408.909,84922.417,173.628,4437.375,2.7575,-0.000183
99407.982,84922.791,173.628,4438.375,2.7574,-0.000207
99407.054,84923.165,173.628,4439.375,2.7572,-0.000231
99406.127,84923.540,173.627,4440.375,2.7571,-0.000239
99405.201,84923.915,173.627,4441.375,2.7570,-0.000212
99404.274,84924.291,173.626,4442.375,2.7569,-0.000184
99403.348,84924.667,173.625,4443.375,2.7567,-0.000157
99402.421,84925.043,173.624,4444.374,2.7566,-0.000130
99401.495,84925.418,173.624,4445.374,2.7565,-0.000102
99400.568,84925.794,173.623,4446.374,2.7564,-0.000075
99399.641,84926.170,173.622,4447.374,2.7563,-0.000047
99398.715,84926.546,173.621,4448.374,2.7562,-0.000020
99397.788,84926.921,173.621,4449.374,2.7560,0.000007
99396.862,84927.297,173.619,4450.374,2.7561,0.000026
99395.935,84927.673,173.618,4451.373,2.7562,0.000043
99395.008,84928.049,173.617,4452.373,2.7563,0.000059
99394.082,84928.424,173.615,4453.373,2.7564,0.000076
99393.155,84928.800,173.614,4454.373,2.7565,0.000093
99392.229,84929.176,173.613,4455.373,2.7565,0.000110
99391.302,84929.552,173.611,4456.373,2.7566,0.000126
99390.376,84929.927,173.610,4457.373,2.7567,0.000143
99389.449,84930.303,173.609,4458.373,2.7568,0.000160
99388.522,84930.679,173.607,4459.372,2.7569,0.000161
99387.596,84931.053,173.605,4460.372,2.7569,0.000128
99386.669,84931.428,173.604,4461.372,2.7569,0.000095
99385.742,84931.803,173.602,4462.372,2.7569,0.000062
99384.815,84932.178,173.600,4463.372,2.7569,0.000029
99383.888,84932.553,173.598,4464.372,2.7570,-0.000004
99382.961,84932.928,173.596,4465.372,2.7570,-0.000038
99382.034,84933.303,173.594,4466.371,2.7570,-0.000071
99381.107,84933.678,173.593,4467.371,2.7570,-0.000104
99380.180,84934.053,173.591,4468.371,2.7570,-0.000137
99379.254,84934.428,173.589,4469.371,2.7570,-0.000126
99378.327,84934.804,173.586,4470.371,2.7569,-0.000104
99377.400,84935.179,173.584,4471.371,2.7569,-0.000082
99376.473,84935.555,173.582,4472.371,2.7569,-0.000060
99375.547,84935.930,173.579,4473.370,2.7568,-0.000038
99374.620,84936.306,173.577,4474.370,2.7568,-0.000016
99373.693,84936.681,173.575,4475.370,2.7568,0.000005
99372.767,84937.056,173.572,4476.370,2.7567,0.000027
99371.840,84937.432,173.570,4477.370,2.7567,0.000049
99370.913,84937.807,173.572,4478.370,2.7567,0.000058
99369.987,84938.183,173.585,4479.370,2.7567,0.000040
99369.060,84938.558,173.597,4480.369,2.7566,0.000021
99368.133,84938.933,173.609,4481.369,2.7566,0.000002
99367.206,84939.309,173.621,4482.369,2.7566,-0.000016
99366.280,84939.684,173.634,4483.369,2.7566,-0.000035
99365.353,84940.060,173.646,4484.369,2.7566,-0.000053
99364.426,84940.435,173.627,4485.369,2.7567,0.000042
99363.500,84940.810,173.588,4486.369,2.7569,0.000206
99362.573,84941.186,173.550,4487.368,2.7571,0.000370
99361.646,84941.560,173.540,4488.368,2.7572,0.000363
99360.718,84941.934,173.537,4489.368,2.7574,0.000314
99359.791,84942.308,173.534,4490.368,2.7576,0.000264
99358.864,84942.682,173.531,4491.368,2.7578,0.000215
99357.936,84943.055,173.528,4492.368,2.7579,0.000166
99357.009,84943.429,173.525,4493.368,2.7581,0.000117
99356.082,84943.803,173.522,4494.368,2.7583,0.000068
99355.154,84944.177,173.519,4495.367,2.7585,0.000019
99354.227,84944.551,173.516,4496.367,2.7587,-0.000030
99353.300,84944.925,173.513,4497.367,2.7587,-0.000072
99352.372,84945.299,173.509,4498.367,2.7585,-0.000097
99351.445,84945.673,173.506,4499.367,2.7584,-0.000123
99350.518,84946.047,173.502,4500.367,2.7582,-0.000148
99349.591,84946.421,173.499,4501.367,2.7580,-0.000174
99348.664,84946.796,173.495,4502.366,2.7578,-0.000199
99347.736,84947.170,173.492,4503.366,2.7576,-0.000225
99346.809,84947.544,173.489,4504.366,2.7574,-0.000250
99345.882,84947.918,173.485,4505.366,2.7572,-0.000275
99344.955,84948.292,173.482,4506.366,2.7570,-0.000301
99344.028,84948.667,173.478,4507.366,2.7569,-0.000269
99343.101,84949.043,173.474,4508.366,2.7569,-0.000223
99342.175,84949.419,173.471,4509.365,2.7568,-0.000177
99341.248,84949.795,173.467,4510.365,2.7567,-0.000131
99340.322,84950.171,173.463,4511.365,2.7566,-0.000085
99339.395,84950.546,173.459,4512.365,2.7565,-0.000039
99338.469,84950.922,173.456,4513.365,2.7564,0.000007
99337.542,84951.298,173.452,4514.365,2.7564,0.000053
99336.615,84951.674,173.448,4515.365,2.7563,0.000096
99335.689,84952.049,173.444,4516.364,2.7563,0.000054
99334.762,84952.425,173.440,4517.364,2.7564,0.000055
99333.836,84952.801,173.436,4518.364,2.7564,0.000056
99332.909,84953.176,173.432,4519.364,2.7564,0.000057
99331.982,84953.552,173.428,4520.364,2.7565,0.000057
99331.056,84953.927,173.424,4521.364,2.7565,0.000058
99330.129,84954.303,173.420,4522.364,2.7566,0.000059
99329.203,84954.679,173.416,4523.363,2.7566,0.000060
99328.276,84955.054,173.412,4524.363,2.7566,0.000061
99327.349,84955.430,173.408,4525.363,2.7567,0.000062
99326.422,84955.805,173.404,4526.363,2.7568,0.000071
99325.496,84956.180,173.400,4527.363,2.7569,0.000082
99324.569,84956.555,173.396,4528.363,2.7570,0.000093
99323.642,84956.930,173.391,4529.363,2.7571,0.000104
99322.715,84957.305,173.387,4530.362,2.7572,0.000115
99321.788,84957.680,173.383,4531.362,2.7574,0.000126
99320.861,84958.055,173.379,4532.362,2.7575,0.000137
99319.934,84958.430,173.374,4533.362,2.7576,0.000148
99319.007,84958.805,173.370,4534.362,2.7577,0.000159
99318.080,84959.180,173.366,4535.362,2.7578,0.000160
99317.153,84959.554,173.361,4536.362,2.7579,0.000139
99316.226,84959.928,173.357,4537.362,2.7579,0.000118
99315.299,84960.302,173.352,4538.361,2.7580,0.000097
99314.371,84960.676,173.348,4539.361,2.7581,0.000075
99313.444,84961.050,173.343,4540.361,2.7581,0.000054
99312.517,84961.424,173.339,4541.361,2.7582,0.000033
99311.589,84961.797,173.334,4542.361,2.7583,0.000012
99310.662,84962.171,173.330,4543.361,2.7583,-0.000009
99309.735,84962.545,173.325,4544.361,2.7584,-0.000030
99308.808,84962.920,173.321,4545.360,2.7583,-0.000045
99307.880,84963.294,173.316,4546.360,2.7582,-0.000059
99306.953,84963.668,173.311,4547.360,2.7581,-0.000073
99306.026,84964.042,173.307,4548.360,2.7580,-0.000086
99305.099,84964.416,173.302,4549.360,2.7579,-0.000100
99304.172,84964.790,173.297,4550.360,2.7578,-0.000113
99303.244,84965.165,173.293,4551.360,2.7577,-0.000127
99302.317,84965.539,173.288,4552.359,2.7576,-0.000141
99301.390,84965.913,173.283,4553.359,2.7575,-0.000154
99300.463,84966.287,173.279,4554.359,2.7575,-0.000151
99299.536,84966.662,173.274,4555.359,2.7575,-0.000107
99298.609,84967.037,173.269,4556.359,2.7576,-0.000063
99297.682,84967.412,173.264,4557.359,2.7576,-0.000019
99296.755,84967.787,173.259,4558.359,2.7577,0.000025
99295.828,84968.161,173.255,4559.358,2.7577,0.000069
99294.901,84968.536,173.250,4560.358,2.7577,0.000113
99293.974,84968.911,173.245,4561.358,2.7578,0.000157
99293.047,84969.286,173.240,4562.358,2.7578,0.000201
99292.120,84969.661,173.235,4563.358,2.7579,0.000245
99291.193,84970.035,173.230,4564.358,2.7579,0.000219
99290.266,84970.408,173.225,4565.358,2.7580,0.000175
99289.338,84970.782,173.220,4566.357,2.7580,0.000130
99288.411,84971.156,173.215,4567.357,2.7581,0.000086
99287.483,84971.530,173.210,4568.357,2.7581,0.000042
99286.556,84971.904,173.205,4569.357,2.7581,-0.000003
99285.629,84972.277,173.200,4570.357,2.7582,-0.000047
99284.701,84972.651,173.195,4571.357,2.7582,-0.000091
99283.774,84973.025,173.190,4572.357,2.7583,-0.000136
99282.847,84973.399,173.185,4573.357,2.7583,-0.000161
99281.920,84973.773,173.180,4574.356,2.7582,-0.000140
99280.993,84974.148,173.175,4575.356,2.7581,-0.000120
99280.065,84974.522,173.170,4576.356,2.7581,-0.000099
99279.138,84974.896,173.165,4577.356,2.7580,-0.000078
99278.211,84975.271,173.159,4578.356,2.7579,-0.000058
99277.284,84975.645,173.154,4579.356,2.7579,-0.000037
99276.357,84976.020,173.149,4580.356,2.7578,-0.000016
99275.430,84976.394,173.144,4581.355,2.7577,0.000004
99274.503,84976.768,173.139,4582.355,2.7577,0.000025
99273.575,84977.143,173.133,4583.355,2.7577,0.000032
99272.648,84977.517,173.128,4584.355,2.7577,0.000035
99271.721,84977.891,173.123,4585.355,2.7578,0.000039
99270.794,84978.266,173.117,4586.355,2.7578,0.000042
99269.867,84978.640,173.112,4587.355,2.7579,0.000045
99268.940,84979.014,173.107,4588.354,2.7579,0.000049
99268.013,84979.389,173.101,4589.354,2.7580,0.000052
99267.086,84979.763,173.096,4590.354,2.7580,0.000055
99266.158,84980.137,173.091,4591.354,2.7580,0.000059
99265.231,84980.512,173.085,4592.354,2.7581,0.000066
99264.304,84980.885,173.080,4593.354,2.7583,0.000082
99263.376,84981.259,173.074,4594.354,2.7584,0.000099
99262.449,84981.632,173.069,4595.353,2.7585,0.000115
99261.521,84982.006,173.063,4596.353,2.7587,0.000131
99260.594,84982.380,173.057,4597.353,2.7588,0.000148
99259.667,84982.753,173.052,4598.353,2.7590,0.000164
99258.739,84983.127,173.046,4599.353,2.7591,0.000181
99257.812,84983.501,173.041,4600.353,2.7592,0.000197
99256.884,84983.874,173.035,4601.353,2.7594,0.000213
99255.957,84984.247,173.029,4602.352,2.7594,0.000202
99255.029,84984.620,173.024,4603.352,2.7593,0.000184
99254.101,84984.992,173.018,4604.352,2.7593,0.000166
99253.173,84985.365,173.012,4605.352,2.7593,0.000148
99252.245,84985.738,173.006,4606.352,2.7592,0.000129
99251.317,84986.110,173.000,4607.352,2.7592,0.000111
99250.390,84986.483,172.995,4608.352,2.7592,0.000093
99249.462,84986.856,172.989,4609.351,2.7591,0.000075
99248.534,84987.228,172.983,4610.351,2.7591,0.000057
99247.606,84987.601,172.977,4611.351,2.7591,0.000104
99246.679,84987.975,172.971,4612.351,2.7589,-0.000005
99245.751,84988.348,172.965,4613.351,2.7586,-0.000114
99244.823,84988.721,172.959,4614.351,2.7584,-0.000223
99243.896,84989.094,172.953,4615.351,2.7582,-0.000331
99242.968,84989.467,172.946,4616.351,2.7579,-0.000440
99242.041,84989.840,172.940,4617.350,2.7577,-0.000549
99241.113,84990.214,172.934,4618.350,2.7575,-0.000658
99240.185,84990.587,172.928,4619.350,2.7572,-0.000767
99239.258,84990.960,172.922,4620.350,2.7570,-0.000875
99238.332,84991.337,172.916,4621.350,2.7562,-0.000921
99237.406,84991.714,172.909,4622.350,2.7552,-0.000949
99236.480,84992.091,172.903,4623.350,2.7543,-0.000978
99235.554,84992.468,172.897,4624.349,2.7533,-0.001006
99234.628,84992.846,172.890,4625.349,2.7524,-0.001034
99233.703,84993.226,172.884,4626.349,2.7522,-0.000768
99232.778,84993.606,172.877,4627.349,2.7523,-0.000423
99231.854,84993.987,172.871,4628.349,2.7524,-0.000077
99230.929,84994.367,172.864,4629.349,2.7524,0.000269
99230.005,84994.748,172.857,4630.349,2.7525,0.000615
99229.080,84995.128,172.851,4631.348,2.7526,0.000961
99228.155,84995.508,172.844,4632.348,2.7528,0.001164
99227.228,84995.884,172.837,4633.348,2.7533,0.001010
99226.302,84996.260,172.830,4634.348,2.7537,0.000856
99225.375,84996.636,172.823,4635.348,2.7542,0.000702
99224.449,84997.011,172.816,4636.348,2.7547,0.000548
99223.522,84997.387,172.809,4637.348,2.7552,0.000394
99222.596,84997.763,172.802,4638.347,2.7557,0.000240
99221.669,84998.139,172.795,4639.347,2.7562,0.000086
99220.743,84998.515,172.788,4640.347,2.7566,-0.000067
99219.816,84998.891,172.781,4641.347,2.7571,-0.000221
99218.890,84999.267,172.773,4642.347,2.7572,-0.000222
99217.963,84999.642,172.766,4643.347,2.7571,-0.000181
99217.036,85000.018,172.758,4644.347,2.7571,-0.000140
99216.110,85000.393,172.750,4645.346,2.7570,-0.000099
99215.183,85000.769,172.743,4646.346,2.7569,-0.000058
99214.256,85001.144,172.735,4647.346,2.7569,-0.000016
99213.330,85001.520,172.727,4648.346,2.7568,0.000025
99212.403,85001.895,172.720,4649.346,2.7568,0.000066
99211.476,85002.271,172.712,4650.346,2.7567,0.000107
99210.550,85002.646,172.704,4651.346,2.7566,0.000123
99209.623,85003.021,172.696,4652.346,2.7565,0.000075
99208.696,85003.397,172.687,4653.345,2.7564,0.000026
99207.770,85003.773,172.679,4654.345,2.7564,-0.000022
99206.843,85004.148,172.670,4655.345,2.7563,-0.000071
99205.916,85004.524,172.662,4656.345,2.7562,-0.000119
99204.990,85004.899,172.654,4657.345,2.7561,-0.000168
99204.063,85005.275,172.645,4658.345,2.7560,-0.000216
99203.136,85005.650,172.637,4659.345,2.7559,-0.000265
99202.210,85006.026,172.628,4660.344,2.7558,-0.000313
99201.283,85006.402,172.619,4661.344,2.7559,-0.000233
99200.357,85006.778,172.610,4662.344,2.7562,-0.000117
99199.430,85007.154,172.601,4663.344,2.7564,-0.000002
99198.504,85007.530,172.591,4664.344,2.7566,0.000114
99197.577,85007.906,172.582,4665.344,2.7569,0.000230
99196.651,85008.282,172.573,4666.344,2.7571,0.000346
99195.724,85008.658,172.564,4667.343,2.7573,0.000461
99194.798,85009.034,172.554,4668.343,2.7575,0.000577
99193.872,85009.410,172.545,4669.343,2.7578,0.000693
99192.945,85009.785,172.536,4670.343,2.7580,0.000749
99192.017,85010.158,172.526,4671.343,2.7584,0.000653
99191.089,85010.530,172.516,4672.343,2.7588,0.000557
99190.161,85010.902,172.506,4673.343,2.7591,0.000462
99189.233,85011.274,172.495,4674.342,2.7595,0.000366
99188.305,85011.647,172.485,4675.342,2.7599,0.000270
99187.377,85012.019,172.475,4676.342,2.7602,0.000174
99186.449,85012.391,172.465,4677.342,2.7606,0.000078
99185.521,85012.763,172.455,4678.342,2.7610,-0.000018
99184.593,85013.136,172.445,4679.342,2.7609,-0.000069
99183.665,85013.508,172.434,4680.342,2.7607,-0.000107
99182.737,85013.880,172.424,4681.341,2.7604,-0.000146
99181.809,85014.252,172.413,4682.341,2.7602,-0.000184
99180.881,85014.624,172.402,4683.341,2.7600,-0.000222
99179.953,85014.996,172.392,4684.341,2.7598,-0.000261
99179.025,85015.368,172.381,4685.341,2.7596,-0.000299
99178.097,85015.740,172.371,4686.341,2.7593,-0.000337
99177.169,85016.112,172.360,4687.341,2.7591,-0.000375
99176.241,85016.485,172.349,4688.340,2.7589,-0.000395
99175.314,85016.860,172.338,4689.340,2.7586,-0.000364
99174.387,85017.234,172.327,4690.340,2.7584,-0.000333
99173.460,85017.609,172.316,4691.340,2.7581,-0.000302
99172.533,85017.984,172.305,4692.340,2.7579,-0.000271
99171.606,85018.358,172.294,4693.340,2.7576,-0.000240
99170.679,85018.733,172.283,4694.340,2.7573,-0.000209
99169.752,85019.108,172.272,4695.340,2.7571,-0.000178
99168.825,85019.482,172.260,4696.339,2.7568,-0.000147
99167.898,85019.857,172.249,4697.339,2.7566,-0.000116
99166.971,85020.233,172.238,4698.339,2.7565,-0.000093
99166.044,85020.608,172.227,4699.339,2.7565,-0.000072
99165.118,85020.984,172.215,4700.339,2.7565,-0.000052
99164.191,85021.360,172.204,4701.339,2.7565,-0.000031
99163.265,85021.736,172.193,4702.339,2.7565,-0.000011
99162.338,85022.111,172.181,4703.338,2.7565,0.000010
99161.412,85022.487,172.170,4704.338,2.7564,0.000030
99160.485,85022.863,172.159,4705.338,2.7564,0.000050
99159.558,85023.239,172.148,4706.338,2.7564,0.000071
99158.632,85023.614,172.136,4707.338,2.7564,0.000085
99157.705,85023.990,172.125,4708.338,2.7565,0.000081
