# odom_ml.route_map/1  frame=judge map (local metric, x~1e5 y~8.5e4)  columns=x,y,z,s,tang,curv
# Source: tallinskaya_-_schukinskaya.json  |  s accumulates along x,y in file order. path_map reads x,y,z,s only.
99156.182,85020.816,172.188,0.000,-0.3786,-0.002243
99157.110,85020.445,172.102,1.000,-0.3806,-0.002093
99158.037,85020.070,172.114,2.000,-0.3817,-0.001685
99158.964,85019.695,172.126,3.000,-0.3827,-0.001276
99159.891,85019.319,172.138,4.000,-0.3837,-0.000868
99160.818,85018.944,172.150,5.000,-0.3847,-0.000460
99161.745,85018.569,172.162,6.000,-0.3858,-0.000052
99162.672,85018.193,172.174,7.000,-0.3863,0.000086
99163.598,85017.816,172.186,8.000,-0.3864,-0.000037
99164.524,85017.440,172.199,9.000,-0.3865,-0.000161
99165.451,85017.063,172.211,10.000,-0.3866,-0.000282
99166.377,85016.686,172.220,11.000,-0.3867,-0.000158
99167.303,85016.308,172.229,12.000,-0.3868,-0.000034
99168.229,85015.931,172.239,13.000,-0.3868,0.000090
99169.155,85015.554,172.257,14.000,-0.3866,0.000166
99170.081,85015.177,172.275,15.000,-0.3863,0.000242
99171.008,85014.801,172.293,16.000,-0.3860,0.000318
99171.934,85014.424,172.311,17.000,-0.3858,0.000394
99172.860,85014.048,172.326,18.000,-0.3854,0.000440
99173.787,85013.672,172.338,19.000,-0.3849,0.000457
99174.714,85013.297,172.350,20.000,-0.3845,0.000474
99175.641,85012.921,172.362,21.000,-0.3840,0.000491
99176.568,85012.547,172.382,22.000,-0.3835,0.000486
99177.496,85012.173,172.401,23.000,-0.3831,0.000481
99178.423,85011.799,172.421,24.000,-0.3826,0.000475
99179.351,85011.427,172.437,25.000,-0.3822,0.000418
99180.279,85011.054,172.453,26.000,-0.3819,0.000361
99181.207,85010.682,172.469,27.000,-0.3815,0.000304
99182.135,85010.309,172.485,28.000,-0.3812,0.000246
99183.064,85009.937,172.501,29.000,-0.3810,0.000170
99183.992,85009.566,172.515,30.000,-0.3811,0.000074
99184.920,85009.194,172.530,31.000,-0.3811,-0.000021
99185.849,85008.822,172.545,32.000,-0.3812,-0.000117
99186.777,85008.450,172.560,33.000,-0.3812,-0.000212
99187.705,85008.079,172.574,34.000,-0.3813,-0.000308
99188.633,85007.706,172.589,35.000,-0.3817,-0.000365
99189.561,85007.333,172.604,36.000,-0.3821,-0.000423
99190.489,85006.961,172.619,37.000,-0.3825,-0.000480
99191.417,85006.587,172.627,38.000,-0.3830,-0.000514
99192.344,85006.213,172.628,39.000,-0.3835,-0.000524
99193.272,85005.839,172.629,40.000,-0.3840,-0.000533
99194.198,85005.464,172.642,41.000,-0.3845,-0.000516
99195.125,85005.089,172.655,42.000,-0.3850,-0.000498
99196.052,85004.713,172.664,43.000,-0.3855,-0.000461
99196.979,85004.336,172.669,44.000,-0.3859,-0.000404
99197.905,85003.960,172.674,45.000,-0.3863,-0.000348
99198.831,85003.583,172.679,46.000,-0.3866,-0.000280
99199.757,85003.206,172.685,47.000,-0.3869,-0.000201
99200.683,85002.829,172.698,48.000,-0.3870,-0.000135
99201.609,85002.451,172.712,49.000,-0.3871,-0.000068
99202.535,85002.074,172.726,50.000,-0.3872,-0.000002
99203.461,85001.696,172.734,51.000,-0.3871,0.000043
99204.387,85001.319,172.742,52.000,-0.3871,0.000088
99205.313,85000.941,172.747,53.000,-0.3870,0.000124
99206.240,85000.564,172.750,54.000,-0.3868,0.000151
99207.166,85000.187,172.752,55.000,-0.3867,0.000178
99208.092,84999.810,172.754,56.000,-0.3865,0.000204
99209.018,84999.433,172.754,57.000,-0.3863,0.000209
99209.945,84999.056,172.753,58.000,-0.3861,0.000213
99210.871,84998.680,172.753,59.000,-0.3859,0.000217
99211.797,84998.303,172.754,60.000,-0.3857,0.000207
99212.724,84997.927,172.755,61.000,-0.3855,0.000185
99213.651,84997.551,172.759,62.000,-0.3854,0.000168
99214.577,84997.176,172.766,63.000,-0.3853,0.000158
99215.504,84996.800,172.773,64.000,-0.3853,0.000147
99216.431,84996.424,172.781,65.000,-0.3852,0.000137
99217.358,84996.049,172.788,66.000,-0.3852,0.000127
99218.284,84995.673,172.795,66.999,-0.3851,0.000165
99219.211,84995.298,172.800,67.999,-0.3848,0.000176
99220.138,84994.923,172.805,68.999,-0.3845,0.000187
99221.065,84994.548,172.810,69.999,-0.3843,0.000198
99221.992,84994.173,172.821,70.999,-0.3841,0.000182
99222.920,84993.798,172.832,71.999,-0.3839,0.000166
99223.847,84993.424,172.843,72.999,-0.3837,0.000150
99224.774,84993.049,172.845,73.999,-0.3837,0.000091
99225.701,84992.675,172.846,74.999,-0.3836,0.000032
99226.629,84992.301,172.847,75.999,-0.3836,-0.000026
99227.556,84991.927,172.851,76.999,-0.3836,-0.000073
99228.483,84991.552,172.858,77.999,-0.3837,-0.000108
99229.411,84991.178,172.864,78.999,-0.3838,-0.000143
99230.338,84990.803,172.871,79.999,-0.3840,-0.000168
99231.265,84990.428,172.878,80.999,-0.3842,-0.000184
99232.192,84990.054,172.885,81.999,-0.3844,-0.000200
99233.119,84989.679,172.892,82.999,-0.3846,-0.000216
99234.046,84989.304,172.900,83.999,-0.3848,-0.000232
99234.973,84988.928,172.902,84.999,-0.3850,-0.000202
99235.899,84988.553,172.905,85.999,-0.3851,-0.000171
99236.826,84988.177,172.908,86.999,-0.3853,-0.000141
99237.753,84987.801,172.913,87.999,-0.3854,-0.000085
99238.679,84987.425,172.919,88.999,-0.3854,-0.000028
99239.606,84987.049,172.925,89.999,-0.3855,0.000028
99240.533,84986.673,172.928,90.999,-0.3854,0.000060
99241.459,84986.297,172.931,91.999,-0.3853,0.000092
99242.386,84985.921,172.937,92.999,-0.3851,0.000149
99243.313,84985.546,172.944,93.999,-0.3848,0.000231
99244.240,84985.171,172.952,94.999,-0.3845,0.000312
99245.167,84984.795,172.960,95.999,-0.3842,0.000394
99246.094,84984.420,173.009,96.999,-0.3838,0.000295
99247.021,84984.046,173.064,97.999,-0.3836,0.000119
99247.948,84983.672,173.053,98.999,-0.3835,0.000138
99248.876,84983.298,173.041,99.999,-0.3834,0.000158
99249.803,84982.923,173.029,100.999,-0.3833,0.000177
99250.730,84982.549,173.018,101.999,-0.3832,0.000196
99251.658,84982.175,173.006,102.999,-0.3831,0.000215
99252.585,84981.801,172.995,103.999,-0.3830,0.000234
99253.513,84981.427,173.002,104.999,-0.3829,0.000154
99254.440,84981.054,173.009,105.999,-0.3829,0.000074
99255.368,84980.681,173.015,106.999,-0.3828,-0.000006
99256.296,84980.307,173.022,107.999,-0.3827,-0.000085
99257.223,84979.934,173.024,108.999,-0.3828,-0.000075
99258.151,84979.560,173.025,109.999,-0.3828,-0.000065
99259.078,84979.186,173.026,110.999,-0.3829,-0.000055
99260.006,84978.813,173.028,111.999,-0.3830,-0.000046
99260.934,84978.439,173.035,112.999,-0.3830,-0.000029
99261.861,84978.065,173.042,113.999,-0.3829,-0.000012
99262.789,84977.692,173.049,114.999,-0.3829,0.000004
99263.716,84977.318,173.057,115.999,-0.3829,0.000021
99264.644,84976.944,173.062,116.999,-0.3830,-0.000025
99265.571,84976.571,173.066,117.999,-0.3831,-0.000133
99266.499,84976.197,173.069,118.999,-0.3832,-0.000240
99267.427,84975.824,173.078,119.999,-0.3828,0.000129
99268.354,84975.450,173.091,120.999,-0.3820,0.000958
99269.282,84975.077,173.105,121.999,-0.3811,0.001788
99270.210,84974.706,173.114,122.999,-0.3803,0.001910
99271.140,84974.338,173.120,123.999,-0.3796,0.001346
99272.070,84973.969,173.127,124.999,-0.3788,0.000782
99273.000,84973.601,173.133,125.999,-0.3780,0.000218
99273.929,84973.233,173.139,126.999,-0.3773,-0.000346
99274.859,84972.865,173.145,127.999,-0.3767,-0.000859
99275.788,84972.493,173.151,128.999,-0.3774,-0.000835
99276.716,84972.122,173.157,129.999,-0.3782,-0.000811
99277.645,84971.751,173.163,130.999,-0.3790,-0.000787
99278.573,84971.380,173.169,131.999,-0.3798,-0.000763
99279.502,84971.009,173.175,132.999,-0.3806,-0.000740
99280.430,84970.637,173.181,133.999,-0.3813,-0.000716
99281.359,84970.266,173.187,134.999,-0.3821,-0.000692
99282.287,84969.895,173.193,135.999,-0.3829,-0.000668
99283.216,84969.523,173.199,136.999,-0.3836,-0.000636
99284.143,84969.148,173.204,137.999,-0.3837,-0.000524
99285.069,84968.772,173.208,138.999,-0.3838,-0.000411
99285.996,84968.397,173.213,139.999,-0.3839,-0.000298
99286.923,84968.021,173.218,140.999,-0.3841,-0.000185
99287.850,84967.646,173.222,141.999,-0.3842,-0.000073
99288.777,84967.270,173.227,142.999,-0.3843,0.000040
99289.703,84966.894,173.232,143.999,-0.3844,0.000153
99290.630,84966.519,173.236,144.999,-0.3845,0.000266
99291.557,84966.143,173.241,145.999,-0.3846,0.000378
99292.484,84965.769,173.246,146.999,-0.3846,0.000388
99293.411,84965.394,173.250,147.999,-0.3844,0.000326
99294.339,84965.020,173.255,148.999,-0.3843,0.000263
99295.266,84964.646,173.259,149.999,-0.3842,0.000201
99296.193,84964.272,173.264,150.999,-0.3841,0.000138
99297.121,84963.897,173.268,151.999,-0.3840,0.000076
99298.048,84963.523,173.273,152.999,-0.3839,0.000013
99298.975,84963.149,173.277,153.999,-0.3838,-0.000049
99299.903,84962.775,173.282,154.999,-0.3837,-0.000112
99300.830,84962.400,173.286,155.999,-0.3836,-0.000157
99301.757,84962.026,173.290,156.999,-0.3836,-0.000014
99302.685,84961.652,173.295,157.999,-0.3837,0.000057
99303.612,84961.277,173.299,158.999,-0.3837,0.000018
99304.539,84960.903,173.304,159.999,-0.3838,-0.000020
99305.466,84960.529,173.308,160.999,-0.3839,-0.000059
99306.394,84960.154,173.312,161.999,-0.3839,-0.000098
99307.321,84959.780,173.317,162.999,-0.3840,-0.000136
99308.248,84959.406,173.321,163.999,-0.3840,-0.000175
99309.176,84959.032,173.325,164.999,-0.3841,-0.000213
99310.103,84958.656,173.330,165.999,-0.3842,-0.000224
99311.029,84958.281,173.334,166.999,-0.3844,-0.000214
99311.956,84957.905,173.338,167.999,-0.3846,-0.000204
99312.883,84957.530,173.342,168.999,-0.3848,-0.000195
99313.810,84957.154,173.347,169.999,-0.3850,-0.000185
99314.736,84956.778,173.351,170.999,-0.3852,-0.000175
99315.663,84956.403,173.355,171.999,-0.3854,-0.000166
99316.590,84956.027,173.359,172.999,-0.3855,-0.000156
99317.517,84955.651,173.363,173.999,-0.3857,-0.000147
99318.443,84955.276,173.368,174.999,-0.3859,-0.000134
99319.370,84954.899,173.372,175.999,-0.3858,-0.000089
99320.296,84954.523,173.376,176.999,-0.3857,-0.000045
99321.223,84954.146,173.380,177.999,-0.3857,0.000000
99322.149,84953.770,173.384,178.999,-0.3856,0.000045
99323.076,84953.394,173.388,179.999,-0.3855,0.000089
99324.002,84953.017,173.392,180.999,-0.3854,0.000134
99324.929,84952.641,173.396,181.999,-0.3854,0.000179
99325.855,84952.265,173.400,182.999,-0.3853,0.000223
99326.781,84951.888,173.404,183.999,-0.3852,0.000268
99327.708,84951.513,173.408,184.999,-0.3851,0.000268
99328.635,84951.138,173.412,185.999,-0.3850,0.000236
99329.562,84950.763,173.415,186.999,-0.3848,0.000204
99330.489,84950.388,173.419,187.999,-0.3847,0.000172
99331.416,84950.013,173.423,188.999,-0.3845,0.000140
99332.344,84949.638,173.427,189.999,-0.3844,0.000108
99333.271,84949.263,173.430,190.999,-0.3842,0.000076
99334.198,84948.888,173.434,191.999,-0.3841,0.000044
99335.125,84948.513,173.438,192.999,-0.3840,0.000012
99336.052,84948.139,173.442,193.999,-0.3839,0.000002
99336.979,84947.764,173.445,194.999,-0.3839,0.000006
99337.906,84947.390,173.449,195.999,-0.3839,0.000011
99338.833,84947.015,173.452,196.999,-0.3838,0.000015
99339.761,84946.641,173.456,197.999,-0.3838,0.000020
99340.688,84946.266,173.459,198.999,-0.3838,0.000024
99341.615,84945.892,173.463,199.999,-0.3838,0.000029
99342.542,84945.517,173.466,200.998,-0.3838,0.000033
99343.470,84945.143,173.470,201.998,-0.3837,0.000037
99344.397,84944.768,173.473,202.998,-0.3837,0.000041
99345.324,84944.394,173.476,203.998,-0.3837,0.000038
99346.252,84944.020,173.480,204.998,-0.3837,0.000036
99347.179,84943.646,173.483,205.998,-0.3836,0.000033
99348.106,84943.271,173.486,206.998,-0.3836,0.000030
99349.034,84942.897,173.489,207.998,-0.3836,0.000027
99349.961,84942.523,173.492,208.998,-0.3835,0.000024
99350.888,84942.149,173.495,209.998,-0.3835,0.000021
99351.816,84941.774,173.499,210.998,-0.3835,0.000018
99352.743,84941.400,173.502,211.998,-0.3835,0.000015
99353.670,84941.026,173.505,212.998,-0.3835,0.000006
99354.597,84940.652,173.508,213.998,-0.3835,-0.000009
99355.525,84940.277,173.511,214.998,-0.3836,-0.000023
99356.452,84939.903,173.513,215.998,-0.3837,-0.000038
99357.379,84939.529,173.516,216.998,-0.3837,-0.000052
99358.307,84939.155,173.519,217.998,-0.3838,-0.000067
99359.234,84938.780,173.522,218.998,-0.3839,-0.000081
99360.161,84938.406,173.525,219.998,-0.3839,-0.000096
99361.089,84938.032,173.528,220.998,-0.3840,-0.000110
99362.016,84937.658,173.535,221.998,-0.3841,-0.000110
99362.943,84937.283,173.585,222.998,-0.3840,0.000050
99363.870,84936.908,173.635,223.998,-0.3840,0.000210
99364.798,84936.534,173.625,224.998,-0.3838,0.000196
99365.725,84936.160,173.614,225.998,-0.3837,0.000179
99366.652,84935.786,173.603,226.998,-0.3835,0.000161
99367.580,84935.412,173.591,227.998,-0.3833,0.000144
99368.507,84935.038,173.580,228.998,-0.3832,0.000127
99369.435,84934.664,173.569,229.998,-0.3830,0.000110
99370.362,84934.290,173.558,230.998,-0.3829,0.000093
99371.290,84933.917,173.555,231.998,-0.3828,0.000071
99372.217,84933.543,173.557,232.998,-0.3828,0.000046
99373.145,84933.170,173.559,233.998,-0.3829,0.000020
99374.073,84932.796,173.561,234.998,-0.3829,-0.000005
99375.000,84932.423,173.563,235.998,-0.3829,-0.000030
99375.928,84932.049,173.566,236.998,-0.3830,-0.000056
99376.856,84931.676,173.568,237.998,-0.3830,-0.000081
99377.783,84931.302,173.570,238.998,-0.3830,-0.000106
99378.711,84930.929,173.572,239.998,-0.3831,-0.000132
99379.638,84930.555,173.574,240.998,-0.3831,-0.000152
99380.566,84930.181,173.576,241.998,-0.3832,-0.000122
99381.493,84929.807,173.577,242.998,-0.3832,-0.000092
99382.420,84929.433,173.579,243.998,-0.3833,-0.000062
99383.348,84929.058,173.581,244.998,-0.3833,-0.000032
99384.275,84928.684,173.583,245.998,-0.3834,-0.000002
99385.202,84928.310,173.584,246.998,-0.3834,0.000028
99386.130,84927.936,173.586,247.998,-0.3835,0.000059
99387.057,84927.562,173.588,248.998,-0.3835,0.000089
99387.984,84927.187,173.589,249.998,-0.3836,0.000119
99388.912,84926.813,173.591,250.998,-0.3834,0.000322
99389.839,84926.439,173.592,251.998,-0.3830,0.000646
99390.767,84926.065,173.593,252.998,-0.3830,0.000663
99391.694,84925.691,173.595,253.998,-0.3838,0.000204
99392.621,84925.317,173.596,254.998,-0.3846,-0.000254
99393.549,84924.943,173.597,255.998,-0.3854,-0.000712
99394.476,84924.569,173.598,256.998,-0.3862,-0.001170
99395.404,84924.195,173.600,257.998,-0.3870,-0.001628
99396.331,84923.821,173.601,258.998,-0.3878,-0.002086
99397.258,84923.446,173.602,259.998,-0.3887,-0.002457
99398.182,84923.064,173.603,260.998,-0.3900,-0.001891
99399.106,84922.682,173.604,261.998,-0.3914,-0.001326
99400.031,84922.300,173.605,262.998,-0.3927,-0.000760
99400.955,84921.918,173.606,263.998,-0.3938,-0.000204
99401.878,84921.535,173.607,264.998,-0.3931,0.000256
99402.802,84921.152,173.607,265.998,-0.3923,0.000717
99403.726,84920.769,173.608,266.998,-0.3915,0.001177
99404.650,84920.386,173.609,267.998,-0.3908,0.001638
99405.575,84920.007,173.609,268.998,-0.3899,0.001690
99406.502,84919.631,173.610,269.998,-0.3889,0.001453
99407.428,84919.255,173.610,270.998,-0.3880,0.001216
99408.355,84918.878,173.611,271.998,-0.3870,0.000979
99409.281,84918.502,173.611,272.998,-0.3861,0.000743
99410.208,84918.126,173.611,273.998,-0.3851,0.000506
99411.134,84917.750,173.612,274.998,-0.3842,0.000269
99412.061,84917.374,173.612,275.998,-0.3833,0.000051
99412.988,84917.000,173.612,276.998,-0.3833,0.000037
99413.916,84916.626,173.612,277.998,-0.3834,0.000023
99414.843,84916.252,173.612,278.998,-0.3834,0.000009
99415.770,84915.878,173.612,279.998,-0.3834,-0.000005
99416.698,84915.504,173.611,280.998,-0.3834,-0.000019
99417.625,84915.130,173.611,281.998,-0.3835,-0.000033
99418.553,84914.756,173.611,282.998,-0.3835,-0.000046
99419.480,84914.382,173.611,283.998,-0.3835,-0.000060
99420.408,84914.008,173.611,284.998,-0.3835,-0.000074
99421.335,84913.634,173.611,285.998,-0.3835,-0.000088
99422.262,84913.259,173.610,286.998,-0.3837,-0.000097
99423.189,84912.884,173.609,287.998,-0.3838,-0.000106
99424.116,84912.509,173.609,288.998,-0.3839,-0.000115
99425.043,84912.135,173.608,289.998,-0.3841,-0.000124
99425.971,84911.760,173.607,290.998,-0.3842,-0.000133
99426.898,84911.385,173.606,291.998,-0.3843,-0.000142
99427.825,84911.011,173.606,292.998,-0.3845,-0.000151
99428.752,84910.636,173.605,293.998,-0.3846,-0.000160
99429.679,84910.261,173.604,294.998,-0.3847,-0.000169
99430.606,84909.886,173.603,295.998,-0.3848,-0.000165
99431.533,84909.510,173.602,296.998,-0.3849,-0.000152
99432.459,84909.134,173.600,297.998,-0.3851,-0.000140
99433.386,84908.758,173.599,298.998,-0.3852,-0.000127
99434.313,84908.382,173.598,299.998,-0.3853,-0.000115
99435.239,84908.006,173.596,300.998,-0.3854,-0.000102
99436.166,84907.630,173.595,301.998,-0.3855,-0.000089
99437.093,84907.254,173.594,302.998,-0.3856,-0.000077
99438.019,84906.878,173.592,303.998,-0.3857,-0.000064
99438.946,84906.502,173.591,304.998,-0.3858,-0.000050
99439.872,84906.126,173.589,305.998,-0.3858,-0.000026
99440.799,84905.750,173.587,306.998,-0.3857,-0.000001
99441.725,84905.374,173.585,307.998,-0.3856,0.000023
99442.652,84904.998,173.583,308.998,-0.3856,0.000048
99443.578,84904.621,173.581,309.998,-0.3855,0.000073
99444.505,84904.245,173.579,310.998,-0.3854,0.000097
99445.431,84903.869,173.577,311.998,-0.3854,0.000122
99446.358,84903.493,173.575,312.998,-0.3853,0.000146
99447.284,84903.116,173.573,313.998,-0.3853,0.000171
99448.211,84902.741,173.570,314.998,-0.3851,0.000178
99449.138,84902.366,173.568,315.998,-0.3850,0.000171
99450.065,84901.991,173.565,316.998,-0.3848,0.000165
99450.992,84901.616,173.563,317.998,-0.3847,0.000159
99451.919,84901.241,173.560,318.998,-0.3845,0.000153
99452.846,84900.866,173.557,319.998,-0.3844,0.000147
99453.773,84900.491,173.555,320.998,-0.3842,0.000141
99454.700,84900.116,173.552,321.998,-0.3841,0.000134
99455.627,84899.741,173.549,322.998,-0.3839,0.000128
99456.554,84899.366,173.547,323.998,-0.3838,0.000122
99457.482,84898.992,173.544,324.998,-0.3837,0.000117
99458.409,84898.618,173.540,325.998,-0.3836,0.000111
99459.337,84898.244,173.537,326.998,-0.3835,0.000106
99460.264,84897.870,173.534,327.998,-0.3834,0.000100
99461.191,84897.496,173.531,328.998,-0.3833,0.000094
99462.119,84897.122,173.527,329.998,-0.3832,0.000089
99463.046,84896.748,173.524,330.998,-0.3831,0.000083
99463.974,84896.374,173.521,331.998,-0.3830,0.000078
99464.901,84896.000,173.518,332.998,-0.3829,0.000072
99465.829,84895.626,173.514,333.997,-0.3829,0.000060
99466.756,84895.253,173.510,334.997,-0.3829,0.000043
99467.684,84894.879,173.506,335.997,-0.3829,0.000027
99468.612,84894.506,173.502,336.997,-0.3829,0.000010
99469.539,84894.132,173.498,337.997,-0.3829,-0.000007
99470.467,84893.759,173.495,338.997,-0.3829,-0.000024
99471.394,84893.385,173.491,339.997,-0.3829,-0.000041
99472.322,84893.012,173.487,340.997,-0.3830,-0.000058
99473.250,84892.638,173.483,341.997,-0.3830,-0.000074
99474.177,84892.265,173.479,342.997,-0.3830,-0.000088
99475.105,84891.891,173.475,343.997,-0.3830,-0.000072
99476.032,84891.517,173.470,344.997,-0.3830,-0.000055
99476.960,84891.143,173.466,345.997,-0.3830,-0.000038
99477.887,84890.769,173.461,346.997,-0.3830,-0.000022
99478.815,84890.395,173.457,347.997,-0.3830,-0.000005
99479.742,84890.022,173.452,348.997,-0.3831,0.000012
99480.670,84889.648,173.448,349.997,-0.3831,0.000028
99481.597,84889.274,173.443,350.997,-0.3831,-0.000028
99482.525,84888.900,173.439,351.997,-0.3833,-0.000188
99483.452,84888.525,173.434,352.997,-0.3835,-0.000260
99484.379,84888.150,173.429,353.997,-0.3838,-0.000271
99485.306,84887.775,173.424,354.997,-0.3841,-0.000281
99486.233,84887.400,173.419,355.997,-0.3844,-0.000292
99487.159,84887.024,173.414,356.997,-0.3848,-0.000302
99488.086,84886.649,173.409,357.997,-0.3851,-0.000313
99489.013,84886.274,173.404,358.997,-0.3854,-0.000324
99489.940,84885.898,173.399,359.997,-0.3857,-0.000334
99490.867,84885.523,173.394,360.997,-0.3860,-0.000345
99491.794,84885.148,173.389,361.997,-0.3863,-0.000330
99492.721,84884.772,173.383,362.997,-0.3856,-0.000048
99493.647,84884.396,173.378,363.997,-0.3850,0.000234
99494.574,84884.020,173.373,364.997,-0.3843,0.000517
99495.501,84883.644,173.367,365.997,-0.3837,0.000799
99496.427,84883.269,173.362,366.997,-0.3831,0.001082
99497.354,84882.893,173.356,367.997,-0.3824,0.001364
99498.281,84882.518,173.351,368.997,-0.3817,0.001639
99499.210,84882.149,173.345,369.997,-0.3797,0.001838
99500.140,84881.779,173.339,370.997,-0.3776,0.002037
99501.069,84881.410,173.333,371.997,-0.3756,0.002236
99501.999,84881.042,173.328,372.997,-0.3736,0.002427
99502.931,84880.681,173.322,373.997,-0.3710,0.002519
99503.864,84880.320,173.316,374.997,-0.3684,0.002611
99504.796,84879.959,173.310,375.997,-0.3658,0.002703
99505.731,84879.603,173.304,376.997,-0.3631,0.002780
99506.667,84879.251,173.298,377.997,-0.3602,0.002848
99507.603,84878.899,173.292,378.997,-0.3574,0.002915
99508.539,84878.547,173.285,379.997,-0.3545,0.002972
99509.479,84878.205,173.279,380.997,-0.3516,0.002910
99510.418,84877.862,173.273,381.997,-0.3488,0.002848
99511.358,84877.520,173.267,382.997,-0.3459,0.002787
99512.299,84877.183,173.260,383.997,-0.3426,0.002928
99513.242,84876.850,173.254,384.997,-0.3390,0.003214
99514.185,84876.518,173.248,385.997,-0.3354,0.003500
99515.128,84876.186,173.245,386.997,-0.3320,0.003635
99516.075,84875.863,173.289,387.997,-0.3301,0.002145
99517.021,84875.540,173.322,388.997,-0.3282,0.001016
99517.968,84875.218,173.249,389.997,-0.3258,0.003335
99518.917,84874.902,173.215,390.997,-0.3220,0.004246
99519.867,84874.590,173.208,391.997,-0.3173,0.004160
99520.817,84874.279,173.202,392.997,-0.3126,0.004074
99521.770,84873.974,173.195,393.997,-0.3081,0.004126
99522.724,84873.674,173.188,394.997,-0.3039,0.004275
99523.678,84873.374,173.181,395.997,-0.2996,0.004424
99524.634,84873.082,173.175,396.997,-0.2953,0.004456
99525.592,84872.795,173.168,397.997,-0.2909,0.004404
99526.550,84872.508,173.161,398.997,-0.2865,0.004352
99527.510,84872.228,173.154,399.997,-0.2822,0.004293
99528.471,84871.953,173.147,400.997,-0.2779,0.004230
99529.433,84871.679,173.140,401.997,-0.2737,0.004166
99530.396,84871.411,173.133,402.997,-0.2695,0.004149
99531.361,84871.149,173.126,403.997,-0.2653,0.004165
99532.326,84870.886,173.119,404.997,-0.2612,0.004181
99533.293,84870.630,173.112,405.997,-0.2570,0.004194
99534.261,84870.380,173.105,406.997,-0.2528,0.004205
99535.229,84870.129,173.098,407.997,-0.2486,0.004216
99536.199,84869.886,173.091,408.997,-0.2445,0.004127
99537.170,84869.648,173.084,409.997,-0.2405,0.003967
99538.141,84869.409,173.076,410.997,-0.2365,0.003806
99539.114,84869.177,173.069,411.997,-0.2329,0.003593
99540.088,84868.950,173.062,412.997,-0.2296,0.003342
99541.061,84868.722,173.055,413.997,-0.2262,0.003092
99542.036,84868.500,173.047,414.997,-0.2231,0.002953
99543.012,84868.282,173.040,415.997,-0.2202,0.002893
99543.988,84868.064,173.033,416.997,-0.2173,0.002834
99544.965,84867.847,173.025,417.997,-0.2145,0.002784
99545.943,84867.639,173.018,418.997,-0.2116,0.002838
99546.921,84867.431,173.011,419.997,-0.2087,0.002892
99547.899,84867.222,173.003,420.997,-0.2058,0.002946
99548.878,84867.020,172.996,421.997,-0.2030,0.002943
99549.858,84866.822,172.988,422.997,-0.2001,0.002899
99550.838,84866.623,172.981,423.997,-0.1972,0.002856
99551.819,84866.426,172.973,424.997,-0.1943,0.002807
99552.801,84866.237,172.966,425.997,-0.1917,0.002696
99553.783,84866.049,172.958,426.997,-0.1891,0.002586
99554.765,84865.860,172.951,427.997,-0.1864,0.002476
99555.748,84865.677,172.943,428.997,-0.1839,0.002467
99556.731,84865.497,172.935,429.997,-0.1813,0.002530
99557.715,84865.317,172.928,430.997,-0.1788,0.002594
99558.699,84865.137,172.920,431.997,-0.1762,0.002669
99559.684,84864.967,172.912,432.997,-0.1732,0.002871
99560.670,84864.796,172.905,433.997,-0.1702,0.003072
99561.655,84864.626,172.897,434.997,-0.1672,0.003274
99562.641,84864.461,172.889,435.996,-0.1638,0.003485
99563.628,84864.301,172.882,436.996,-0.1601,0.003702
99564.616,84864.141,172.874,437.996,-0.1564,0.003919
99565.604,84863.989,172.866,438.996,-0.1524,0.004133
99566.593,84863.841,172.858,439.996,-0.1480,0.004345
99567.582,84863.692,172.850,440.996,-0.1437,0.004556
99568.572,84863.552,172.842,441.996,-0.1391,0.004735
99569.562,84863.416,172.835,442.996,-0.1342,0.004891
99570.553,84863.282,172.827,443.996,-0.1294,0.005032
99571.546,84863.158,172.819,444.996,-0.1244,0.005022
99572.538,84863.035,172.811,445.996,-0.1194,0.005011
99573.531,84862.919,172.803,446.996,-0.1146,0.004871
99574.525,84862.808,172.795,447.996,-0.1099,0.004640
99575.519,84862.698,172.787,448.996,-0.1053,0.004412
99576.514,84862.596,172.779,449.996,-0.1010,0.004199
99577.509,84862.499,172.771,450.996,-0.0970,0.003937
99578.504,84862.402,172.763,451.996,-0.0929,0.003696
99579.500,84862.314,172.755,452.996,-0.0892,0.003693
99580.497,84862.227,172.746,453.996,-0.0856,0.003689
99581.493,84862.140,172.738,454.996,-0.0819,0.003699
99582.490,84862.064,172.730,455.996,-0.0779,0.003860
99583.487,84861.987,172.722,456.996,-0.0740,0.004021
99584.484,84861.912,172.714,457.996,-0.0701,0.004166
99585.482,84861.848,172.706,458.996,-0.0659,0.004141
99586.480,84861.784,172.697,459.996,-0.0618,0.004117
99587.478,84861.721,172.689,460.996,-0.0577,0.004083
99588.477,84861.668,172.681,461.996,-0.0538,0.003954
99589.475,84861.616,172.672,462.996,-0.0499,0.003825
99590.474,84861.565,172.664,463.996,-0.0461,0.003676
99591.473,84861.525,172.656,464.996,-0.0430,0.003315
99592.472,84861.484,172.647,465.996,-0.0399,0.002953
99593.471,84861.444,172.639,466.996,-0.0368,0.002591
99594.471,84861.409,172.630,467.996,-0.0343,0.002365
99595.470,84861.378,172.622,468.996,-0.0321,0.002237
99596.470,84861.347,172.613,469.996,-0.0299,0.002109
99597.469,84861.316,172.605,470.996,-0.0277,0.001980
99598.469,84861.289,172.596,471.996,-0.0259,0.001859
99599.469,84861.267,172.588,472.996,-0.0242,0.001743
99600.468,84861.244,172.579,473.996,-0.0225,0.001627
99601.468,84861.221,172.571,474.996,-0.0209,0.001511
99602.468,84861.199,172.562,475.996,-0.0192,0.001412
99603.468,84861.183,172.553,476.996,-0.0176,0.001496
99604.468,84861.168,172.545,477.996,-0.0160,0.001581
99605.468,84861.152,172.536,478.996,-0.0144,0.001666
99606.467,84861.137,172.527,479.996,-0.0127,0.001751
99607.467,84861.122,172.519,480.996,-0.0111,0.001848
99608.467,84861.115,172.510,481.996,-0.0088,0.002081
99609.467,84861.108,172.501,482.996,-0.0065,0.002314
99610.467,84861.101,172.492,483.996,-0.0042,0.002547
99611.467,84861.095,172.483,484.996,-0.0019,0.002755
99612.467,84861.097,172.475,485.996,0.0008,0.002695
99613.467,84861.100,172.466,486.996,0.0034,0.002636
99614.467,84861.103,172.457,487.996,0.0061,0.002576
99615.467,84861.111,172.448,488.996,0.0088,0.002588
99616.467,84861.122,172.439,489.996,0.0114,0.002650
99617.467,84861.134,172.430,490.996,0.0141,0.002711
99618.467,84861.147,172.421,491.996,0.0168,0.002788
99619.467,84861.169,172.412,492.996,0.0200,0.003024
99620.466,84861.190,172.403,493.996,0.0231,0.003260
99621.466,84861.212,172.394,494.996,0.0263,0.003496
99622.466,84861.241,172.385,495.996,0.0298,0.003645
99623.465,84861.274,172.376,496.996,0.0335,0.003732
99624.465,84861.307,172.367,497.996,0.0373,0.003819
99625.464,84861.347,172.358,498.996,0.0411,0.003847
99626.463,84861.391,172.349,499.996,0.0449,0.003831
99627.462,84861.436,172.340,500.996,0.0487,0.003815
99628.460,84861.487,172.330,501.996,0.0526,0.003834
99629.459,84861.543,172.321,502.996,0.0565,0.003878
99630.457,84861.599,172.312,503.996,0.0603,0.003922
99631.455,84861.662,172.303,504.996,0.0643,0.003969
99632.453,84861.730,172.294,505.996,0.0683,0.004018
99633.451,84861.798,172.284,506.996,0.0723,0.004067
99634.448,84861.873,172.275,507.996,0.0763,0.004013
99635.445,84861.953,172.266,508.996,0.0802,0.003885
99636.441,84862.033,172.257,509.996,0.0840,0.003756
99637.438,84862.119,172.247,510.996,0.0876,0.003581
99638.434,84862.210,172.238,511.996,0.0910,0.003372
99639.429,84862.300,172.229,512.996,0.0944,0.003163
99640.425,84862.397,172.219,513.996,0.0974,0.002944
99641.420,84862.498,172.210,514.996,0.1001,0.002717
99642.415,84862.598,172.201,515.996,0.1028,0.002490
99643.409,84862.699,172.191,516.996,0.1054,0.002266
99644.403,84862.809,172.182,517.996,0.1072,0.002074
99645.397,84862.918,172.172,518.996,0.1091,0.001881
99646.391,84863.028,172.163,519.996,0.1109,0.001688
99647.385,84863.137,172.154,520.996,0.1128,0.001496
99648.379,84863.251,172.144,521.996,0.1141,0.001341
99649.372,84863.368,172.135,522.996,0.1152,0.001213
99650.365,84863.485,172.125,523.996,0.1162,0.001085
99651.358,84863.601,172.116,524.996,0.1172,0.000957
99652.351,84863.718,172.106,525.996,0.1183,0.000829
99653.345,84863.835,172.097,526.996,0.1193,0.000701
99654.337,84863.954,172.088,527.996,0.1199,0.000601
99655.330,84864.076,172.078,528.996,0.1201,0.000521
99656.323,84864.197,172.069,529.996,0.1204,0.000442
99657.315,84864.318,172.059,530.996,0.1207,0.000362
99658.308,84864.439,172.050,531.996,0.1209,0.000282
99659.300,84864.561,172.040,532.996,0.1212,0.000203
99660.293,84864.682,172.031,533.996,0.1215,0.000123
99661.286,84864.803,172.021,534.995,0.1217,0.000044
99662.278,84864.925,172.012,535.995,0.1220,-0.000036
99663.271,84865.046,172.002,536.995,0.1223,-0.000106
99664.263,84865.168,171.993,537.995,0.1222,-0.000078
99665.256,84865.290,171.984,538.995,0.1222,-0.000050
99666.249,84865.411,171.974,539.995,0.1222,-0.000022
99667.241,84865.533,171.965,540.995,0.1222,0.000006
99668.234,84865.655,171.955,541.995,0.1222,0.000034
99669.226,84865.777,171.946,542.995,0.1222,0.000062
99670.219,84865.899,171.936,543.995,0.1222,0.000006
99671.211,84866.020,171.927,544.995,0.1220,-0.000199
99672.204,84866.142,171.917,545.995,0.1218,-0.000403
99673.196,84866.263,171.908,546.995,0.1216,-0.000454
99674.189,84866.383,171.899,547.995,0.1213,-0.000395
99675.182,84866.503,171.889,548.995,0.1211,-0.000337
99676.175,84866.622,171.880,549.995,0.1209,-0.000278
99677.168,84866.742,171.870,550.995,0.1207,-0.000219
99678.160,84866.862,171.861,551.995,0.1204,-0.000160
99679.153,84866.982,171.852,552.995,0.1202,-0.000101
99680.146,84867.102,171.842,553.995,0.1200,-0.000042
99681.139,84867.222,171.833,554.995,0.1198,0.000017
99682.132,84867.341,171.823,555.995,0.1196,0.000070
99683.124,84867.461,171.814,556.995,0.1196,0.000066
99684.117,84867.581,171.805,557.995,0.1197,0.000061
99685.110,84867.700,171.795,558.995,0.1197,0.000057
99686.103,84867.820,171.786,559.995,0.1198,0.000053
99687.096,84867.939,171.777,560.995,0.1198,0.000049
99688.088,84868.059,171.767,561.995,0.1199,0.000044
99689.081,84868.178,171.758,562.995,0.1199,0.000040
99690.074,84868.298,171.749,563.995,0.1200,0.000036
99691.067,84868.418,171.739,564.995,0.1200,0.000031
99692.060,84868.537,171.730,565.995,0.1201,0.000035
99693.052,84868.657,171.721,566.995,0.1202,0.000043
99694.045,84868.777,171.712,567.995,0.1202,0.000052
99695.038,84868.897,171.702,568.995,0.1203,0.000061
99696.031,84869.018,171.693,569.995,0.1204,0.000069
99697.024,84869.138,171.684,570.995,0.1205,0.000078
99698.016,84869.258,171.675,571.995,0.1205,0.000087
99699.009,84869.378,171.665,572.995,0.1206,0.000095
99700.002,84869.498,171.656,573.995,0.1207,0.000104
99700.995,84869.618,171.647,574.995,0.1207,0.000110
99701.987,84869.738,171.638,575.995,0.1207,0.000081
99702.980,84869.859,171.628,576.995,0.1207,0.000053
99703.973,84869.979,171.619,577.995,0.1207,0.000024
99704.965,84870.100,171.610,578.995,0.1206,-0.000004
99705.958,84870.220,171.601,579.995,0.1206,-0.000033
99706.951,84870.341,171.592,580.995,0.1206,-0.000062
99707.943,84870.461,171.583,581.995,0.1206,-0.000090
99708.936,84870.582,171.573,582.995,0.1205,-0.000119
99709.929,84870.703,171.564,583.995,0.1205,-0.000147
99710.922,84870.823,171.555,584.995,0.1206,-0.000120
99711.914,84870.943,171.546,585.995,0.1207,-0.000054
99712.907,84871.064,171.537,586.995,0.1209,0.000012
99713.900,84871.184,171.528,587.995,0.1211,0.000078
99714.892,84871.305,171.519,588.995,0.1212,0.000144
99715.885,84871.425,171.510,589.995,0.1214,0.000210
99716.878,84871.546,171.501,590.995,0.1215,0.000276
99717.871,84871.666,171.492,591.995,0.1217,0.000342
99718.863,84871.787,171.483,592.995,0.1218,0.000408
99719.856,84871.907,171.474,593.995,0.1220,0.000460
99720.848,84872.030,171.465,594.995,0.1220,0.000358
99721.841,84872.152,171.456,595.995,0.1219,0.000256
99722.833,84872.274,171.447,596.995,0.1219,0.000155
99723.826,84872.397,171.438,597.995,0.1219,0.000053
99724.818,84872.519,171.429,598.995,0.1219,-0.000049
99725.811,84872.641,171.420,599.995,0.1219,-0.000151
99726.803,84872.764,171.411,600.995,0.1219,-0.000252
99727.796,84872.886,171.402,601.995,0.1219,-0.000354
99728.788,84873.009,171.393,602.995,0.1218,-0.000456
99729.781,84873.130,171.384,603.995,0.1217,-0.000457
99730.774,84873.250,171.375,604.995,0.1216,-0.000387
99731.766,84873.370,171.366,605.995,0.1214,-0.000317
99732.759,84873.490,171.357,606.995,0.1212,-0.000246
99733.752,84873.610,171.348,607.995,0.1211,-0.000176
99734.745,84873.731,171.339,608.995,0.1209,-0.000106
99735.737,84873.851,171.330,609.995,0.1207,-0.000036
99736.730,84873.971,171.322,610.995,0.1206,0.000034
99737.723,84874.091,171.313,611.995,0.1204,0.000105
99738.716,84874.212,171.304,612.995,0.1203,0.000169
99739.708,84874.332,171.295,613.995,0.1204,0.000163
99740.701,84874.453,171.286,614.995,0.1206,0.000157
99741.694,84874.574,171.277,615.995,0.1207,0.000152
99742.686,84874.694,171.268,616.995,0.1208,0.000146
99743.679,84874.815,171.260,617.995,0.1210,0.000140
99744.672,84874.936,171.251,618.995,0.1211,0.000134
99745.664,84875.056,171.242,619.995,0.1213,0.000129
99746.657,84875.177,171.233,620.995,0.1214,0.000123
99747.650,84875.298,171.224,621.995,0.1216,0.000117
99748.642,84875.419,171.215,622.995,0.1215,0.000080
99749.635,84875.540,171.207,623.995,0.1213,0.000019
99750.628,84875.661,171.198,624.995,0.1212,-0.000041
99751.620,84875.782,171.189,625.995,0.1210,-0.000101
99752.613,84875.903,171.180,626.995,0.1208,-0.000162
99753.606,84876.024,171.171,627.995,0.1207,-0.000222
99754.598,84876.144,171.163,628.995,0.1205,-0.000283
99755.591,84876.265,171.154,629.995,0.1203,-0.000343
99756.584,84876.386,171.145,630.995,0.1201,-0.000403
99757.576,84876.507,171.136,631.995,0.1200,-0.000453
99758.569,84876.626,171.128,632.995,0.1198,-0.000384
99759.562,84876.744,171.119,633.995,0.1197,-0.000315
99760.555,84876.863,171.110,634.995,0.1196,-0.000246
99761.548,84876.982,171.102,635.995,0.1195,-0.000177
99762.541,84877.100,171.093,636.995,0.1193,-0.000108
99763.534,84877.219,171.084,637.995,0.1192,-0.000039
99764.527,84877.338,171.076,638.995,0.1191,0.000030
99765.520,84877.456,171.067,639.995,0.1190,0.000099
99766.513,84877.575,171.058,640.995,0.1189,0.000105
99767.506,84877.694,171.050,641.995,0.1189,0.000057
99768.498,84877.812,171.041,642.995,0.1189,0.000049
99769.491,84877.931,171.033,643.995,0.1189,0.000042
99770.484,84878.049,171.024,644.995,0.1189,0.000034
99771.477,84878.168,171.016,645.995,0.1189,0.000026
99772.470,84878.287,171.007,646.995,0.1189,0.000019
99773.463,84878.405,170.999,647.995,0.1189,0.000011
99774.456,84878.524,170.990,648.995,0.1189,0.000003
99775.449,84878.643,170.981,649.995,0.1189,-0.000004
99776.442,84878.761,170.973,650.995,0.1189,-0.000011
99777.435,84878.880,170.965,651.995,0.1189,-0.000013
99778.428,84878.998,170.956,652.995,0.1188,-0.000014
99779.421,84879.117,170.948,653.995,0.1188,-0.000015
99780.414,84879.235,170.940,654.995,0.1188,-0.000017
99781.407,84879.354,170.931,655.995,0.1188,-0.000018
99782.400,84879.472,170.923,656.995,0.1188,-0.000019
99783.393,84879.591,170.915,657.995,0.1188,-0.000021
99784.385,84879.710,170.907,658.995,0.1187,-0.000022
99785.378,84879.828,170.898,659.995,0.1187,-0.000023
99786.371,84879.947,170.890,660.995,0.1187,-0.000022
99787.364,84880.065,170.882,661.995,0.1187,-0.000019
99788.357,84880.183,170.874,662.995,0.1187,-0.000016
99789.350,84880.302,170.866,663.995,0.1187,-0.000013
99790.343,84880.420,170.858,664.995,0.1187,-0.000010
99791.336,84880.538,170.850,665.995,0.1187,-0.000007
99792.329,84880.657,170.842,666.995,0.1187,-0.000004
99793.322,84880.775,170.834,667.995,0.1187,-0.000001
99794.315,84880.894,170.826,668.994,0.1187,0.000002
99795.308,84881.012,170.818,669.994,0.1186,-0.000015
99796.301,84881.129,170.810,670.994,0.1180,-0.000254
99797.294,84881.246,170.803,671.994,0.1173,-0.000492
99798.287,84881.364,170.795,672.994,0.1167,-0.000731
99799.280,84881.481,170.787,673.994,0.1160,-0.000969
99800.273,84881.598,170.780,674.994,0.1154,-0.001208
99801.267,84881.713,170.772,675.994,0.1152,-0.001050
99802.260,84881.827,170.765,676.994,0.1153,-0.000610
99803.254,84881.941,170.757,677.994,0.1154,-0.000170
99804.247,84882.054,170.750,678.994,0.1155,0.000270
99805.241,84882.168,170.743,679.994,0.1156,0.000710
99806.234,84882.281,170.735,680.994,0.1157,0.001150
99807.228,84882.396,170.728,681.994,0.1159,0.001533
99808.221,84882.515,170.721,682.994,0.1163,0.001291
99809.214,84882.634,170.714,683.994,0.1167,0.001048
99810.206,84882.754,170.707,684.994,0.1171,0.000805
99811.199,84882.873,170.699,685.994,0.1175,0.000562
99812.192,84882.993,170.692,686.994,0.1179,0.000320
99813.185,84883.112,170.685,687.994,0.1183,0.000077
99814.178,84883.231,170.678,688.994,0.1187,-0.000166
99815.171,84883.351,170.671,689.994,0.1192,-0.000409
99816.163,84883.470,170.664,690.994,0.1196,-0.000652
99817.156,84883.589,170.657,691.994,0.1197,-0.000667
99818.149,84883.707,170.650,692.994,0.1196,-0.000519
99819.142,84883.825,170.644,693.994,0.1196,-0.000371
99820.135,84883.943,170.637,694.994,0.1195,-0.000224
99821.128,84884.061,170.630,695.994,0.1195,-0.000076
99822.121,84884.179,170.623,696.994,0.1194,0.000072
99823.114,84884.297,170.617,697.994,0.1194,0.000219
99824.107,84884.415,170.610,698.994,0.1193,0.000367
99825.100,84884.533,170.603,699.994,0.1193,0.000514
99826.093,84884.651,170.596,700.994,0.1192,0.000640
99827.086,84884.772,170.590,701.994,0.1193,0.000517
99828.079,84884.892,170.583,702.994,0.1194,0.000394
99829.072,84885.012,170.577,703.994,0.1194,0.000271
99830.064,84885.132,170.570,704.994,0.1195,0.000148
99831.057,84885.252,170.564,705.994,0.1196,0.000025
99832.050,84885.373,170.557,706.994,0.1196,-0.000098
99833.043,84885.493,170.551,707.994,0.1197,-0.000221
99834.035,84885.613,170.544,708.994,0.1198,-0.000343
99835.028,84885.733,170.538,709.994,0.1198,-0.000466
99836.021,84885.852,170.531,710.994,0.1198,-0.000463
99837.014,84885.971,170.525,711.994,0.1197,-0.000370
99838.007,84886.089,170.519,712.994,0.1197,-0.000277
99839.000,84886.208,170.513,713.994,0.1196,-0.000185
99839.993,84886.326,170.506,714.994,0.1195,-0.000092
99840.986,84886.445,170.500,715.994,0.1194,0.000001
99841.979,84886.563,170.494,716.994,0.1194,0.000094
99842.971,84886.682,170.487,717.994,0.1193,0.000187
99843.964,84886.800,170.481,718.994,0.1192,0.000280
99844.957,84886.919,170.475,719.994,0.1192,0.000362
99845.950,84887.039,170.469,720.994,0.1193,0.000318
99846.943,84887.159,170.462,721.994,0.1195,0.000275
99847.936,84887.279,170.456,722.994,0.1196,0.000231
99848.928,84887.399,170.450,723.994,0.1198,0.000188
99849.921,84887.519,170.444,724.994,0.1199,0.000144
99850.914,84887.639,170.438,725.994,0.1201,0.000101
99851.907,84887.759,170.432,726.994,0.1203,0.000057
99852.900,84887.879,170.425,727.994,0.1204,0.000014
99853.892,84887.998,170.419,728.994,0.1206,-0.000030
99854.885,84888.119,170.413,729.994,0.1206,-0.000046
99855.878,84888.239,170.407,730.994,0.1206,-0.000043
99856.871,84888.359,170.401,731.994,0.1206,-0.000039
99857.863,84888.479,170.395,732.994,0.1206,-0.000036
99858.856,84888.600,170.389,733.994,0.1206,-0.000033
99859.849,84888.720,170.383,734.994,0.1206,-0.000030
99860.841,84888.840,170.377,735.994,0.1206,-0.000027
99861.834,84888.960,170.371,736.994,0.1206,-0.000024
99862.827,84889.081,170.364,737.994,0.1205,-0.000080
99863.820,84889.201,170.358,738.994,0.1205,-0.000225
99864.812,84889.321,170.352,739.994,0.1205,-0.000164
99865.805,84889.440,170.346,740.994,0.1205,-0.000103
99866.798,84889.560,170.340,741.994,0.1205,-0.000042
99867.791,84889.680,170.334,742.994,0.1206,0.000020
99868.784,84889.800,170.328,743.994,0.1206,0.000081
99869.776,84889.919,170.322,744.994,0.1206,0.000142
99870.769,84890.039,170.316,745.994,0.1207,0.000204
99871.762,84890.159,170.310,746.994,0.1207,0.000265
99872.755,84890.279,170.304,747.994,0.1207,0.000326
99873.748,84890.399,170.298,748.994,0.1207,0.000297
99874.740,84890.520,170.292,749.994,0.1206,0.000205
99875.733,84890.641,170.286,750.994,0.1205,0.000112
99876.726,84890.761,170.280,751.994,0.1204,0.000019
99877.718,84890.882,170.274,752.994,0.1203,-0.000074
99878.711,84891.003,170.268,753.994,0.1202,-0.000167
99879.704,84891.123,170.262,754.994,0.1201,-0.000260
99880.696,84891.244,170.256,755.994,0.1200,-0.000353
99881.689,84891.365,170.250,756.994,0.1199,-0.000446
99882.682,84891.486,170.245,757.994,0.1199,-0.000516
99883.675,84891.605,170.252,758.994,0.1201,-0.000341
99884.667,84891.724,170.259,759.994,0.1203,-0.000165
99885.660,84891.844,170.266,760.994,0.1205,0.000011
99886.653,84891.963,170.273,761.994,0.1207,0.000187
99887.646,84892.082,170.280,762.994,0.1208,0.000362
99888.639,84892.202,170.287,763.994,0.1210,0.000538
99889.632,84892.321,170.294,764.994,0.1212,0.000714
99890.624,84892.441,170.274,765.994,0.1215,0.000609
99891.617,84892.563,170.213,766.994,0.1218,0.000087
99892.610,84892.684,170.184,767.994,0.1218,-0.000134
99893.602,84892.804,170.178,768.994,0.1216,-0.000140
99894.595,84892.925,170.172,769.994,0.1214,-0.000146
99895.588,84893.045,170.166,770.994,0.1212,-0.000152
99896.580,84893.166,170.160,771.994,0.1210,-0.000158
99897.573,84893.287,170.154,772.994,0.1208,-0.000163
99898.566,84893.407,170.148,773.994,0.1206,-0.000169
99899.558,84893.528,170.142,774.994,0.1203,-0.000175
99900.551,84893.648,170.137,775.994,0.1201,-0.000181
99901.544,84893.769,170.131,776.994,0.1200,-0.000181
99902.537,84893.889,170.125,777.994,0.1201,-0.000120
99903.529,84894.008,170.119,778.994,0.1202,-0.000059
99904.522,84894.128,170.113,779.994,0.1203,0.000003
99905.515,84894.248,170.107,780.994,0.1204,0.000064
99906.508,84894.367,170.101,781.994,0.1205,0.000125
99907.501,84894.487,170.095,782.994,0.1206,0.000186
99908.493,84894.607,170.089,783.994,0.1207,0.000247
99909.486,84894.727,170.083,784.994,0.1208,0.000309
99910.479,84894.846,170.078,785.994,0.1209,0.000370
99911.472,84894.967,170.072,786.994,0.1210,0.000356
99912.464,84895.089,170.066,787.994,0.1211,0.000289
99913.457,84895.210,170.060,788.994,0.1212,0.000223
99914.449,84895.332,170.054,789.994,0.1213,0.000156
99915.442,84895.453,170.048,790.994,0.1213,0.000089
99916.435,84895.575,170.043,791.994,0.1214,0.000022
99917.427,84895.696,170.037,792.994,0.1215,-0.000045
99918.420,84895.818,170.031,793.994,0.1216,-0.000112
99919.412,84895.939,170.025,794.994,0.1216,-0.000179
99920.405,84896.061,170.019,795.994,0.1217,-0.000234
99921.398,84896.182,170.014,796.994,0.1218,-0.000168
99922.390,84896.304,170.008,797.994,0.1219,-0.000101
99923.383,84896.425,170.002,798.994,0.1219,-0.000034
99924.375,84896.546,169.996,799.994,0.1220,0.000033
99925.368,84896.667,169.991,800.994,0.1221,0.000100
99926.361,84896.789,169.985,801.994,0.1222,0.000167
99927.353,84896.910,169.979,802.993,0.1223,0.000234
99928.346,84897.031,169.974,803.993,0.1223,0.000301
99929.338,84897.152,169.968,804.993,0.1224,0.000368
99930.331,84897.275,169.962,805.993,0.1225,0.000360
99931.323,84897.398,169.957,806.993,0.1226,0.000298
99932.316,84897.521,169.951,807.993,0.1227,0.000236
99933.308,84897.644,169.946,808.993,0.1228,0.000175
99934.300,84897.767,169.940,809.993,0.1229,0.000113
99935.293,84897.890,169.935,810.993,0.1230,0.000051
99936.285,84898.013,169.929,811.993,0.1231,-0.000010
99937.278,84898.136,169.923,812.993,0.1232,-0.000072
99938.270,84898.259,169.918,813.993,0.1233,-0.000134
99939.262,84898.383,169.912,814.993,0.1234,-0.000187
99940.255,84898.505,169.907,815.993,0.1234,-0.000143
99941.247,84898.628,169.902,816.993,0.1235,-0.000100
99942.240,84898.751,169.896,817.993,0.1235,-0.000057
99943.232,84898.874,169.891,818.993,0.1235,-0.000013
99944.224,84898.997,169.885,819.993,0.1235,0.000030
99945.217,84899.120,169.880,820.993,0.1235,0.000073
99946.209,84899.242,169.875,821.993,0.1235,0.000117
99947.202,84899.365,169.869,822.993,0.1236,0.000160
99948.194,84899.488,169.864,823.993,0.1236,0.000204
99949.187,84899.611,169.859,824.993,0.1236,0.000192
99950.179,84899.735,169.854,825.993,0.1235,0.000141
99951.171,84899.858,169.849,826.993,0.1235,0.000091
99952.164,84899.982,169.843,827.993,0.1234,0.000040
99953.156,84900.105,169.838,828.993,0.1234,-0.000011
99954.148,84900.229,169.833,829.993,0.1233,-0.000061
99955.141,84900.352,169.828,830.993,0.1233,-0.000112
99956.133,84900.476,169.823,831.993,0.1232,-0.000163
99957.125,84900.599,169.818,832.993,0.1232,-0.000213
99958.118,84900.723,169.813,833.993,0.1232,-0.000242
99959.110,84900.846,169.808,834.993,0.1231,-0.000020
99960.102,84900.968,169.803,835.993,0.1230,0.000099
99961.095,84901.091,169.798,836.993,0.1229,0.000035
99962.087,84901.214,169.793,837.993,0.1228,-0.000028
99963.080,84901.336,169.788,838.993,0.1227,-0.000092
99964.072,84901.459,169.783,839.993,0.1226,-0.000155
99965.065,84901.582,169.778,840.993,0.1225,-0.000219
99966.057,84901.705,169.773,841.993,0.1224,-0.000282
99967.049,84901.827,169.768,842.993,0.1223,-0.000346
99968.042,84901.949,169.763,843.993,0.1222,-0.000351
99969.035,84902.070,169.759,844.993,0.1220,-0.000313
99970.027,84902.190,169.754,845.993,0.1218,-0.000275
99971.020,84902.311,169.749,846.993,0.1216,-0.000237
99972.013,84902.432,169.745,847.993,0.1214,-0.000199
99973.005,84902.553,169.740,848.993,0.1212,-0.000162
99973.998,84902.673,169.735,849.993,0.1210,-0.000124
99974.991,84902.794,169.731,850.993,0.1208,-0.000086
99975.983,84902.915,169.726,851.993,0.1206,-0.000048
99976.976,84903.035,169.721,852.993,0.1204,-0.000013
99977.969,84903.156,169.717,853.993,0.1204,-0.000008
99978.962,84903.276,169.712,854.993,0.1204,-0.000004
99979.954,84903.396,169.708,855.993,0.1204,0.000001
99980.947,84903.516,169.703,856.993,0.1204,0.000006
99981.940,84903.636,169.699,857.993,0.1205,0.000011
99982.933,84903.756,169.694,858.993,0.1205,0.000016
99983.925,84903.876,169.690,859.993,0.1205,0.000021
99984.918,84903.996,169.685,860.993,0.1205,0.000026
99985.911,84904.117,169.681,861.993,0.1205,0.000031
99986.904,84904.237,169.677,862.993,0.1204,0.000013
99987.896,84904.356,169.672,863.993,0.1203,-0.000022
99988.889,84904.476,169.668,864.993,0.1202,-0.000056
99989.882,84904.596,169.664,865.993,0.1200,-0.000090
99990.875,84904.716,169.659,866.993,0.1199,-0.000124
99991.868,84904.836,169.655,867.993,0.1198,-0.000159
99992.860,84904.956,169.651,868.993,0.1196,-0.000193
99993.853,84905.076,169.646,869.993,0.1195,-0.000227
99994.846,84905.195,169.642,870.993,0.1194,-0.000261
99995.839,84905.315,169.638,871.993,0.1193,-0.000273
99996.831,84905.436,169.634,872.993,0.1200,-0.000033
99997.824,84905.556,169.630,873.993,0.1207,0.000208
99998.817,84905.676,169.626,874.993,0.1213,0.000449
99999.810,84905.797,169.621,875.993,0.1220,0.000689
100000.802,84905.917,169.617,876.993,0.1227,0.000930
100001.795,84906.037,169.613,877.993,0.1233,0.001171
100002.788,84906.158,169.609,878.993,0.1240,0.001411
100003.780,84906.279,169.605,879.993,0.1248,0.001663
100004.772,84906.407,169.601,880.993,0.1272,0.002043
100005.764,84906.536,169.597,881.993,0.1296,0.002423
100006.756,84906.664,169.593,882.993,0.1320,0.002802
100007.747,84906.794,169.589,883.993,0.1345,0.003182
100008.737,84906.933,169.585,884.993,0.1382,0.003565
100009.728,84907.072,169.581,885.993,0.1419,0.003947
100010.718,84907.212,169.577,886.993,0.1457,0.004333
100011.706,84907.362,169.573,887.993,0.1506,0.004759
100012.695,84907.513,169.569,888.993,0.1554,0.005185
100013.682,84907.671,169.565,889.993,0.1608,0.005542
100014.669,84907.835,169.561,890.993,0.1665,0.005850
100015.655,84908.000,169.558,891.993,0.1723,0.006152
100016.639,84908.179,169.554,892.993,0.1788,0.006395
100017.623,84908.357,169.550,893.993,0.1852,0.006637
100018.605,84908.545,169.546,894.993,0.1919,0.006831
100019.586,84908.738,169.542,895.993,0.1988,0.006988
100020.566,84908.940,169.538,896.993,0.2058,0.007033
100021.544,84909.147,169.535,897.993,0.2128,0.006998
100022.521,84909.362,169.531,898.993,0.2197,0.006867
100023.496,84909.583,169.527,899.993,0.2264,0.006668
100024.469,84909.812,169.523,900.993,0.2329,0.006462
100025.441,84910.047,169.520,901.993,0.2393,0.006253
100026.413,84910.283,169.516,902.993,0.2456,0.006052
100027.381,84910.533,169.512,903.993,0.2515,0.005950
100028.350,84910.783,169.509,904.993,0.2574,0.005847
100029.316,84911.041,169.505,905.993,0.2632,0.005753
100030.280,84911.305,169.501,906.993,0.2689,0.005665
100031.244,84911.570,169.498,907.993,0.2746,0.005581
100032.205,84911.847,169.494,908.993,0.2801,0.005552
100033.166,84912.124,169.490,909.993,0.2857,0.005523
100034.124,84912.410,169.487,910.992,0.2913,0.005553
100035.081,84912.700,169.483,911.992,0.2969,0.005626
100036.038,84912.992,169.480,912.992,0.3025,0.005705
100036.990,84913.296,169.476,913.992,0.3084,0.005853
100037.943,84913.601,169.473,914.992,0.3142,0.006002
100038.892,84913.914,169.469,915.992,0.3205,0.006243
100039.840,84914.233,169.466,916.992,0.3269,0.006551
100040.788,84914.553,169.462,917.992,0.3334,0.006850
100041.730,84914.886,169.459,918.992,0.3404,0.007052
100042.673,84915.220,169.455,919.992,0.3475,0.007240
100043.611,84915.567,169.452,920.992,0.3547,0.007267
100044.548,84915.915,169.448,921.992,0.3620,0.007289
100045.481,84916.275,169.445,922.992,0.3693,0.007251
100046.413,84916.637,169.442,923.992,0.3765,0.007212
100047.341,84917.011,169.438,924.992,0.3837,0.007156
100048.268,84917.386,169.435,925.992,0.3908,0.007101
100049.190,84917.772,169.431,926.992,0.3979,0.007076
100050.112,84918.161,169.428,927.992,0.4050,0.007056
100051.028,84918.560,169.425,928.992,0.4121,0.007098
100051.944,84918.961,169.422,929.992,0.4192,0.007144
100052.855,84919.374,169.418,930.992,0.4264,0.007227
100053.765,84919.789,169.415,931.992,0.4336,0.007294
100054.670,84920.215,169.412,932.992,0.4408,0.007181
100055.574,84920.642,169.409,933.992,0.4480,0.007053
100056.474,84921.079,169.406,934.992,0.4548,0.006712
100057.370,84921.521,169.402,935.992,0.4612,0.006217
100058.264,84921.971,169.399,936.992,0.4668,0.005594
100059.155,84922.424,169.396,937.992,0.4720,0.004880
100060.046,84922.879,169.393,938.992,0.4770,0.004224
100060.931,84923.343,169.390,939.992,0.4812,0.004221
100061.817,84923.807,169.387,940.992,0.4854,0.004219
100062.702,84924.273,169.384,941.992,0.4897,0.004280
100063.582,84924.748,169.381,942.992,0.4948,0.005044
100064.462,84925.223,169.378,943.992,0.5000,0.005808
100065.338,84925.705,169.375,944.992,0.5056,0.005980
100066.211,84926.193,169.372,945.992,0.5114,0.005726
100067.083,84926.682,169.369,946.992,0.5171,0.005468
100067.949,84927.182,169.367,947.992,0.5222,0.005163
100068.815,84927.682,169.364,948.992,0.5274,0.004858
100069.678,84928.188,169.361,949.992,0.5322,0.004717
100070.538,84928.698,169.358,950.992,0.5369,0.004694
100071.398,84929.209,169.355,951.992,0.5416,0.004672
100072.252,84929.729,169.353,952.992,0.5463,0.004668
100073.106,84930.249,169.350,953.992,0.5510,0.004665
100073.956,84930.775,169.347,954.992,0.5556,0.004614
100074.804,84931.305,169.344,955.992,0.5601,0.004529
100075.652,84931.836,169.342,956.992,0.5647,0.004447
100076.493,84932.376,169.339,957.992,0.5690,0.004400
100077.334,84932.917,169.337,958.992,0.5734,0.004353
100078.175,84933.458,169.334,959.992,0.5778,0.004325
100079.010,84934.009,169.331,960.992,0.5824,0.004517
100079.845,84934.559,169.329,961.992,0.5869,0.004709
100080.676,84935.115,169.326,962.992,0.5919,0.004993
100081.504,84935.676,169.324,963.992,0.5971,0.005344
100082.331,84936.238,169.321,964.992,0.6024,0.005696
100083.151,84936.810,169.319,965.992,0.6085,0.006056
100083.971,84937.382,169.316,966.992,0.6146,0.006416
100084.786,84937.961,169.314,967.992,0.6211,0.006682
100085.598,84938.546,169.311,968.992,0.6279,0.006879
100086.405,84939.136,169.309,969.992,0.6347,0.006952
100087.208,84939.732,169.306,970.992,0.6417,0.006936
100088.006,84940.334,169.304,971.992,0.6484,0.006750
100088.801,84940.942,169.301,972.992,0.6549,0.006442
100089.594,84941.550,169.299,973.992,0.6614,0.006118
100090.379,84942.170,169.297,974.992,0.6669,0.005609
100091.164,84942.789,169.294,975.992,0.6724,0.005099
100091.944,84943.415,169.292,976.992,0.6772,0.004650
100092.721,84944.045,169.290,977.992,0.6815,0.004245
100093.498,84944.675,169.287,978.992,0.6858,0.003841
100094.270,84945.310,169.285,979.992,0.6896,0.003596
100095.039,84945.948,169.283,980.992,0.6931,0.003468
100095.809,84946.587,169.280,981.992,0.6966,0.003339
100096.574,84947.230,169.278,982.992,0.6999,0.003295
100097.337,84947.877,169.276,983.992,0.7033,0.003311
100098.100,84948.523,169.273,984.992,0.7066,0.003328
100098.859,84949.174,169.271,985.992,0.7101,0.003465
100099.615,84949.829,169.269,986.992,0.7138,0.003687
100100.372,84950.483,169.266,987.992,0.7174,0.003910
100101.124,84951.142,169.264,988.991,0.7216,0.004230
100101.873,84951.805,169.262,989.991,0.7261,0.004620
100102.621,84952.468,169.259,990.991,0.7306,0.005010
100103.361,84953.140,169.257,991.991,0.7361,0.005401
100104.102,84953.812,169.255,992.991,0.7416,0.005793
100104.837,84954.490,169.253,993.991,0.7475,0.006112
100105.567,84955.173,169.250,994.991,0.7538,0.006379
100106.297,84955.857,169.248,995.991,0.7601,0.006632
100107.018,84956.550,169.246,996.991,0.7668,0.006725
100107.738,84957.244,169.243,997.991,0.7736,0.006808
100108.449,84957.948,169.241,998.991,0.7803,0.006785
100109.159,84958.652,169.239,999.991,0.7871,0.006754
100109.859,84959.365,169.236,1000.991,0.7937,0.006645
100110.559,84960.079,169.234,1001.991,0.8004,0.006536
100111.253,84960.799,169.232,1002.991,0.8068,0.006376
100111.942,84961.524,169.229,1003.991,0.8130,0.006179
100112.630,84962.250,169.227,1004.991,0.8192,0.005975
100113.307,84962.986,169.225,1005.991,0.8249,0.005694
100113.985,84963.721,169.222,1006.991,0.8305,0.005414
100114.657,84964.461,169.220,1007.991,0.8358,0.005159
100115.325,84965.205,169.218,1008.991,0.8408,0.004922
100115.993,84965.950,169.215,1009.991,0.8457,0.004696
100116.652,84966.702,169.213,1010.991,0.8503,0.004589
100117.311,84967.454,169.211,1011.991,0.8549,0.004483
100117.965,84968.211,169.208,1012.991,0.8595,0.004497
100118.616,84968.970,169.206,1013.991,0.8640,0.004597
100119.265,84969.730,169.203,1014.991,0.8686,0.004717
100119.907,84970.497,169.201,1015.991,0.8737,0.005050
100120.548,84971.264,169.198,1016.991,0.8788,0.005384
100121.183,84972.037,169.196,1017.991,0.8845,0.005772
100121.814,84972.813,169.193,1018.991,0.8906,0.006199
100122.444,84973.589,169.191,1019.991,0.8967,0.006623
100123.063,84974.375,169.188,1020.991,0.9037,0.007018
100123.682,84975.160,169.186,1021.991,0.9107,0.007407
100124.289,84975.955,169.183,1022.991,0.9184,0.007739
100124.896,84976.750,169.181,1023.991,0.9262,0.008065
100125.491,84977.553,169.178,1024.991,0.9345,0.008320
100126.084,84978.358,169.175,1025.991,0.9428,0.008572
100126.665,84979.172,169.173,1026.991,0.9516,0.008785
100127.245,84979.987,169.170,1027.991,0.9604,0.008999
100127.812,84980.811,169.167,1028.991,0.9696,0.009220
100128.377,84981.636,169.165,1029.991,0.9788,0.009427
100128.927,84982.471,169.162,1030.991,0.9883,0.009469
100129.477,84983.306,169.159,1031.991,0.9977,0.009492
100130.012,84984.151,169.157,1032.991,1.0071,0.009300
100130.545,84984.997,169.154,1033.991,1.0163,0.009096
100131.065,84985.851,169.151,1034.991,1.0251,0.008767
100131.583,84986.706,169.148,1035.991,1.0339,0.008434
100132.088,84987.569,169.145,1036.991,1.0419,0.008050
100132.592,84988.433,169.142,1037.991,1.0500,0.007670
100133.084,84989.304,169.139,1038.991,1.0573,0.007331
100133.574,84990.175,169.137,1039.991,1.0646,0.007004
100134.054,84991.053,169.134,1040.991,1.0715,0.006810
100134.532,84991.931,169.131,1041.991,1.0783,0.006627
100134.998,84992.816,169.128,1042.991,1.0848,0.006570
100135.464,84993.701,169.125,1043.991,1.0914,0.006513
100135.922,84994.590,169.122,1044.991,1.0979,0.006481
100136.373,84995.482,169.119,1045.991,1.1044,0.006466
100136.824,84996.375,169.116,1046.991,1.1108,0.006449
100137.261,84997.274,169.112,1047.991,1.1172,0.006417
100137.698,84998.173,169.109,1048.991,1.1237,0.006384
100138.127,84999.077,169.106,1049.991,1.1299,0.006286
100138.550,84999.983,169.103,1050.991,1.1361,0.006142
100138.972,85000.890,169.100,1051.991,1.1423,0.005983
100139.381,85001.802,169.097,1052.991,1.1479,0.005662
100139.790,85002.714,169.093,1053.991,1.1535,0.005341
100140.193,85003.630,169.090,1054.991,1.1584,0.004880
100140.589,85004.548,169.087,1055.991,1.1627,0.004317
100140.986,85005.466,169.083,1056.991,1.1671,0.003755
100141.377,85006.386,169.080,1057.991,1.1701,0.003115
100141.763,85007.309,169.077,1058.991,1.1723,0.002420
100142.149,85008.231,169.073,1059.991,1.1744,0.001724
100142.536,85009.153,169.070,1060.991,1.1766,0.001029
100142.920,85010.077,169.066,1061.991,1.1775,0.000650
100143.302,85011.001,169.063,1062.991,1.1775,0.000500
100143.684,85011.925,169.059,1063.991,1.1775,0.000349
100144.066,85012.849,169.056,1064.991,1.1775,0.000199
100144.448,85013.773,169.052,1065.991,1.1775,0.000048
100144.831,85014.697,169.048,1066.990,1.1775,-0.000102
100145.213,85015.621,169.045,1067.990,1.1776,-0.000253
100145.595,85016.545,169.041,1068.990,1.1776,-0.000404
100145.977,85017.469,169.038,1069.990,1.1776,-0.000554
100146.360,85018.393,169.034,1070.990,1.1776,-0.000686
100146.745,85019.316,169.030,1071.990,1.1773,-0.000605
100147.130,85020.239,169.026,1072.990,1.1770,-0.000523
100147.515,85021.162,169.023,1073.990,1.1766,-0.000442
100147.900,85022.085,169.019,1074.990,1.1763,-0.000361
100148.285,85023.008,169.015,1075.990,1.1760,-0.000280
100148.670,85023.930,169.011,1076.990,1.1757,-0.000199
100149.055,85024.853,169.007,1077.990,1.1754,-0.000117
100149.440,85025.776,169.003,1078.990,1.1751,-0.000036
100149.825,85026.699,169.000,1079.990,1.1748,0.000045
100150.211,85027.622,168.996,1080.990,1.1747,0.000069
100150.596,85028.544,168.992,1081.990,1.1747,0.000052
100150.982,85029.467,168.988,1082.990,1.1747,0.000034
100151.368,85030.390,168.984,1083.990,1.1747,0.000017
100151.753,85031.312,168.980,1084.990,1.1747,-0.000000
100152.139,85032.235,168.975,1085.990,1.1747,-0.000017
100152.525,85033.157,168.971,1086.990,1.1747,-0.000035
100152.911,85034.080,168.967,1087.990,1.1747,-0.000052
100153.296,85035.003,168.963,1088.990,1.1747,-0.000069
100153.682,85035.925,168.959,1089.990,1.1747,-0.000081
100154.068,85036.848,168.955,1090.990,1.1748,-0.000039
100154.453,85037.771,168.951,1091.990,1.1749,0.000004
100154.839,85038.693,168.947,1092.990,1.1750,0.000047
100155.225,85039.616,168.942,1093.990,1.1751,0.000090
100155.610,85040.539,168.938,1094.990,1.1753,0.000132
100155.996,85041.461,168.934,1095.990,1.1754,0.000175
100156.382,85042.384,168.930,1096.990,1.1755,0.000218
100156.767,85043.306,168.925,1097.990,1.1756,0.000261
100157.153,85044.229,168.921,1098.990,1.1757,0.000303
100157.537,85045.152,168.917,1099.990,1.1759,0.000303
100157.921,85046.076,168.913,1100.990,1.1760,0.000271
100158.305,85046.999,168.908,1101.990,1.1762,0.000239
100158.689,85047.922,168.904,1102.990,1.1764,0.000207
100159.073,85048.846,168.899,1103.990,1.1766,0.000175
100159.457,85049.769,168.895,1104.990,1.1767,0.000143
100159.841,85050.692,168.891,1105.990,1.1769,0.000111
100160.224,85051.616,168.886,1106.990,1.1771,0.000079
100160.608,85052.539,168.882,1107.990,1.1772,0.000047
100160.992,85053.463,168.878,1108.990,1.1774,0.000016
100161.376,85054.386,168.873,1109.990,1.1773,-0.000003
100161.759,85055.310,168.869,1110.990,1.1772,-0.000021
100162.143,85056.233,168.864,1111.990,1.1772,-0.000040
100162.526,85057.157,168.860,1112.990,1.1771,-0.000058
100162.910,85058.080,168.855,1113.990,1.1770,-0.000077
100163.293,85059.004,168.851,1114.990,1.1770,-0.000095
100163.677,85059.927,168.846,1115.990,1.1769,-0.000114
100164.060,85060.851,168.842,1116.990,1.1768,-0.000132
100164.444,85061.774,168.837,1117.990,1.1767,-0.000151
100164.828,85062.698,168.833,1118.990,1.1767,-0.000143
100165.212,85063.621,168.829,1119.990,1.1766,-0.000115
100165.596,85064.544,168.824,1120.990,1.1766,-0.000087
100165.981,85065.467,168.820,1121.990,1.1765,-0.000059
100166.365,85066.391,168.815,1122.990,1.1765,-0.000032
100166.749,85067.314,168.811,1123.990,1.1765,-0.000004
100167.133,85068.237,168.806,1124.990,1.1764,0.000024
100167.518,85069.160,168.802,1125.990,1.1764,0.000051
100167.902,85070.083,168.797,1126.990,1.1763,0.000087
100168.286,85071.007,168.793,1127.990,1.1764,0.000136
100168.670,85071.930,168.788,1128.990,1.1765,0.000118
100169.054,85072.853,168.784,1129.990,1.1765,0.000100
100169.438,85073.777,168.779,1130.990,1.1766,0.000082
100169.822,85074.700,168.775,1131.990,1.1767,0.000064
100170.205,85075.624,168.770,1132.990,1.1767,0.000046
100170.589,85076.547,168.766,1133.990,1.1768,0.000028
100170.973,85077.470,168.761,1134.990,1.1768,0.000010
100171.357,85078.394,168.757,1135.990,1.1769,-0.000008
100171.741,85079.317,168.753,1136.990,1.1770,-0.000026
100172.125,85080.241,168.748,1137.990,1.1770,-0.000034
100172.508,85081.164,168.744,1138.990,1.1769,-0.000035
100172.892,85082.087,168.739,1139.990,1.1769,-0.000036
100173.276,85083.011,168.735,1140.990,1.1768,-0.000036
100173.660,85083.934,168.731,1141.990,1.1768,-0.000037
100174.044,85084.857,168.726,1142.990,1.1768,-0.000038
100174.428,85085.781,168.722,1143.990,1.1767,-0.000038
100174.812,85086.704,168.717,1144.990,1.1767,-0.000039
100175.196,85087.628,168.713,1145.990,1.1767,-0.000040
100175.579,85088.551,168.709,1146.990,1.1766,-0.000039
100175.963,85089.474,168.704,1147.990,1.1767,-0.000019
100176.347,85090.398,168.700,1148.990,1.1767,0.000001
100176.731,85091.321,168.696,1149.990,1.1768,0.000021
100177.115,85092.244,168.692,1150.990,1.1768,0.000041
100177.499,85093.168,168.687,1151.990,1.1769,0.000061
100177.883,85094.091,168.683,1152.990,1.1770,0.000081
100178.267,85095.014,168.679,1153.990,1.1770,0.000101
100178.651,85095.938,168.674,1154.990,1.1771,0.000121
100179.035,85096.861,168.670,1155.990,1.1771,0.000141
100179.418,85097.785,168.666,1156.990,1.1772,0.000134
100179.802,85098.708,168.662,1157.990,1.1772,0.000108
100180.185,85099.632,168.658,1158.990,1.1772,0.000083
100180.568,85100.555,168.653,1159.990,1.1772,0.000057
100180.952,85101.479,168.649,1160.990,1.1773,0.000031
100181.335,85102.403,168.645,1161.990,1.1773,0.000005
100181.718,85103.326,168.641,1162.990,1.1773,-0.000021
100182.101,85104.250,168.637,1163.990,1.1773,-0.000047
100182.485,85105.174,168.633,1164.990,1.1774,-0.000073
100182.868,85106.097,168.628,1165.990,1.1774,-0.000097
100183.252,85107.021,168.624,1166.990,1.1772,-0.000105
100183.636,85107.944,168.620,1167.990,1.1771,-0.000113
100184.020,85108.867,168.616,1168.990,1.1770,-0.000121
100184.403,85109.791,168.612,1169.990,1.1768,-0.000129
100184.787,85110.714,168.608,1170.990,1.1767,-0.000137
100185.171,85111.638,168.604,1171.990,1.1766,-0.000145
100185.555,85112.561,168.600,1172.990,1.1764,-0.000153
100185.939,85113.484,168.596,1173.990,1.1763,-0.000161
100186.323,85114.408,168.592,1174.990,1.1762,-0.000169
100186.707,85115.331,168.588,1175.990,1.1762,-0.000140
100187.091,85116.254,168.584,1176.990,1.1763,-0.000085
100187.476,85117.177,168.580,1177.990,1.1763,-0.000030
100187.860,85118.100,168.576,1178.990,1.1764,0.000026
100188.245,85119.023,168.572,1179.990,1.1765,0.000081
100188.629,85119.946,168.568,1180.990,1.1766,0.000136
100189.014,85120.870,168.564,1181.990,1.1767,0.000192
100189.399,85121.793,168.560,1182.990,1.1768,0.000247
100189.783,85122.716,168.556,1183.990,1.1769,0.000302
100190.167,85123.639,168.552,1184.990,1.1770,0.000346
100190.551,85124.563,168.548,1185.990,1.1769,0.000264
100190.934,85125.486,168.544,1186.990,1.1769,0.000182
100191.317,85126.410,168.540,1187.990,1.1769,0.000100
100191.701,85127.333,168.536,1188.990,1.1768,0.000018
100192.084,85128.257,168.532,1189.990,1.1768,-0.000064
100192.467,85129.181,168.528,1190.990,1.1767,-0.000146
100192.851,85130.104,168.524,1191.990,1.1767,-0.000228
100193.234,85131.028,168.520,1192.990,1.1767,-0.000310
100193.617,85131.951,168.516,1193.990,1.1766,-0.000392
100194.001,85132.875,168.512,1194.990,1.1765,-0.000392
100194.387,85133.798,168.508,1195.990,1.1764,-0.000333
100194.772,85134.720,168.504,1196.990,1.1762,-0.000273
100195.157,85135.643,168.500,1197.990,1.1761,-0.000214
100195.542,85136.566,168.496,1198.990,1.1760,-0.000155
100195.927,85137.489,168.492,1199.990,1.1758,-0.000095
100196.312,85138.412,168.488,1200.989,1.1757,-0.000036
100196.697,85139.335,168.484,1201.989,1.1755,0.000024
100197.082,85140.258,168.480,1202.989,1.1754,0.000083
100197.467,85141.180,168.476,1203.989,1.1753,0.000136
100197.852,85142.103,168.471,1204.989,1.1753,0.000119
100198.237,85143.026,168.467,1205.989,1.1754,0.000102
100198.622,85143.949,168.463,1206.989,1.1754,0.000084
100199.007,85144.872,168.458,1207.989,1.1755,0.000067
100199.392,85145.795,168.454,1208.989,1.1755,0.000049
100199.777,85146.718,168.450,1209.989,1.1756,0.000032
100200.162,85147.641,168.446,1210.989,1.1756,0.000014
100200.547,85148.564,168.441,1211.989,1.1757,-0.000003
100200.932,85149.487,168.437,1212.989,1.1757,-0.000020
100201.316,85150.410,168.432,1213.989,1.1759,-0.000002
100201.701,85151.333,168.427,1214.989,1.1762,0.000041
100202.085,85152.256,168.423,1215.989,1.1764,0.000085
100202.469,85153.180,168.418,1216.989,1.1767,0.000129
100202.853,85154.103,168.413,1217.989,1.1769,0.000172
100203.237,85155.026,168.408,1218.989,1.1772,0.000216
100203.621,85155.950,168.403,1219.989,1.1774,0.000260
100204.006,85156.873,168.399,1220.989,1.1777,0.000303
100204.390,85157.796,168.394,1221.989,1.1779,0.000347
100204.774,85158.719,168.389,1222.989,1.1782,0.000359
100205.156,85159.643,168.384,1223.989,1.1783,0.000113
100205.539,85160.567,168.378,1224.989,1.1783,0.000104
100205.921,85161.491,168.373,1225.989,1.1783,0.000094
100206.304,85162.415,168.367,1226.989,1.1784,0.000085
100206.686,85163.339,168.362,1227.989,1.1784,0.000075
100207.069,85164.263,168.356,1228.989,1.1784,0.000066
100207.451,85165.187,168.351,1229.989,1.1784,0.000056
100207.834,85166.111,168.345,1230.989,1.1784,0.000047
100208.216,85167.035,168.340,1231.989,1.1784,0.000037
100208.599,85167.959,168.333,1232.989,1.1783,0.000012
100208.982,85168.883,168.327,1233.989,1.1781,-0.000025
100209.364,85169.806,168.320,1234.989,1.1780,-0.000061
100209.747,85170.730,168.314,1235.989,1.1779,-0.000098
100210.130,85171.654,168.307,1236.989,1.1777,-0.000135
100210.513,85172.578,168.301,1237.989,1.1776,-0.000171
100210.896,85173.502,168.295,1238.989,1.1775,-0.000208
100211.278,85174.426,168.288,1239.989,1.1773,-0.000245
100211.661,85175.349,168.282,1240.989,1.1772,-0.000281
100212.044,85176.273,168.275,1241.989,1.1771,-0.000307
100212.428,85177.197,168.267,1242.989,1.1772,-0.000209
100212.811,85178.120,168.259,1243.989,1.1774,-0.000111
100213.195,85179.044,168.252,1244.989,1.1775,-0.000012
100213.579,85179.967,168.244,1245.989,1.1777,0.000086
100213.962,85180.891,168.236,1246.989,1.1778,0.000184
100214.346,85181.814,168.228,1247.989,1.1780,0.000283
100214.730,85182.737,168.221,1248.989,1.1781,0.000381
100215.113,85183.661,168.213,1249.989,1.1783,0.000479
100215.497,85184.584,168.205,1250.989,1.1784,0.000577
100215.880,85185.508,168.196,1251.989,1.1784,0.000530
100216.261,85186.433,168.187,1252.989,1.1783,0.000378
100216.643,85187.357,168.178,1253.989,1.1782,0.000225
100217.025,85188.281,168.168,1254.989,1.1781,0.000073
100217.406,85189.205,168.159,1255.989,1.1780,-0.000080
100217.788,85190.130,168.149,1256.989,1.1779,-0.000232
100218.170,85191.054,168.140,1257.989,1.1778,-0.000385
100218.551,85191.978,168.131,1258.989,1.1777,-0.000537
100218.933,85192.903,168.121,1259.989,1.1776,-0.000690
100219.315,85193.827,168.112,1260.989,1.1774,-0.000842
100219.700,85194.749,168.101,1261.989,1.1763,-0.000988
100220.086,85195.672,168.090,1262.989,1.1751,-0.001134
100220.471,85196.595,168.080,1263.989,1.1740,-0.001281
100220.856,85197.518,168.069,1264.989,1.1729,-0.001427
100221.244,85198.439,168.057,1265.989,1.1723,-0.001235
100221.634,85199.360,168.045,1266.989,1.1723,-0.000798
100222.024,85200.281,168.033,1267.989,1.1722,-0.000360
100222.413,85201.202,168.021,1268.989,1.1721,0.000077
100222.803,85202.123,168.009,1269.989,1.1720,0.000514
100223.193,85203.044,167.997,1270.989,1.1719,0.000951
100223.582,85203.965,167.985,1271.989,1.1719,0.001340
100223.967,85204.888,167.972,1272.989,1.1725,0.001181
100224.351,85205.811,167.958,1273.989,1.1731,0.001022
100224.736,85206.734,167.944,1274.989,1.1737,0.000862
100225.121,85207.657,167.930,1275.989,1.1743,0.000703
100225.505,85208.581,167.917,1276.989,1.1749,0.000544
100225.890,85209.504,167.903,1277.989,1.1755,0.000384
100226.275,85210.427,167.889,1278.989,1.1761,0.000225
100226.659,85211.350,167.875,1279.989,1.1767,0.000065
100227.044,85212.273,167.862,1280.989,1.1773,-0.000094
100227.428,85213.196,167.847,1281.989,1.1774,-0.000172
100227.812,85214.119,167.831,1282.989,1.1772,-0.000190
100228.196,85215.042,167.815,1283.989,1.1769,-0.000209
100228.581,85215.966,167.800,1284.989,1.1767,-0.000227
100228.965,85216.889,167.784,1285.989,1.1764,-0.000245
100229.349,85217.812,167.768,1286.989,1.1762,-0.000264
100229.733,85218.736,167.752,1287.989,1.1759,-0.000282
100230.117,85219.659,167.737,1288.989,1.1757,-0.000301
100230.501,85220.582,167.721,1289.989,1.1754,-0.000319
100230.885,85221.505,167.705,1290.989,1.1752,-0.000329
100231.271,85222.428,167.687,1291.989,1.1753,-0.000239
100231.657,85223.351,167.670,1292.989,1.1754,-0.000149
100232.042,85224.273,167.652,1293.989,1.1755,-0.000059
100232.428,85225.196,167.635,1294.989,1.1756,0.000031
100232.813,85226.119,167.617,1295.989,1.1757,0.000121
100233.199,85227.041,167.600,1296.989,1.1758,0.000211
100233.585,85227.964,167.582,1297.989,1.1759,0.000301
100233.970,85228.887,167.564,1298.989,1.1760,0.000392
100234.356,85229.809,167.547,1299.989,1.1760,0.000482
100234.740,85230.733,167.528,1300.989,1.1762,0.000483
100235.123,85231.656,167.509,1301.989,1.1764,0.000420
100235.506,85232.580,167.490,1302.989,1.1767,0.000358
100235.889,85233.504,167.470,1303.989,1.1769,0.000295
100236.272,85234.427,167.451,1304.989,1.1771,0.000232
100236.655,85235.351,167.432,1305.989,1.1773,0.000169
100237.039,85236.275,167.412,1306.989,1.1775,0.000107
100237.422,85237.198,167.393,1307.989,1.1778,0.000044
100237.805,85238.122,167.374,1308.989,1.1780,-0.000019
100238.188,85239.046,167.354,1309.989,1.1782,-0.000075
100238.571,85239.970,167.334,1310.989,1.1782,-0.000059
100238.953,85240.894,167.313,1311.989,1.1782,-0.000042
100239.336,85241.817,167.292,1312.989,1.1782,-0.000026
100239.719,85242.741,167.271,1313.989,1.1782,-0.000009
100240.101,85243.665,167.250,1314.989,1.1782,0.000007
100240.484,85244.589,167.229,1315.989,1.1783,0.000023
100240.867,85245.513,167.208,1316.989,1.1783,0.000040
100241.249,85246.437,167.187,1317.989,1.1783,0.000056
100241.632,85247.361,167.166,1318.989,1.1783,0.000073
100242.015,85248.285,167.145,1319.989,1.1783,0.000046
100242.397,85249.209,167.122,1320.989,1.1783,0.000006
100242.780,85250.132,167.100,1321.989,1.1783,0.000008
100243.162,85251.056,167.078,1322.989,1.1783,0.000009
100243.545,85251.980,167.055,1323.989,1.1783,0.000010
100243.927,85252.904,167.033,1324.989,1.1783,0.000012
100244.310,85253.828,167.010,1325.989,1.1783,0.000013
100244.692,85254.752,166.988,1326.989,1.1783,0.000015
100245.074,85255.676,166.966,1327.989,1.1784,0.000016
100245.457,85256.600,166.943,1328.989,1.1784,0.000018
100245.839,85257.524,166.919,1329.989,1.1784,0.000031
100246.221,85258.448,166.896,1330.989,1.1785,0.000044
100246.603,85259.372,166.872,1331.989,1.1786,0.000057
100246.986,85260.297,166.848,1332.989,1.1787,0.000070
100247.368,85261.221,166.824,1333.988,1.1788,0.000083
100247.750,85262.145,166.801,1334.988,1.1788,0.000096
100248.132,85263.069,166.777,1335.988,1.1789,0.000109
100248.514,85263.993,166.753,1336.988,1.1790,0.000122
100248.897,85264.917,166.729,1337.988,1.1791,0.000135
100249.278,85265.841,166.705,1338.988,1.1792,0.000141
100249.659,85266.766,166.680,1339.988,1.1793,0.000140
100250.040,85267.690,166.655,1340.988,1.1795,0.000140
100250.422,85268.615,166.630,1341.988,1.1796,0.000140
100250.803,85269.539,166.604,1342.988,1.1797,0.000139
100251.184,85270.464,166.579,1343.988,1.1799,0.000139
100251.565,85271.388,166.554,1344.988,1.1800,0.000139
100251.946,85272.313,166.529,1345.988,1.1802,0.000138
100252.327,85273.237,166.504,1346.988,1.1803,0.000138
100252.708,85274.162,166.479,1347.988,1.1804,0.000136
100253.088,85275.087,166.452,1348.988,1.1805,0.000121
100253.469,85276.012,166.426,1349.988,1.1806,0.000106
100253.849,85276.937,166.400,1350.988,1.1806,0.000090
100254.229,85277.862,166.373,1351.988,1.1807,0.000075
100254.609,85278.787,166.347,1352.988,1.1808,0.000059
100254.989,85279.711,166.320,1353.988,1.1808,0.000044
100255.369,85280.636,166.294,1354.988,1.1809,0.000029
100255.749,85281.561,166.268,1355.988,1.1810,0.000013
100256.129,85282.486,166.241,1356.988,1.1810,-0.000002
100256.509,85283.411,166.214,1357.988,1.1811,-0.000001
100256.889,85284.336,166.186,1358.988,1.1811,0.000012
100257.269,85285.261,166.159,1359.988,1.1812,0.000024
100257.649,85286.186,166.131,1360.988,1.1812,0.000037
100258.029,85287.111,166.103,1361.988,1.1813,0.000050
100258.408,85288.036,166.076,1362.988,1.1813,0.000062
100258.788,85288.962,166.048,1363.988,1.1814,0.000075
100259.168,85289.887,166.020,1364.988,1.1815,0.000088
100259.548,85290.812,165.993,1365.988,1.1815,0.000100
100259.928,85291.737,165.965,1366.988,1.1816,0.000108
100260.307,85292.662,165.936,1367.988,1.1816,0.000058
100260.686,85293.587,165.907,1368.988,1.1816,0.000007
100261.066,85294.512,165.878,1369.988,1.1816,-0.000043
100261.445,85295.438,165.849,1370.988,1.1816,-0.000077
100261.825,85296.363,165.820,1371.988,1.1817,-0.000017
100262.204,85297.288,165.791,1372.988,1.1818,0.000043
100262.583,85298.213,165.762,1373.988,1.1819,0.000103
100262.963,85299.139,165.733,1374.988,1.1819,0.000163
100263.342,85300.064,165.704,1375.988,1.1820,0.000223
100263.721,85300.989,165.674,1376.988,1.1821,0.000236
100264.099,85301.915,165.644,1377.988,1.1823,0.000214
100264.477,85302.841,165.614,1378.988,1.1824,0.000192
100264.856,85303.766,165.584,1379.988,1.1826,0.000170
100265.234,85304.692,165.553,1380.988,1.1827,0.000148
100265.612,85305.618,165.523,1381.988,1.1829,0.000126
100265.990,85306.544,165.493,1382.988,1.1830,0.000104
100266.368,85307.469,165.463,1383.988,1.1832,0.000082
100266.747,85308.395,165.433,1384.988,1.1833,0.000060
100267.125,85309.321,165.402,1385.988,1.1834,0.000040
100267.502,85310.247,165.371,1386.988,1.1835,0.000045
100267.880,85311.173,165.339,1387.988,1.1836,0.000051
100268.257,85312.099,165.308,1388.988,1.1836,0.000056
100268.635,85313.025,165.276,1389.988,1.1837,0.000061
100269.012,85313.951,165.245,1390.988,1.1838,0.000067
100269.390,85314.877,165.213,1391.988,1.1838,0.000072
100269.767,85315.803,165.182,1392.988,1.1839,0.000077
100270.145,85316.729,165.151,1393.988,1.1840,0.000082
100270.522,85317.655,165.119,1394.988,1.1840,0.000088
100270.900,85318.581,165.087,1395.988,1.1840,0.000070
100271.277,85319.507,165.054,1396.988,1.1839,0.000036
100271.654,85320.433,165.022,1397.988,1.1839,0.000002
100272.031,85321.359,164.989,1398.988,1.1838,-0.000032
100272.409,85322.285,164.956,1399.988,1.1837,-0.000067
100272.786,85323.211,164.924,1400.988,1.1836,-0.000101
100273.163,85324.137,164.891,1401.988,1.1836,-0.000135
100273.540,85325.063,164.858,1402.988,1.1835,-0.000169
100273.918,85325.990,164.826,1403.988,1.1834,-0.000203
100274.295,85326.916,164.793,1404.988,1.1833,-0.000235
100274.674,85327.841,164.759,1405.988,1.1831,-0.000239
100275.053,85328.766,164.725,1406.988,1.1828,-0.000243
100275.432,85329.692,164.692,1407.988,1.1826,-0.000247
100275.811,85330.617,164.658,1408.988,1.1823,-0.000251
100276.190,85331.543,164.624,1409.988,1.1821,-0.000255
100276.568,85332.468,164.590,1410.988,1.1818,-0.000259
100276.947,85333.394,164.556,1411.988,1.1816,-0.000263
100277.326,85334.319,164.523,1412.988,1.1813,-0.000267
100277.705,85335.244,164.489,1413.988,1.1810,-0.000271
100278.085,85336.170,164.454,1414.988,1.1808,-0.000237
100278.465,85337.094,164.420,1415.988,1.1807,-0.000175
100278.846,85338.019,164.385,1416.988,1.1805,-0.000113
100279.226,85338.944,164.350,1417.988,1.1804,-0.000049
100279.606,85339.869,164.315,1418.988,1.1806,0.000019
100279.987,85340.794,164.280,1419.988,1.1807,0.000088
100280.367,85341.719,164.245,1420.988,1.1809,0.000157
100280.747,85342.643,164.210,1421.988,1.1810,0.000226
100281.128,85343.568,164.175,1422.988,1.1811,0.000294
100281.508,85344.493,164.140,1423.988,1.1813,0.000355
100281.887,85345.419,164.104,1424.988,1.1815,0.000315
100282.265,85346.344,164.068,1425.988,1.1816,0.000276
100282.644,85347.270,164.033,1426.988,1.1818,0.000237
100283.023,85348.195,163.997,1427.988,1.1820,0.000198
100283.402,85349.121,163.961,1428.988,1.1822,0.000158
100283.780,85350.046,163.925,1429.988,1.1823,0.000119
100284.159,85350.972,163.889,1430.988,1.1825,0.000080
100284.538,85351.897,163.853,1431.988,1.1827,0.000040
100284.916,85352.823,163.817,1432.988,1.1828,0.000001
100285.295,85353.748,163.780,1433.988,1.1829,-0.000024
100285.673,85354.674,163.743,1434.988,1.1828,-0.000039
100286.052,85355.599,163.707,1435.988,1.1827,-0.000054
100286.430,85356.525,163.670,1436.988,1.1826,-0.000068
100286.809,85357.451,163.633,1437.988,1.1825,-0.000083
100287.187,85358.376,163.596,1438.988,1.1824,-0.000098
100287.566,85359.302,163.559,1439.988,1.1823,-0.000113
100287.944,85360.227,163.522,1440.988,1.1823,-0.000128
100288.323,85361.153,163.485,1441.988,1.1822,-0.000143
100288.702,85362.079,163.448,1442.988,1.1821,-0.000153
100289.081,85363.004,163.410,1443.988,1.1821,-0.000118
100289.460,85363.929,163.373,1444.988,1.1821,-0.000083
100289.839,85364.854,163.335,1445.988,1.1821,-0.000048
100290.218,85365.780,163.297,1446.988,1.1821,-0.000012
100290.597,85366.705,163.259,1447.988,1.1822,0.000023
100290.977,85367.630,163.222,1448.988,1.1822,0.000058
100291.356,85368.556,163.184,1449.988,1.1822,0.000094
100291.735,85369.481,163.146,1450.988,1.1822,0.000129
100292.114,85370.406,163.108,1451.988,1.1822,0.000164
100292.493,85371.332,163.070,1452.988,1.1823,0.000167
100292.871,85372.258,163.032,1453.988,1.1823,0.000146
100293.250,85373.183,162.993,1454.988,1.1824,0.000125
100293.628,85374.109,162.955,1455.988,1.1825,0.000104
100294.006,85375.034,162.916,1456.988,1.1826,0.000083
100294.385,85375.960,162.878,1457.988,1.1826,0.000062
100294.763,85376.886,162.839,1458.988,1.1827,0.000041
100295.142,85377.811,162.801,1459.988,1.1828,0.000020
100295.520,85378.737,162.762,1460.988,1.1829,-0.000001
100295.898,85379.663,162.724,1461.988,1.1830,-0.000018
100296.276,85380.589,162.685,1462.988,1.1831,0.000012
100296.654,85381.514,162.646,1463.988,1.1832,0.000042
100297.032,85382.440,162.607,1464.988,1.1833,0.000072
100297.410,85383.366,162.568,1465.988,1.1835,0.000102
100297.788,85384.292,162.529,1466.988,1.1836,0.000132
100298.166,85385.218,162.490,1467.987,1.1837,0.000163
100298.543,85386.144,162.451,1468.987,1.1838,0.000193
100298.921,85387.069,162.412,1469.987,1.1839,0.000223
100299.299,85387.995,162.373,1470.987,1.1841,0.000253
100299.676,85388.922,162.333,1471.987,1.1842,0.000243
100300.053,85389.848,162.294,1472.987,1.1842,0.000203
100300.429,85390.774,162.255,1473.987,1.1843,0.000164
100300.806,85391.701,162.215,1474.987,1.1844,0.000124
100301.182,85392.627,162.176,1475.987,1.1845,0.000085
100301.559,85393.554,162.137,1476.987,1.1846,0.000046
100301.935,85394.480,162.097,1477.987,1.1846,0.000006
100302.312,85395.406,162.058,1478.987,1.1847,-0.000033
100302.688,85396.333,162.018,1479.987,1.1848,-0.000073
100303.065,85397.259,161.979,1480.987,1.1849,-0.000107
100303.441,85398.186,161.939,1481.987,1.1849,-0.000080
100303.818,85399.112,161.900,1482.987,1.1849,-0.000054
100304.194,85400.038,161.860,1483.987,1.1849,-0.000027
100304.571,85400.965,161.821,1484.987,1.1849,-0.000000
100304.947,85401.891,161.781,1485.987,1.1850,0.000026
100305.324,85402.818,161.742,1486.987,1.1850,0.000053
100305.700,85403.744,161.702,1487.987,1.1850,0.000080
100306.077,85404.670,161.662,1488.987,1.1850,0.000107
100306.453,85405.597,161.623,1489.987,1.1850,0.000133
100306.829,85406.523,161.583,1490.987,1.1851,0.000137
100307.205,85407.450,161.544,1491.987,1.1852,0.000123
100307.581,85408.377,161.504,1492.987,1.1852,0.000109
100307.957,85409.303,161.465,1493.987,1.1853,0.000095
100308.333,85410.230,161.425,1494.987,1.1854,0.000081
100308.709,85411.157,161.385,1495.987,1.1855,0.000067
100309.084,85412.083,161.346,1496.987,1.1855,0.000053
100309.460,85413.010,161.306,1497.987,1.1856,0.000039
100309.836,85413.937,161.267,1498.987,1.1857,0.000025
100310.212,85414.863,161.227,1499.987,1.1858,0.000010
100310.588,85415.790,161.188,1500.987,1.1857,-0.000015
100310.964,85416.717,161.148,1501.987,1.1855,-0.000041
100311.340,85417.643,161.109,1502.987,1.1854,-0.000066
100311.715,85418.570,161.069,1503.987,1.1853,-0.000091
100312.091,85419.497,161.030,1504.987,1.1852,-0.000116
100312.467,85420.423,160.991,1505.987,1.1851,-0.000142
100312.843,85421.350,160.951,1506.987,1.1850,-0.000167
100313.219,85422.277,160.912,1507.987,1.1849,-0.000192
100313.595,85423.203,160.872,1508.987,1.1848,-0.000217
100313.971,85424.130,160.833,1509.987,1.1847,-0.000204
100314.348,85425.056,160.794,1510.987,1.1846,-0.000163
100314.725,85425.982,160.755,1511.987,1.1845,-0.000122
100315.102,85426.909,160.716,1512.987,1.1845,-0.000081
100315.479,85427.835,160.677,1513.987,1.1844,-0.000040
100315.856,85428.761,160.637,1514.987,1.1843,0.000001
100316.233,85429.687,160.598,1515.987,1.1842,0.000042
100316.610,85430.613,160.559,1516.987,1.1842,0.000081
100316.987,85431.540,160.520,1517.987,1.1843,0.000112
100317.364,85432.466,160.481,1518.987,1.1844,0.000139
100317.740,85433.392,160.442,1519.987,1.1845,0.000121
100318.117,85434.319,160.403,1520.987,1.1845,0.000103
100318.493,85435.245,160.365,1521.987,1.1846,0.000084
100318.870,85436.172,160.326,1522.987,1.1846,0.000066
100319.246,85437.098,160.287,1523.987,1.1847,0.000048
100319.623,85438.024,160.249,1524.987,1.1847,0.000030
100319.999,85438.951,160.210,1525.987,1.1848,0.000012
100320.376,85439.877,160.171,1526.987,1.1848,-0.000007
100320.752,85440.804,160.132,1527.987,1.1849,-0.000025
100321.129,85441.730,160.094,1528.987,1.1849,-0.000038
100321.505,85442.656,160.056,1529.987,1.1848,-0.000047
100321.882,85443.583,160.018,1530.987,1.1847,-0.000056
100322.259,85444.509,159.980,1531.987,1.1846,-0.000065
100322.635,85445.435,159.941,1532.987,1.1846,-0.000075
100323.012,85446.362,159.903,1533.987,1.1845,-0.000084
100323.389,85447.288,159.865,1534.987,1.1844,-0.000093
100323.765,85448.214,159.827,1535.987,1.1843,-0.000102
100324.142,85449.141,159.789,1536.987,1.1843,-0.000112
100324.519,85450.067,159.751,1537.987,1.1842,-0.000118
100324.896,85450.993,159.713,1538.987,1.1842,-0.000093
100325.273,85451.919,159.675,1539.987,1.1842,-0.000068
100325.650,85452.845,159.638,1540.987,1.1842,-0.000044
100326.028,85453.772,159.600,1541.987,1.1842,-0.000019
100326.405,85454.698,159.563,1542.987,1.1842,0.000006
100326.782,85455.624,159.525,1543.987,1.1842,0.000031
100327.159,85456.550,159.488,1544.987,1.1842,0.000055
100327.536,85457.476,159.450,1545.987,1.1842,0.000080
100327.914,85458.402,159.413,1546.987,1.1842,0.000105
100328.291,85459.328,159.376,1547.987,1.1842,0.000108
100328.667,85460.255,159.339,1548.987,1.1843,0.000095
100329.044,85461.181,159.302,1549.987,1.1843,0.000082
100329.421,85462.107,159.265,1550.987,1.1844,0.000069
100329.798,85463.034,159.228,1551.987,1.1844,0.000056
100330.174,85463.960,159.192,1552.987,1.1845,0.000042
100330.551,85464.886,159.155,1553.987,1.1845,0.000029
100330.928,85465.813,159.118,1554.987,1.1846,0.000016
100331.304,85466.739,159.081,1555.987,1.1846,0.000003
100331.681,85467.665,159.044,1556.987,1.1847,-0.000008
100332.058,85468.592,159.008,1557.987,1.1848,0.000009
100332.434,85469.518,158.972,1558.987,1.1848,0.000026
100332.810,85470.445,158.936,1559.987,1.1849,0.000043
100333.187,85471.371,158.900,1560.987,1.1850,0.000060
100333.563,85472.297,158.864,1561.987,1.1850,0.000077
100333.940,85473.224,158.828,1562.987,1.1851,0.000094
100334.316,85474.150,158.792,1563.987,1.1852,0.000110
100334.692,85475.077,158.756,1564.987,1.1853,0.000127
100335.069,85476.003,158.721,1565.987,1.1853,0.000144
100335.444,85476.930,158.685,1566.987,1.1855,0.000172
100335.819,85477.857,158.650,1567.987,1.1859,0.000208
100336.194,85478.784,158.615,1568.987,1.1862,0.000244
100336.569,85479.711,158.580,1569.987,1.1865,0.000280
100336.943,85480.638,158.545,1570.987,1.1868,0.000316
100337.318,85481.566,158.510,1571.987,1.1871,0.000352
100337.693,85482.493,158.475,1572.987,1.1874,0.000388
100338.068,85483.420,158.440,1573.987,1.1878,0.000424
100338.443,85484.347,158.405,1574.987,1.1881,0.000460
100338.817,85485.274,158.370,1575.987,1.1884,0.000482
100339.190,85486.202,158.336,1576.987,1.1883,0.000339
100339.563,85487.130,158.302,1577.987,1.1882,0.000195
100339.935,85488.058,158.268,1578.987,1.1881,0.000052
100340.308,85488.986,158.234,1579.987,1.1880,-0.000091
100340.681,85489.914,158.200,1580.987,1.1879,-0.000235
100341.054,85490.842,158.166,1581.987,1.1878,-0.000378
100341.426,85491.770,158.132,1582.987,1.1877,-0.000522
100341.799,85492.697,158.098,1583.987,1.1876,-0.000665
100342.172,85493.625,158.064,1584.987,1.1875,-0.000809
100342.547,85494.552,158.030,1585.987,1.1860,-0.001418
100342.924,85495.479,157.997,1586.987,1.1835,-0.002366
100343.301,85496.405,157.964,1587.987,1.1810,-0.003315
100343.679,85497.331,157.930,1588.987,1.1788,-0.004082
100344.065,85498.253,157.898,1589.987,1.1794,-0.002705
100344.450,85499.176,157.865,1590.987,1.1799,-0.001328
100344.836,85500.098,157.833,1591.987,1.1805,0.000048
100345.222,85501.021,157.800,1592.987,1.1810,0.001425
100345.608,85501.943,157.768,1593.987,1.1816,0.002802
100345.994,85502.866,157.735,1594.987,1.1821,0.004179
100346.374,85503.791,157.707,1595.987,1.1824,0.003229
100346.749,85504.718,157.682,1596.987,1.1824,0.000582
100347.125,85505.644,157.656,1597.987,1.1825,-0.002065
100347.503,85506.570,157.623,1598.986,1.1820,-0.002335
100347.884,85507.495,157.581,1599.986,1.1808,0.000249
100348.262,85508.421,157.545,1600.986,1.1806,0.001174
100348.637,85509.348,157.515,1601.986,1.1811,0.000888
100349.012,85510.275,157.484,1602.986,1.1816,0.000602
100349.388,85511.201,157.454,1603.986,1.1821,0.000316
100349.763,85512.128,157.423,1604.986,1.1827,0.000030
100350.138,85513.055,157.393,1605.986,1.1832,-0.000256
100350.514,85513.982,157.363,1606.986,1.1837,-0.000542
100350.889,85514.909,157.332,1607.986,1.1842,-0.000828
100351.264,85515.836,157.302,1608.986,1.1847,-0.001114
100351.640,85516.763,157.271,1609.986,1.1851,-0.001368
100352.018,85517.688,157.242,1610.986,1.1848,-0.001241
100352.396,85518.614,157.214,1611.986,1.1844,-0.001113
100352.775,85519.540,157.185,1612.986,1.1841,-0.000986
100353.153,85520.465,157.156,1613.986,1.1837,-0.000859
100353.531,85521.391,157.127,1614.986,1.1834,-0.000731
100353.909,85522.317,157.098,1615.986,1.1827,-0.001150
100354.291,85523.241,157.070,1616.986,1.1811,-0.001716
100354.676,85524.164,157.043,1617.986,1.1792,-0.001464
100355.061,85525.087,157.015,1618.986,1.1774,-0.001213
100355.446,85526.010,156.988,1619.986,1.1756,-0.000961
100355.831,85526.933,156.960,1620.986,1.1738,-0.000709
100356.216,85527.856,156.933,1621.986,1.1721,-0.000468
100356.605,85528.777,156.907,1622.986,1.1722,-0.000345
100356.993,85529.699,156.881,1623.986,1.1723,-0.000223
100357.381,85530.620,156.856,1624.986,1.1725,-0.000100
100357.770,85531.542,156.830,1625.986,1.1726,0.000022
100358.158,85532.463,156.804,1626.986,1.1727,0.000145
100358.547,85533.384,156.779,1627.986,1.1729,0.000267
100358.935,85534.306,156.753,1628.986,1.1730,0.000390
100359.324,85535.227,156.727,1629.986,1.1731,0.000512
100359.712,85536.149,156.702,1630.986,1.1733,0.000634
100360.099,85537.071,156.677,1631.986,1.1737,0.000670
100360.484,85537.994,156.654,1632.986,1.1743,0.000643
100360.870,85538.916,156.631,1633.986,1.1749,0.000615
100361.256,85539.839,156.607,1634.986,1.1756,0.000588
100361.641,85540.762,156.584,1635.986,1.1762,0.000560
100362.027,85541.684,156.561,1636.986,1.1763,0.000263
100362.412,85542.607,156.537,1637.986,1.1746,-0.000931
100362.798,85543.530,156.514,1638.986,1.1730,-0.002126
100363.183,85544.452,156.491,1639.986,1.1713,-0.003320
100363.575,85545.372,156.468,1640.986,1.1669,-0.004999
100363.971,85546.291,156.446,1641.986,1.1606,-0.007033
100364.368,85547.209,156.424,1642.986,1.1540,-0.009109
100364.779,85548.120,156.403,1643.986,1.1431,-0.011685
100365.200,85549.027,156.382,1644.986,1.1302,-0.014082
100365.630,85549.930,156.361,1645.986,1.1155,-0.016298
100366.080,85550.823,156.340,1646.986,1.0981,-0.017908
100366.544,85551.709,156.320,1647.986,1.0796,-0.019144
100367.020,85552.588,156.299,1648.986,1.0602,-0.020073
100367.518,85553.455,156.279,1649.986,1.0398,-0.020591
100368.033,85554.312,156.259,1650.986,1.0191,-0.020924
100368.566,85555.158,156.240,1651.986,0.9980,-0.021163
100369.117,85555.993,156.220,1652.986,0.9768,-0.021388
100369.685,85556.816,156.201,1653.986,0.9552,-0.021677
100370.272,85557.626,156.182,1654.986,0.9334,-0.022073
100370.876,85558.423,156.163,1655.986,0.9111,-0.022537
100371.498,85559.206,156.144,1656.986,0.8883,-0.022963
100372.137,85559.975,156.126,1657.986,0.8652,-0.023221
100372.794,85560.728,156.107,1658.986,0.8420,-0.023235
100373.469,85561.466,156.089,1659.986,0.8189,-0.022916
100374.160,85562.189,156.071,1660.986,0.7963,-0.022203
100374.867,85562.896,156.053,1661.986,0.7747,-0.021069
100375.589,85563.588,156.035,1662.986,0.7545,-0.019508
100376.326,85564.264,156.017,1663.986,0.7363,-0.017506
100377.073,85564.928,156.000,1664.985,0.7200,-0.015297
100377.828,85565.584,155.982,1665.985,0.7054,-0.012943
100378.595,85566.226,155.965,1666.985,0.6940,-0.010672
100379.368,85566.861,155.948,1667.985,0.6844,-0.008906
100380.145,85567.490,155.930,1668.985,0.6761,-0.007509
100380.928,85568.112,155.913,1669.985,0.6685,-0.006997
100381.714,85568.730,155.896,1670.985,0.6615,-0.007131
100382.506,85569.341,155.879,1671.985,0.6535,-0.008024
100383.302,85569.946,155.863,1672.985,0.6449,-0.009470
100384.104,85570.544,155.846,1673.985,0.6345,-0.011333
100384.911,85571.134,155.829,1674.985,0.6225,-0.013521
100385.729,85571.709,155.812,1675.985,0.6074,-0.015971
100386.555,85572.272,155.796,1676.985,0.5900,-0.018460
100387.389,85572.825,155.779,1677.985,0.5709,-0.020966
100388.236,85573.356,155.763,1678.985,0.5488,-0.023324
100389.095,85573.867,155.746,1679.985,0.5244,-0.025398
100389.967,85574.357,155.730,1680.985,0.4982,-0.027064
100390.852,85574.822,155.713,1681.985,0.4705,-0.028245
100391.750,85575.263,155.697,1682.985,0.4420,-0.028930
100392.660,85575.678,155.681,1683.985,0.4129,-0.029172
100393.581,85576.065,155.664,1684.985,0.3838,-0.029026
100394.514,85576.426,155.648,1685.985,0.3550,-0.028587
100395.456,85576.761,155.632,1686.985,0.3267,-0.027961
100396.408,85577.068,155.616,1687.985,0.2992,-0.027205
100397.367,85577.350,155.599,1688.985,0.2724,-0.026371
100398.334,85577.607,155.583,1689.985,0.2464,-0.025510
100399.306,85577.838,155.567,1690.985,0.2213,-0.024656
100400.285,85578.046,155.551,1691.985,0.1971,-0.023831
100401.267,85578.230,155.535,1692.985,0.1737,-0.023035
100402.254,85578.392,155.519,1693.985,0.1510,-0.022264
100403.244,85578.531,155.503,1694.985,0.1291,-0.021548
100404.237,85578.649,155.487,1695.985,0.1079,-0.020929
100405.233,85578.747,155.471,1696.985,0.0872,-0.020430
100406.230,85578.823,155.455,1697.984,0.0670,-0.020033
100407.228,85578.877,155.439,1698.984,0.0471,-0.019733
100408.227,85578.913,155.423,1699.984,0.0275,-0.019472
100409.227,85578.935,155.407,1700.984,0.0081,-0.019246
100410.227,85578.931,155.391,1701.984,-0.0110,-0.019068
100411.227,85578.909,155.375,1702.984,-0.0300,-0.018943
100412.226,85578.874,155.360,1703.984,-0.0489,-0.018859
100413.224,85578.812,155.344,1704.984,-0.0678,-0.018808
100414.221,85578.735,155.328,1705.984,-0.0865,-0.018744
100415.217,85578.643,155.312,1706.984,-0.1052,-0.018667
100416.210,85578.525,155.297,1707.984,-0.1238,-0.018558
100417.201,85578.392,155.281,1708.984,-0.1421,-0.018366
100418.190,85578.245,155.266,1709.984,-0.1603,-0.018069
100419.175,85578.074,155.250,1710.984,-0.1779,-0.017244
100420.158,85577.888,155.235,1711.984,-0.1951,-0.015700
100421.138,85577.690,155.219,1712.984,-0.2120,-0.013659
100422.114,85577.471,155.204,1713.984,-0.2279,-0.011913
100423.087,85577.241,155.188,1714.984,-0.2403,-0.010238
100424.058,85577.002,155.173,1715.984,-0.2483,-0.009834
100425.025,85576.750,155.158,1716.984,-0.2554,-0.007204
100425.993,85576.496,155.142,1717.984,-0.2620,-0.004688
100426.957,85576.231,155.127,1718.984,-0.2638,-0.003491
100427.921,85575.967,155.112,1719.984,-0.2656,-0.002295
100428.886,85575.702,155.097,1720.984,-0.2674,-0.001098
100429.850,85575.437,155.082,1721.984,-0.2692,0.000099
100430.814,85575.173,155.067,1722.984,-0.2696,0.000615
100431.779,85574.908,155.053,1723.984,-0.2689,0.000635
100432.743,85574.643,155.038,1724.984,-0.2683,0.000655
100433.707,85574.379,155.023,1725.984,-0.2676,0.000676
100434.672,85574.114,155.008,1726.984,-0.2670,0.000696
100435.636,85573.849,154.993,1727.984,-0.2663,0.000717
100436.600,85573.585,154.979,1728.984,-0.2657,0.000713
100437.566,85573.323,154.964,1729.984,-0.2654,0.000433
100438.531,85573.061,154.950,1730.984,-0.2650,0.000153
100439.496,85572.799,154.936,1731.984,-0.2648,-0.000088
100440.461,85572.537,154.922,1732.984,-0.2648,-0.000071
100441.426,85572.275,154.907,1733.984,-0.2648,-0.000053
100442.391,85572.014,154.893,1734.984,-0.2649,-0.000036
100443.356,85571.752,154.879,1735.984,-0.2649,-0.000019
100444.321,85571.490,154.864,1736.984,-0.2650,-0.000001
100445.286,85571.228,154.850,1737.984,-0.2650,0.000016
100446.251,85570.966,154.836,1738.984,-0.2649,0.000053
100447.217,85570.705,154.822,1739.984,-0.2647,0.000103
100448.182,85570.444,154.809,1740.984,-0.2644,0.000154
100449.147,85570.183,154.795,1741.983,-0.2642,0.000204
100450.112,85569.921,154.781,1742.983,-0.2639,0.000255
100451.078,85569.660,154.767,1743.983,-0.2637,0.000305
100452.043,85569.399,154.753,1744.983,-0.2635,0.000356
100453.008,85569.137,154.740,1745.983,-0.2632,0.000407
100453.974,85568.876,154.726,1746.983,-0.2630,0.000447
100454.939,85568.617,154.712,1747.983,-0.2629,0.000373
100455.905,85568.358,154.699,1748.983,-0.2628,0.000299
100456.871,85568.100,154.686,1749.983,-0.2627,0.000225
100457.837,85567.841,154.672,1750.983,-0.2626,0.000151
100458.803,85567.582,154.659,1751.983,-0.2625,0.000077
100459.769,85567.323,154.645,1752.983,-0.2624,0.000002
100460.735,85567.064,154.632,1753.983,-0.2623,-0.000072
100461.701,85566.805,154.619,1754.983,-0.2622,-0.000146
100462.666,85566.546,154.605,1755.983,-0.2621,-0.000220
100463.632,85566.286,154.592,1756.983,-0.2621,-0.000227
100464.598,85566.027,154.579,1757.983,-0.2621,-0.000186
100465.564,85565.767,154.566,1758.983,-0.2622,-0.000144
100466.529,85565.508,154.553,1759.983,-0.2622,-0.000102
100467.495,85565.248,154.540,1760.983,-0.2623,-0.000060
100468.461,85564.988,154.527,1761.983,-0.2623,-0.000019
100469.426,85564.729,154.514,1762.983,-0.2624,0.000023
100470.392,85564.469,154.500,1763.983,-0.2624,0.000065
100471.358,85564.210,154.487,1764.983,-0.2625,0.000107
100472.324,85563.950,154.474,1765.983,-0.2626,0.000140
100473.289,85563.690,154.462,1766.983,-0.2627,0.000082
100474.255,85563.430,154.449,1767.983,-0.2628,0.000024
100475.221,85563.171,154.436,1768.983,-0.2630,-0.000034
100476.186,85562.911,154.423,1769.983,-0.2631,-0.000092
100477.152,85562.651,154.410,1770.983,-0.2632,-0.000150
100478.118,85562.392,154.397,1771.983,-0.2634,-0.000208
100479.083,85562.132,154.384,1772.983,-0.2635,-0.000266
100480.049,85561.872,154.372,1773.983,-0.2636,-0.000324
100481.015,85561.613,154.359,1774.983,-0.2638,-0.000382
100481.980,85561.352,154.346,1775.983,-0.2638,-0.000347
100482.945,85561.091,154.333,1776.983,-0.2637,-0.000245
100483.911,85560.830,154.321,1777.983,-0.2636,-0.000143
100484.876,85560.569,154.308,1778.983,-0.2635,-0.000040
100485.841,85560.308,154.295,1779.983,-0.2634,0.000062
100486.807,85560.046,154.283,1780.983,-0.2633,0.000164
100487.772,85559.785,154.270,1781.983,-0.2632,0.000267
100488.737,85559.524,154.257,1782.983,-0.2631,0.000369
100489.703,85559.263,154.244,1783.983,-0.2630,0.000471
100490.668,85559.002,154.233,1784.983,-0.2629,0.000553
100491.634,85558.742,154.232,1785.983,-0.2632,0.000398
100492.599,85558.483,154.232,1786.983,-0.2634,0.000243
100493.565,85558.223,154.232,1787.983,-0.2637,0.000087
100494.531,85557.963,154.232,1788.983,-0.2639,-0.000068
100495.496,85557.703,154.231,1789.983,-0.2641,-0.000224
100496.462,85557.444,154.231,1790.983,-0.2644,-0.000379
100497.428,85557.184,154.231,1791.983,-0.2646,-0.000535
100498.393,85556.924,154.230,1792.983,-0.2648,-0.000690
100499.358,85556.663,154.150,1793.983,-0.2647,0.000485
100500.324,85556.403,154.106,1794.983,-0.2645,0.000912
100501.290,85556.144,154.094,1795.983,-0.2642,0.000723
100502.256,85555.885,154.081,1796.983,-0.2640,0.000535
100503.222,85555.627,154.069,1797.983,-0.2637,0.000347
100504.188,85555.368,154.056,1798.983,-0.2634,0.000159
100505.154,85555.110,154.044,1799.983,-0.2631,-0.000029
100506.120,85554.851,154.031,1800.983,-0.2629,-0.000218
100507.086,85554.593,154.019,1801.983,-0.2626,-0.000406
100508.052,85554.334,154.006,1802.983,-0.2623,-0.000594
100509.018,85554.075,153.994,1803.983,-0.2621,-0.000749
100509.984,85553.816,153.982,1804.983,-0.2624,-0.000513
100510.949,85553.556,153.969,1805.983,-0.2626,-0.000277
100511.915,85553.296,153.957,1806.983,-0.2629,-0.000041
100512.880,85553.036,153.945,1807.983,-0.2632,0.000148
100513.846,85552.776,153.932,1808.983,-0.2631,0.000091
100514.812,85552.516,153.920,1809.983,-0.2631,0.000033
100515.777,85552.256,153.908,1810.983,-0.2631,-0.000024
100516.743,85551.996,153.895,1811.983,-0.2631,-0.000081
100517.708,85551.736,153.883,1812.983,-0.2631,-0.000138
100518.674,85551.474,153.871,1813.983,-0.2635,-0.000190
100519.639,85551.213,153.859,1814.983,-0.2639,-0.000243
100520.604,85550.952,153.847,1815.983,-0.2642,-0.000295
100521.569,85550.690,153.835,1816.983,-0.2646,-0.000347
100522.534,85550.429,153.823,1817.983,-0.2650,-0.000399
100523.500,85550.167,153.811,1818.983,-0.2654,-0.000451
100524.465,85549.906,153.798,1819.983,-0.2658,-0.000503
100525.430,85549.644,153.786,1820.983,-0.2662,-0.000555
100526.395,85549.383,153.774,1821.983,-0.2665,-0.000608
100527.360,85549.119,153.762,1822.983,-0.2672,-0.000675
100528.324,85548.854,153.750,1823.983,-0.2680,-0.000753
100529.288,85548.589,153.738,1824.983,-0.2688,-0.000832
100530.252,85548.323,153.727,1825.983,-0.2696,-0.000910
100531.217,85548.058,153.715,1826.983,-0.2705,-0.000988
100532.180,85547.791,153.703,1827.983,-0.2708,-0.000823
100533.143,85547.522,153.691,1828.983,-0.2707,-0.000480
100534.107,85547.254,153.680,1829.983,-0.2706,-0.000136
100535.070,85546.985,153.668,1830.983,-0.2705,0.000207
100536.033,85546.717,153.656,1831.983,-0.2704,0.000551
100536.997,85546.448,153.645,1832.983,-0.2703,0.000894
100537.960,85546.180,153.633,1833.983,-0.2702,0.001203
100538.925,85545.917,153.622,1834.983,-0.2694,0.001105
100539.890,85545.654,153.610,1835.983,-0.2686,0.001006
100540.854,85545.391,153.599,1836.983,-0.2679,0.000908
100541.819,85545.129,153.588,1837.983,-0.2671,0.000810
100542.784,85544.866,153.576,1838.983,-0.2663,0.000711
100543.749,85544.603,153.565,1839.983,-0.2656,0.000613
100544.714,85544.340,153.553,1840.983,-0.2648,0.000514
100545.678,85544.077,153.542,1841.983,-0.2640,0.000416
100546.643,85543.814,153.531,1842.983,-0.2633,0.000320
100547.609,85543.554,153.520,1843.983,-0.2633,0.000256
100548.575,85543.295,153.509,1844.983,-0.2633,0.000192
100549.540,85543.035,153.497,1845.983,-0.2632,0.000128
100550.506,85542.775,153.486,1846.983,-0.2632,0.000063
100551.472,85542.516,153.475,1847.983,-0.2632,-0.000001
100552.437,85542.256,153.464,1848.983,-0.2632,-0.000065
100553.403,85541.996,153.453,1849.983,-0.2632,-0.000130
100554.369,85541.736,153.442,1850.983,-0.2631,-0.000194
100555.334,85541.477,153.431,1851.983,-0.2631,-0.000258
100556.300,85541.216,153.420,1852.983,-0.2632,-0.000269
100557.265,85540.955,153.409,1853.983,-0.2633,-0.000240
100558.231,85540.694,153.398,1854.983,-0.2635,-0.000211
100559.196,85540.433,153.387,1855.983,-0.2636,-0.000181
100560.161,85540.172,153.377,1856.983,-0.2638,-0.000152
100561.127,85539.911,153.366,1857.983,-0.2639,-0.000123
100562.092,85539.650,153.355,1858.983,-0.2641,-0.000094
100563.057,85539.389,153.344,1859.983,-0.2642,-0.000065
100564.023,85539.128,153.333,1860.983,-0.2644,-0.000036
100564.988,85538.867,153.322,1861.983,-0.2645,-0.000006
100565.953,85538.607,153.312,1862.983,-0.2643,0.000031
100566.919,85538.346,153.301,1863.983,-0.2642,0.000069
100567.884,85538.085,153.290,1864.983,-0.2640,0.000107
100568.849,85537.824,153.279,1865.983,-0.2638,0.000145
100569.815,85537.563,153.269,1866.983,-0.2636,0.000183
100570.780,85537.302,153.258,1867.983,-0.2635,0.000221
100571.745,85537.041,153.247,1868.983,-0.2633,0.000259
100572.711,85536.780,153.237,1869.983,-0.2631,0.000297
100573.676,85536.519,153.226,1870.983,-0.2630,0.000335
100574.642,85536.259,153.215,1871.983,-0.2629,0.000311
100575.607,85536.000,153.205,1872.983,-0.2629,0.000241
100576.573,85535.741,153.194,1873.983,-0.2628,0.000172
100577.539,85535.481,153.183,1874.982,-0.2628,0.000102
100578.505,85535.222,153.173,1875.982,-0.2628,0.000033
100579.471,85534.963,153.162,1876.982,-0.2628,-0.000036
100580.436,85534.704,153.152,1877.982,-0.2628,-0.000106
100581.402,85534.444,153.141,1878.982,-0.2627,-0.000175
100582.368,85534.185,153.130,1879.982,-0.2627,-0.000245
100583.334,85533.926,153.120,1880.982,-0.2627,-0.000303
100584.299,85533.666,153.109,1881.982,-0.2627,-0.000231
100585.265,85533.406,153.098,1882.982,-0.2626,-0.000158
100586.231,85533.146,153.088,1883.982,-0.2626,-0.000086
100587.196,85532.886,153.077,1884.982,-0.2625,-0.000014
100588.162,85532.625,153.066,1885.982,-0.2625,0.000059
100589.127,85532.365,153.056,1886.982,-0.2625,0.000131
100590.093,85532.105,153.045,1887.982,-0.2624,0.000203
100591.059,85531.845,153.034,1888.982,-0.2624,0.000276
100592.024,85531.585,153.024,1889.982,-0.2624,0.000348
100592.990,85531.326,153.013,1890.982,-0.2623,0.000339
100593.956,85531.067,153.002,1891.982,-0.2623,0.000269
100594.922,85530.809,152.992,1892.982,-0.2622,0.000200
100595.888,85530.550,152.981,1893.982,-0.2622,0.000130
100596.854,85530.292,152.970,1894.982,-0.2621,0.000061
100597.820,85530.033,152.959,1895.982,-0.2621,-0.000009
100598.786,85529.774,152.948,1896.982,-0.2621,-0.000078
100599.752,85529.516,152.938,1897.982,-0.2620,-0.000148
100600.718,85529.257,152.927,1898.982,-0.2620,-0.000217
100601.684,85528.998,152.916,1899.982,-0.2619,-0.000276
100602.649,85528.739,152.905,1900.982,-0.2621,-0.000203
100603.615,85528.480,152.894,1901.982,-0.2622,-0.000130
100604.581,85528.221,152.883,1902.982,-0.2623,-0.000058
100605.547,85527.961,152.872,1903.982,-0.2624,0.000008
100606.513,85527.702,152.861,1904.982,-0.2623,0.000038
100607.478,85527.443,152.850,1905.982,-0.2623,0.000068
100608.444,85527.183,152.839,1906.982,-0.2622,0.000098
100609.410,85526.924,152.828,1907.982,-0.2621,0.000128
100610.376,85526.665,152.817,1908.982,-0.2620,0.000158
100611.342,85526.406,152.806,1909.982,-0.2620,0.000134
100612.307,85526.147,152.795,1910.982,-0.2622,0.000072
100613.273,85525.887,152.784,1911.982,-0.2623,0.000009
100614.239,85525.628,152.773,1912.982,-0.2624,-0.000054
100615.205,85525.369,152.761,1913.982,-0.2625,-0.000116
100616.171,85525.110,152.750,1914.982,-0.2627,-0.000179
100617.137,85524.851,152.739,1915.982,-0.2628,-0.000242
100618.103,85524.592,152.728,1916.982,-0.2629,-0.000304
100619.068,85524.333,152.716,1917.982,-0.2630,-0.000367
100620.034,85524.074,152.705,1918.982,-0.2632,-0.000418
100621.000,85523.813,152.693,1919.982,-0.2632,-0.000336
100621.965,85523.552,152.682,1920.982,-0.2632,-0.000253
100622.930,85523.291,152.670,1921.982,-0.2633,-0.000170
100623.896,85523.030,152.659,1922.982,-0.2633,-0.000087
100624.861,85522.769,152.647,1923.982,-0.2633,-0.000005
100625.826,85522.508,152.635,1924.982,-0.2634,0.000078
100626.792,85522.247,152.624,1925.982,-0.2634,0.000161
100627.757,85521.987,152.612,1926.982,-0.2634,0.000244
100628.722,85521.726,152.601,1927.982,-0.2635,0.000327
100629.688,85521.466,152.589,1928.982,-0.2634,0.000334
100630.654,85521.206,152.577,1929.982,-0.2633,0.000287
100631.620,85520.947,152.565,1930.982,-0.2631,0.000239
100632.585,85520.687,152.553,1931.982,-0.2630,0.000192
100633.551,85520.428,152.541,1932.982,-0.2628,0.000144
100634.517,85520.168,152.529,1933.982,-0.2627,0.000097
100635.483,85519.909,152.517,1934.982,-0.2626,0.000049
100636.448,85519.649,152.505,1935.982,-0.2624,0.000002
100637.414,85519.390,152.493,1936.982,-0.2623,-0.000046
100638.380,85519.131,152.481,1937.982,-0.2622,-0.000088
100639.346,85518.871,152.468,1938.982,-0.2622,-0.000073
100640.311,85518.612,152.456,1939.982,-0.2622,-0.000058
100641.277,85518.352,152.443,1940.982,-0.2622,-0.000043
100642.243,85518.093,152.431,1941.982,-0.2622,-0.000027
100643.209,85517.834,152.419,1942.982,-0.2623,-0.000012
100644.174,85517.574,152.406,1943.982,-0.2623,0.000003
100645.140,85517.315,152.394,1944.982,-0.2623,0.000018
100646.106,85517.056,152.381,1945.982,-0.2623,0.000033
100647.072,85516.796,152.369,1946.982,-0.2623,0.000049
100648.037,85516.536,152.356,1947.982,-0.2625,0.000017
100649.003,85516.276,152.343,1948.982,-0.2627,-0.000050
100649.969,85516.016,152.330,1949.982,-0.2630,-0.000116
100650.934,85515.756,152.318,1950.982,-0.2633,-0.000183
100651.900,85515.496,152.305,1951.982,-0.2635,-0.000249
100652.865,85515.236,152.292,1952.982,-0.2638,-0.000316
100653.831,85514.976,152.279,1953.982,-0.2641,-0.000382
100654.796,85514.716,152.266,1954.982,-0.2643,-0.000449
100655.762,85514.456,152.253,1955.982,-0.2646,-0.000515
100656.728,85514.196,152.240,1956.982,-0.2648,-0.000567
100657.692,85513.933,152.227,1957.982,-0.2648,-0.000444
100658.657,85513.671,152.213,1958.982,-0.2648,-0.000320
100659.622,85513.408,152.200,1959.982,-0.2648,-0.000197
100660.587,85513.145,152.187,1960.982,-0.2648,-0.000074
100661.552,85512.883,152.174,1961.982,-0.2648,0.000049
100662.517,85512.620,152.160,1962.982,-0.2648,0.000173
100663.482,85512.358,152.147,1963.982,-0.2648,0.000296
100664.447,85512.095,152.134,1964.982,-0.2647,0.000419
100665.412,85511.832,152.120,1965.982,-0.2647,0.000542
100666.377,85511.571,152.107,1966.982,-0.2645,0.000562
100667.343,85511.312,152.093,1967.982,-0.2642,0.000507
100668.308,85511.052,152.079,1968.982,-0.2639,0.000451
100669.274,85510.792,152.065,1969.982,-0.2636,0.000395
100670.240,85510.533,152.052,1970.982,-0.2632,0.000339
100671.205,85510.273,152.038,1971.982,-0.2629,0.000284
100672.171,85510.013,152.024,1972.982,-0.2626,0.000228
100673.137,85509.753,152.010,1973.982,-0.2622,0.000172
100674.102,85509.494,151.997,1974.982,-0.2619,0.000116
100675.068,85509.234,151.983,1975.982,-0.2616,0.000062
100676.034,85508.975,151.969,1976.982,-0.2617,0.000021
100677.000,85508.716,151.955,1977.982,-0.2619,-0.000020
100677.966,85508.457,151.941,1978.982,-0.2620,-0.000061
100678.932,85508.198,151.927,1979.982,-0.2621,-0.000102
100679.898,85507.939,151.913,1980.982,-0.2622,-0.000142
100680.863,85507.681,151.899,1981.982,-0.2624,-0.000183
100681.829,85507.422,151.885,1982.982,-0.2625,-0.000224
100682.795,85507.163,151.871,1983.982,-0.2626,-0.000265
100683.761,85506.904,151.856,1984.982,-0.2628,-0.000306
100684.727,85506.643,151.842,1985.982,-0.2631,-0.000352
100685.692,85506.381,151.828,1986.982,-0.2637,-0.000403
100686.657,85506.119,151.814,1987.982,-0.2643,-0.000454
100687.622,85505.857,151.800,1988.982,-0.2649,-0.000505
100688.587,85505.595,151.785,1989.982,-0.2654,-0.000556
100689.552,85505.333,151.771,1990.982,-0.2660,-0.000607
100690.517,85505.071,151.757,1991.982,-0.2666,-0.000658
100691.482,85504.809,151.743,1992.982,-0.2671,-0.000709
100692.447,85504.547,151.729,1993.982,-0.2677,-0.000760
100693.412,85504.285,151.714,1994.982,-0.2683,-0.000793
100694.376,85504.018,151.700,1995.982,-0.2686,-0.000609
100695.340,85503.752,151.686,1996.982,-0.2689,-0.000426
100696.304,85503.486,151.672,1997.982,-0.2693,-0.000243
100697.268,85503.220,151.658,1998.982,-0.2696,-0.000059
100698.231,85502.953,151.643,1999.982,-0.2699,0.000107
100699.195,85502.687,151.629,2000.982,-0.2696,0.000183
100700.159,85502.421,151.615,2001.982,-0.2694,0.000259
100701.123,85502.155,151.601,2002.982,-0.2691,0.000334
100702.087,85501.889,151.587,2003.982,-0.2688,0.000410
100703.051,85501.624,151.573,2004.982,-0.2686,0.000419
100704.016,85501.360,151.559,2005.982,-0.2683,0.000378
100704.980,85501.096,151.545,2006.982,-0.2681,0.000337
100705.945,85500.831,151.531,2007.982,-0.2678,0.000297
100706.909,85500.567,151.517,2008.981,-0.2676,0.000256
100707.874,85500.303,151.503,2009.981,-0.2673,0.000215
100708.838,85500.039,151.489,2010.981,-0.2671,0.000174
100709.803,85499.775,151.475,2011.981,-0.2668,0.000133
100710.767,85499.511,151.461,2012.981,-0.2666,0.000093
100711.732,85499.247,151.448,2013.981,-0.2664,0.000056
100712.697,85498.984,151.434,2014.981,-0.2663,0.000066
100713.662,85498.722,151.421,2015.981,-0.2661,0.000077
100714.626,85498.459,151.407,2016.981,-0.2660,0.000088
100715.591,85498.196,151.394,2017.981,-0.2659,0.000098
100716.556,85497.933,151.380,2018.981,-0.2658,0.000109
100717.521,85497.670,151.367,2019.981,-0.2657,0.000119
100718.486,85497.407,151.353,2020.981,-0.2656,0.000130
100719.451,85497.145,151.340,2021.981,-0.2655,0.000140
100720.415,85496.882,151.326,2022.981,-0.2654,0.000151
100721.380,85496.619,151.313,2023.981,-0.2653,0.000141
100722.345,85496.358,151.300,2024.981,-0.2653,0.000117
100723.311,85496.096,151.287,2025.981,-0.2653,0.000093
100724.276,85495.834,151.274,2026.981,-0.2652,0.000068
100725.241,85495.572,151.261,2027.981,-0.2652,0.000044
100726.206,85495.310,151.248,2028.981,-0.2651,0.000020
100727.171,85495.048,151.235,2029.981,-0.2651,-0.000005
100728.136,85494.786,151.222,2030.981,-0.2651,-0.000029
100729.101,85494.524,151.209,2031.981,-0.2650,-0.000053
100730.066,85494.262,151.196,2032.981,-0.2650,-0.000076
100731.031,85494.000,151.184,2033.981,-0.2651,-0.000075
100731.996,85493.738,151.172,2034.981,-0.2651,-0.000074
100732.961,85493.476,151.159,2035.981,-0.2652,-0.000073
100733.926,85493.213,151.147,2036.981,-0.2653,-0.000072
100734.891,85492.951,151.134,2037.981,-0.2654,-0.000071
100735.856,85492.689,151.122,2038.981,-0.2654,-0.000070
100736.821,85492.427,151.109,2039.981,-0.2655,-0.000069
100737.786,85492.164,151.097,2040.981,-0.2656,-0.000068
100738.751,85491.902,151.085,2041.981,-0.2656,-0.000067
100739.716,85491.640,151.072,2042.981,-0.2657,-0.000060
100740.681,85491.377,151.061,2043.981,-0.2657,-0.000049
100741.646,85491.114,151.049,2044.981,-0.2657,-0.000038
100742.611,85490.852,151.037,2045.981,-0.2657,-0.000027
100743.575,85490.589,151.025,2046.981,-0.2657,-0.000017
100744.540,85490.326,151.013,2047.981,-0.2658,-0.000006
100745.505,85490.063,151.001,2048.981,-0.2658,0.000005
100746.470,85489.801,150.989,2049.981,-0.2658,0.000016
100747.435,85489.538,150.977,2050.981,-0.2658,0.000027
100748.400,85489.275,150.965,2051.981,-0.2658,0.000037
100749.365,85489.013,150.954,2052.981,-0.2658,0.000035
100750.330,85488.750,150.942,2053.981,-0.2658,0.000032
100751.295,85488.488,150.931,2054.981,-0.2657,0.000030
100752.259,85488.225,150.919,2055.981,-0.2657,0.000028
100753.224,85487.963,150.908,2056.981,-0.2657,0.000025
100754.189,85487.700,150.896,2057.981,-0.2657,0.000023
100755.154,85487.438,150.885,2058.981,-0.2656,0.000020
100756.119,85487.175,150.874,2059.981,-0.2656,0.000018
100757.084,85486.912,150.862,2060.981,-0.2656,0.000015
100758.049,85486.650,150.851,2061.981,-0.2654,0.000058
100759.014,85486.389,150.840,2062.981,-0.2650,0.000134
100759.979,85486.127,150.828,2063.981,-0.2647,0.000211
100760.945,85485.866,150.817,2064.981,-0.2644,0.000287
100761.910,85485.604,150.806,2065.981,-0.2640,0.000363
100762.875,85485.343,150.795,2066.981,-0.2637,0.000439
100763.840,85485.081,150.784,2067.981,-0.2633,0.000515
100764.805,85484.820,150.773,2068.981,-0.2630,0.000592
100765.771,85484.559,150.762,2069.981,-0.2626,0.000661
100766.737,85484.301,150.751,2070.981,-0.2620,0.000654
100767.703,85484.044,150.740,2071.981,-0.2614,0.000646
100768.670,85483.787,150.729,2072.981,-0.2607,0.000639
100769.636,85483.530,150.718,2073.981,-0.2601,0.000631
100770.602,85483.273,150.707,2074.981,-0.2595,0.000624
100771.569,85483.016,150.696,2075.981,-0.2589,0.000616
100772.535,85482.758,150.685,2076.981,-0.2582,0.000608
100773.502,85482.501,150.674,2077.981,-0.2576,0.000598
100774.469,85482.249,150.663,2078.981,-0.2572,0.000550
100775.437,85481.996,150.652,2079.981,-0.2569,0.000503
100776.404,85481.743,150.641,2080.981,-0.2565,0.000455
100777.372,85481.491,150.630,2081.981,-0.2561,0.000407
100778.339,85481.238,150.620,2082.981,-0.2557,0.000360
100779.307,85480.985,150.609,2083.981,-0.2554,0.000312
100780.274,85480.732,150.598,2084.981,-0.2550,0.000265
100781.242,85480.480,150.587,2085.981,-0.2546,0.000217
100782.209,85480.227,150.576,2086.981,-0.2542,0.000170
100783.177,85479.976,150.565,2087.981,-0.2540,0.000152
100784.145,85479.725,150.554,2088.981,-0.2538,0.000158
100785.113,85479.474,150.543,2089.981,-0.2536,0.000163
100786.082,85479.224,150.533,2090.981,-0.2534,0.000168
100787.050,85478.973,150.522,2091.981,-0.2533,0.000173
100788.018,85478.723,150.511,2092.981,-0.2531,0.000178
100788.986,85478.472,150.500,2093.981,-0.2529,0.000183
100789.954,85478.221,150.489,2094.981,-0.2528,0.000189
100790.922,85477.971,150.478,2095.981,-0.2526,0.000194
100791.890,85477.720,150.467,2096.981,-0.2524,0.000199
100792.859,85477.472,150.456,2097.981,-0.2522,0.000206
100793.827,85477.223,150.445,2098.981,-0.2519,0.000213
100794.796,85476.974,150.434,2099.981,-0.2517,0.000220
100795.764,85476.725,150.423,2100.981,-0.2515,0.000227
100796.733,85476.477,150.412,2101.981,-0.2512,0.000234
100797.701,85476.228,150.401,2102.981,-0.2510,0.000241
100798.670,85475.979,150.390,2103.981,-0.2508,0.000248
100799.639,85475.731,150.379,2104.981,-0.2505,0.000255
100800.607,85475.482,150.368,2105.981,-0.2503,0.000262
100801.576,85475.234,150.357,2106.981,-0.2500,0.000276
100802.545,85474.988,150.346,2107.981,-0.2497,0.000295
100803.514,85474.742,150.334,2108.981,-0.2493,0.000313
100804.484,85474.496,150.323,2109.981,-0.2490,0.000332
100805.453,85474.249,150.312,2110.981,-0.2486,0.000351
100806.422,85474.003,150.301,2111.981,-0.2483,0.000369
100807.391,85473.757,150.290,2112.981,-0.2480,0.000388
100808.360,85473.510,150.278,2113.981,-0.2476,0.000407
100809.330,85473.264,150.267,2114.981,-0.2473,0.000421
100810.300,85473.021,150.256,2115.981,-0.2471,0.000377
100811.269,85472.777,150.244,2116.981,-0.2468,0.000334
100812.239,85472.534,150.233,2117.981,-0.2466,0.000290
100813.209,85472.290,150.221,2118.981,-0.2464,0.000246
100814.179,85472.047,150.210,2119.981,-0.2462,0.000203
100815.149,85471.804,150.198,2120.981,-0.2460,0.000159
100816.119,85471.560,150.187,2121.981,-0.2458,0.000115
100817.089,85471.317,150.175,2122.981,-0.2455,0.000072
100818.059,85471.073,150.164,2123.981,-0.2453,0.000028
100819.029,85470.830,150.152,2124.981,-0.2451,0.000034
100819.999,85470.588,150.140,2125.981,-0.2449,0.000075
100820.969,85470.346,150.128,2126.981,-0.2447,0.000116
100821.940,85470.104,150.116,2127.981,-0.2445,0.000158
100822.910,85469.862,150.105,2128.981,-0.2443,0.000199
100823.880,85469.620,150.093,2129.981,-0.2441,0.000240
100824.850,85469.378,150.081,2130.981,-0.2439,0.000281
100825.821,85469.136,150.069,2131.981,-0.2437,0.000323
100826.791,85468.893,150.057,2132.981,-0.2435,0.000364
100827.761,85468.651,150.046,2133.981,-0.2433,0.000396
100828.732,85468.411,150.033,2134.981,-0.2432,0.000318
100829.702,85468.171,150.021,2135.981,-0.2432,0.000239
100830.673,85467.931,150.009,2136.981,-0.2432,0.000161
100831.644,85467.691,149.997,2137.981,-0.2431,0.000083
100832.615,85467.451,149.985,2138.981,-0.2431,0.000004
100833.585,85467.210,149.973,2139.981,-0.2431,-0.000074
100834.556,85466.970,149.961,2140.981,-0.2431,-0.000153
100835.527,85466.730,149.948,2141.980,-0.2430,-0.000231
100836.498,85466.490,149.936,2142.980,-0.2430,-0.000309
100837.468,85466.249,149.924,2143.980,-0.2432,-0.000360
100838.438,85466.007,149.912,2144.980,-0.2437,-0.000389
100839.409,85465.765,149.899,2145.980,-0.2441,-0.000418
100840.379,85465.523,149.887,2146.980,-0.2446,-0.000448
100841.349,85465.281,149.874,2147.980,-0.2450,-0.000477
100842.319,85465.039,149.862,2148.980,-0.2455,-0.000507
100843.290,85464.797,149.849,2149.980,-0.2459,-0.000536
100844.260,85464.553,149.837,2150.980,-0.2462,-0.000494
100845.229,85464.308,149.824,2151.980,-0.2462,-0.000397
100846.199,85464.064,149.811,2152.980,-0.2463,-0.000301
100847.168,85463.819,149.799,2153.980,-0.2464,-0.000205
100848.138,85463.574,149.786,2154.980,-0.2465,-0.000109
100849.107,85463.329,149.773,2155.980,-0.2466,-0.000013
100850.077,85463.085,149.761,2156.980,-0.2467,0.000083
100851.047,85462.840,149.748,2157.980,-0.2468,0.000179
100852.016,85462.595,149.735,2158.980,-0.2469,0.000275
100852.986,85462.350,149.723,2159.980,-0.2470,0.000359
100853.956,85462.107,149.710,2160.980,-0.2469,0.000296
100854.925,85461.863,149.697,2161.980,-0.2468,0.000233
100855.895,85461.619,149.684,2162.980,-0.2468,0.000170
100856.865,85461.376,149.671,2163.980,-0.2467,0.000107
100857.835,85461.132,149.658,2164.980,-0.2467,0.000044
100858.805,85460.888,149.645,2165.980,-0.2466,-0.000019
100859.775,85460.644,149.632,2166.980,-0.2465,-0.000082
100860.744,85460.401,149.619,2167.980,-0.2465,-0.000145
100861.714,85460.157,149.606,2168.980,-0.2464,-0.000208
100862.684,85459.913,149.593,2169.980,-0.2464,-0.000206
100863.654,85459.669,149.580,2170.980,-0.2464,-0.000157
100864.623,85459.425,149.567,2171.980,-0.2464,-0.000108
100865.593,85459.180,149.553,2172.980,-0.2464,-0.000059
100866.563,85458.936,149.540,2173.980,-0.2464,-0.000009
100867.533,85458.692,149.527,2174.980,-0.2464,0.000040
100868.502,85458.448,149.514,2175.980,-0.2464,0.000089
100869.472,85458.203,149.500,2176.980,-0.2464,0.000138
100870.442,85457.959,149.487,2177.980,-0.2464,0.000187
100871.411,85457.715,149.474,2178.980,-0.2464,0.000231
100872.381,85457.472,149.461,2179.980,-0.2462,0.000214
100873.351,85457.229,149.447,2180.980,-0.2461,0.000197
100874.321,85456.986,149.434,2181.980,-0.2459,0.000180
100875.291,85456.743,149.420,2182.980,-0.2458,0.000163
100876.261,85456.500,149.407,2183.980,-0.2456,0.000146
100877.231,85456.257,149.393,2184.980,-0.2455,0.000129
100878.201,85456.013,149.380,2185.980,-0.2453,0.000112
100879.171,85455.770,149.367,2186.980,-0.2452,0.000095
100880.141,85455.527,149.353,2187.980,-0.2450,0.000078
100881.112,85455.285,149.340,2188.980,-0.2449,0.000060
100882.082,85455.042,149.326,2189.980,-0.2449,0.000039
100883.052,85454.800,149.312,2190.980,-0.2449,0.000019
100884.022,85454.557,149.299,2191.980,-0.2448,-0.000001
100884.992,85454.315,149.285,2192.980,-0.2448,-0.000017
100885.962,85454.073,149.271,2193.980,-0.2448,-0.000012
100886.933,85453.830,149.258,2194.980,-0.2448,-0.000008
100887.903,85453.588,149.244,2195.980,-0.2448,-0.000004
100888.873,85453.345,149.230,2196.980,-0.2448,0.000001
100889.843,85453.103,149.217,2197.980,-0.2448,0.000008
100890.813,85452.861,149.203,2198.980,-0.2446,0.000047
100891.784,85452.619,149.189,2199.980,-0.2444,0.000086
100892.754,85452.378,149.175,2200.980,-0.2443,0.000124
100893.724,85452.136,149.161,2201.980,-0.2441,0.000163
100894.695,85451.894,149.148,2202.980,-0.2439,0.000202
100895.665,85451.652,149.134,2203.980,-0.2437,0.000241
100896.635,85451.410,149.120,2204.980,-0.2435,0.000280
100897.606,85451.169,149.106,2205.980,-0.2433,0.000319
100898.576,85450.927,149.092,2206.980,-0.2431,0.000357
100899.546,85450.686,149.086,2207.980,-0.2430,0.000341
100900.517,85450.446,149.085,2208.980,-0.2428,0.000284
100901.488,85450.206,149.085,2209.980,-0.2426,0.000227
100902.459,85449.967,149.084,2210.980,-0.2425,0.000170
100903.430,85449.727,149.083,2211.980,-0.2423,0.000113
100904.401,85449.487,149.083,2212.980,-0.2422,0.000056
100905.371,85449.247,149.082,2213.980,-0.2420,-0.000002
100906.342,85449.007,149.077,2214.980,-0.2418,-0.000060
100907.313,85448.768,149.013,2215.980,-0.2420,-0.000134
100908.284,85448.528,148.952,2216.980,-0.2421,-0.000202
100909.255,85448.288,148.938,2217.980,-0.2422,-0.000178
100910.225,85448.048,148.924,2218.980,-0.2423,-0.000154
100911.196,85447.807,148.910,2219.980,-0.2423,-0.000129
100912.167,85447.567,148.896,2220.980,-0.2424,-0.000105
100913.137,85447.327,148.881,2221.980,-0.2425,-0.000081
100914.108,85447.086,148.867,2222.980,-0.2426,-0.000057
100915.079,85446.846,148.853,2223.980,-0.2427,-0.000033
100916.049,85446.606,148.839,2224.980,-0.2428,-0.000009
100917.020,85446.365,148.825,2225.980,-0.2429,0.000015
100917.991,85446.125,148.811,2226.980,-0.2429,0.000027
100918.961,85445.885,148.796,2227.980,-0.2429,0.000030
100919.932,85445.644,148.782,2228.980,-0.2428,0.000033
100920.903,85445.404,148.768,2229.980,-0.2428,0.000036
100921.873,85445.163,148.753,2230.980,-0.2428,0.000039
100922.844,85444.923,148.739,2231.980,-0.2427,0.000041
100923.815,85444.683,148.725,2232.980,-0.2427,0.000044
100924.785,85444.442,148.710,2233.980,-0.2427,0.000047
100925.756,85444.202,148.696,2234.980,-0.2426,0.000050
100926.727,85443.961,148.682,2235.980,-0.2426,0.000053
100927.698,85443.721,148.667,2236.980,-0.2425,0.000049
100928.668,85443.481,148.653,2237.980,-0.2425,0.000045
100929.639,85443.241,148.639,2238.980,-0.2425,0.000041
100930.610,85443.001,148.624,2239.980,-0.2424,0.000037
100931.581,85442.761,148.610,2240.980,-0.2424,0.000033
100932.551,85442.521,148.595,2241.980,-0.2424,0.000029
100933.522,85442.281,148.581,2242.980,-0.2423,0.000025
100934.493,85442.041,148.567,2243.980,-0.2423,0.000021
100935.464,85441.801,148.552,2244.980,-0.2423,0.000017
100936.434,85441.560,148.538,2245.980,-0.2425,-0.000045
100937.405,85441.319,148.523,2246.980,-0.2430,-0.000149
100938.375,85441.078,148.509,2247.980,-0.2435,-0.000253
100939.345,85440.836,148.495,2248.980,-0.2440,-0.000358
100940.316,85440.595,148.480,2249.980,-0.2444,-0.000462
100941.286,85440.354,148.466,2250.980,-0.2449,-0.000566
100942.257,85440.113,148.451,2251.980,-0.2454,-0.000670
100943.227,85439.871,148.437,2252.980,-0.2459,-0.000774
100944.198,85439.630,148.423,2253.980,-0.2464,-0.000879
100945.168,85439.388,148.408,2254.980,-0.2469,-0.000969
100946.137,85439.142,148.394,2255.980,-0.2476,-0.000891
100947.106,85438.896,148.379,2256.980,-0.2484,-0.000814
100948.076,85438.650,148.365,2257.980,-0.2492,-0.000736
100949.045,85438.404,148.351,2258.980,-0.2500,-0.000658
100950.014,85438.157,148.336,2259.980,-0.2500,-0.000402
100950.983,85437.909,148.322,2260.980,-0.2495,-0.000015
100951.952,85437.662,148.308,2261.980,-0.2490,0.000371
100952.921,85437.415,148.293,2262.980,-0.2485,0.000758
100953.890,85437.167,148.279,2263.980,-0.2479,0.001145
100954.859,85436.920,148.265,2264.980,-0.2474,0.001532
100955.828,85436.676,148.250,2265.980,-0.2468,0.001545
100956.799,85436.436,148.236,2266.980,-0.2462,0.001282
100957.770,85436.195,148.222,2267.980,-0.2455,0.001019
100958.740,85435.954,148.207,2268.980,-0.2449,0.000756
100959.711,85435.713,148.193,2269.980,-0.2442,0.000492
100960.681,85435.473,148.179,2270.980,-0.2436,0.000229
100961.652,85435.232,148.165,2271.980,-0.2429,-0.000034
100962.623,85434.991,148.150,2272.980,-0.2423,-0.000297
100963.593,85434.751,148.136,2273.980,-0.2419,-0.000348
100964.564,85434.511,148.122,2274.979,-0.2417,-0.000241
100965.535,85434.271,148.108,2275.979,-0.2416,-0.000134
100966.506,85434.031,148.093,2276.979,-0.2414,-0.000027
100967.476,85433.791,148.079,2277.979,-0.2413,0.000079
100968.447,85433.552,148.065,2278.979,-0.2411,0.000186
100969.418,85433.312,148.051,2279.979,-0.2410,0.000293
100970.389,85433.072,148.036,2280.979,-0.2408,0.000400
100971.360,85432.832,148.022,2281.979,-0.2407,0.000507
100972.330,85432.592,148.008,2282.979,-0.2405,0.000586
100973.302,85432.354,147.994,2283.979,-0.2403,0.000344
100974.273,85432.116,147.979,2284.979,-0.2405,0.000227
100975.244,85431.878,147.965,2285.979,-0.2407,0.000111
100976.215,85431.640,147.951,2286.979,-0.2409,-0.000006
100977.187,85431.402,147.937,2287.979,-0.2410,-0.000122
100978.158,85431.164,147.922,2288.979,-0.2412,-0.000239
100979.129,85430.926,147.908,2289.979,-0.2414,-0.000356
100980.100,85430.688,147.894,2290.979,-0.2416,-0.000472
100981.072,85430.450,147.880,2291.979,-0.2418,-0.000589
100982.042,85430.210,147.865,2292.979,-0.2420,-0.000593
100983.013,85429.968,147.851,2293.979,-0.2422,-0.000512
100983.983,85429.727,147.837,2294.979,-0.2425,-0.000432
100984.954,85429.486,147.822,2295.979,-0.2428,-0.000352
100985.924,85429.245,147.808,2296.979,-0.2430,-0.000272
100986.895,85429.003,147.794,2297.979,-0.2433,-0.000192
100987.865,85428.762,147.780,2298.979,-0.2435,-0.000112
100988.836,85428.521,147.765,2299.979,-0.2438,-0.000032
100989.806,85428.280,147.751,2300.979,-0.2440,0.000048
100990.776,85428.038,147.737,2301.979,-0.2443,0.000121
100991.747,85427.797,147.722,2302.979,-0.2442,0.000101
100992.717,85427.555,147.708,2303.979,-0.2442,0.000081
100993.688,85427.314,147.694,2304.979,-0.2442,0.000061
100994.658,85427.072,147.679,2305.979,-0.2442,0.000040
100995.628,85426.830,147.665,2306.979,-0.2441,0.000020
100996.599,85426.589,147.650,2307.979,-0.2441,0.000000
100997.569,85426.347,147.636,2308.979,-0.2441,-0.000020
100998.539,85426.106,147.622,2309.979,-0.2441,-0.000040
100999.510,85425.864,147.607,2310.979,-0.2440,-0.000060
101000.480,85425.623,147.593,2311.979,-0.2440,-0.000049
101001.451,85425.381,147.578,2312.979,-0.2439,-0.000014
101002.421,85425.140,147.564,2313.979,-0.2438,0.000020
101003.391,85424.898,147.549,2314.979,-0.2437,0.000055
101004.362,85424.657,147.535,2315.979,-0.2436,0.000090
101005.332,85424.416,147.521,2316.979,-0.2435,0.000125
101006.303,85424.174,147.506,2317.979,-0.2434,0.000159
101007.273,85423.933,147.492,2318.979,-0.2433,0.000194
101008.243,85423.691,147.477,2319.979,-0.2432,0.000229
101009.214,85423.450,147.463,2320.979,-0.2431,0.000257
101010.185,85423.210,147.448,2321.979,-0.2431,0.000201
101011.155,85422.969,147.433,2322.979,-0.2431,0.000146
101012.126,85422.729,147.419,2323.979,-0.2431,0.000090
101013.097,85422.489,147.404,2324.979,-0.2431,0.000035
101014.067,85422.248,147.390,2325.979,-0.2431,-0.000020
101015.038,85422.008,147.375,2326.979,-0.2432,-0.000076
101016.009,85421.768,147.361,2327.979,-0.2432,-0.000131
101016.979,85421.527,147.346,2328.979,-0.2432,-0.000187
101017.950,85421.287,147.331,2329.979,-0.2432,-0.000242
101018.921,85421.046,147.334,2330.979,-0.2432,-0.000211
101019.891,85420.805,147.349,2331.979,-0.2433,-0.000115
101020.862,85420.564,147.364,2332.979,-0.2434,-0.000019
101021.832,85420.323,147.369,2333.979,-0.2435,0.000051
101022.803,85420.082,147.338,2334.979,-0.2436,0.000017
101023.773,85419.841,147.307,2335.979,-0.2436,-0.000016
101024.744,85419.600,147.277,2336.979,-0.2437,-0.000049
101025.714,85419.359,147.246,2337.979,-0.2437,-0.000083
101026.685,85419.117,147.215,2338.979,-0.2437,-0.000116
101027.655,85418.876,147.185,2339.979,-0.2438,-0.000146
101028.625,85418.634,147.170,2340.979,-0.2439,-0.000133
101029.596,85418.393,147.155,2341.979,-0.2440,-0.000120
101030.566,85418.151,147.141,2342.979,-0.2440,-0.000107
101031.536,85417.909,147.126,2343.979,-0.2441,-0.000093
101032.507,85417.667,147.111,2344.979,-0.2442,-0.000080
101033.477,85417.425,147.097,2345.979,-0.2443,-0.000067
101034.447,85417.183,147.082,2346.979,-0.2444,-0.000054
101035.417,85416.941,147.067,2347.979,-0.2445,-0.000041
101036.388,85416.700,147.052,2348.979,-0.2446,-0.000028
101037.358,85416.458,147.038,2349.979,-0.2445,-0.000005
101038.328,85416.216,147.023,2350.979,-0.2444,0.000025
101039.299,85415.974,147.008,2351.979,-0.2443,0.000055
101040.269,85415.732,146.994,2352.979,-0.2442,0.000085
101041.239,85415.490,146.979,2353.979,-0.2440,0.000115
101042.210,85415.249,146.964,2354.979,-0.2439,0.000145
101043.180,85415.007,146.949,2355.979,-0.2438,0.000175
101044.150,85414.765,146.935,2356.979,-0.2437,0.000204
101045.121,85414.523,146.920,2357.979,-0.2436,0.000234
101046.091,85414.281,146.905,2358.979,-0.2434,0.000258
101047.062,85414.041,146.891,2359.979,-0.2435,0.000200
101048.032,85413.800,146.876,2360.979,-0.2435,0.000142
101049.003,85413.559,146.862,2361.979,-0.2435,0.000084
101049.973,85413.319,146.847,2362.979,-0.2435,0.000026
101050.944,85413.078,146.832,2363.979,-0.2435,-0.000032
101051.915,85412.837,146.818,2364.979,-0.2435,-0.000089
101052.885,85412.597,146.803,2365.979,-0.2436,-0.000147
101053.856,85412.356,146.788,2366.979,-0.2436,-0.000205
101054.826,85412.115,146.774,2367.979,-0.2436,-0.000263
101055.797,85411.874,146.759,2368.979,-0.2435,-0.000250
101056.767,85411.633,146.745,2369.979,-0.2435,-0.000185
101057.738,85411.391,146.730,2370.979,-0.2434,-0.000119
101058.708,85411.150,146.716,2371.979,-0.2433,-0.000053
101059.678,85410.908,146.701,2372.979,-0.2432,0.000012
101060.649,85410.667,146.687,2373.979,-0.2432,0.000078
101061.619,85410.426,146.672,2374.979,-0.2431,0.000143
101062.590,85410.184,146.658,2375.979,-0.2430,0.000209
101063.560,85409.943,146.643,2376.979,-0.2429,0.000275
101064.531,85409.701,146.629,2377.979,-0.2429,0.000316
101065.501,85409.461,146.614,2378.979,-0.2427,0.000099
101066.472,85409.221,146.600,2379.979,-0.2428,0.000082
101067.443,85408.980,146.586,2380.979,-0.2428,0.000064
101068.413,85408.740,146.572,2381.979,-0.2428,0.000047
101069.384,85408.499,146.557,2382.979,-0.2428,0.000030
101070.355,85408.259,146.543,2383.979,-0.2428,0.000012
101071.325,85408.019,146.529,2384.979,-0.2428,-0.000005
101072.296,85407.778,146.514,2385.979,-0.2429,-0.000022
101073.267,85407.538,146.500,2386.979,-0.2429,-0.000040
101074.237,85407.297,146.486,2387.979,-0.2429,-0.000050
101075.208,85407.056,146.472,2388.979,-0.2430,-0.000056
101076.178,85406.816,146.458,2389.979,-0.2431,-0.000062
101077.149,85406.575,146.444,2390.979,-0.2432,-0.000067
101078.119,85406.334,146.429,2391.979,-0.2432,-0.000073
101079.090,85406.093,146.415,2392.979,-0.2433,-0.000079
101080.061,85405.852,146.401,2393.979,-0.2434,-0.000085
101081.031,85405.612,146.387,2394.979,-0.2434,-0.000090
101082.002,85405.371,146.373,2395.979,-0.2435,-0.000096
101082.972,85405.130,146.359,2396.979,-0.2436,-0.000098
101083.943,85404.889,146.345,2397.979,-0.2435,-0.000056
101084.913,85404.648,146.331,2398.979,-0.2434,-0.000014
101085.884,85404.407,146.318,2399.979,-0.2433,0.000028
101086.854,85404.166,146.304,2400.979,-0.2432,0.000070
101087.825,85403.925,146.290,2401.979,-0.2431,0.000112
101088.795,85403.684,146.276,2402.979,-0.2430,0.000154
101089.766,85403.443,146.262,2403.979,-0.2429,0.000195
101090.736,85403.202,146.248,2404.979,-0.2428,0.000237
101091.707,85402.961,146.235,2405.979,-0.2427,0.000279
101092.678,85402.720,146.221,2406.979,-0.2426,0.000270
101093.648,85402.481,146.207,2407.979,-0.2425,0.000223
101094.619,85402.241,146.194,2408.978,-0.2425,0.000176
101095.590,85402.002,146.180,2409.978,-0.2424,0.000129
101096.561,85401.762,146.167,2410.978,-0.2423,0.000081
101097.532,85401.523,146.153,2411.978,-0.2422,0.000034
101098.503,85401.283,146.140,2412.978,-0.2422,-0.000013
101099.474,85401.043,146.126,2413.978,-0.2421,-0.000060
101100.444,85400.804,146.113,2414.978,-0.2420,-0.000107
101101.415,85400.564,146.099,2415.978,-0.2420,-0.000149
101102.386,85400.324,146.086,2416.978,-0.2420,-0.000120
101103.357,85400.084,146.073,2417.978,-0.2420,-0.000091
101104.328,85399.845,146.059,2418.978,-0.2420,-0.000063
101105.299,85399.605,146.046,2419.978,-0.2420,-0.000034
101106.269,85399.365,146.033,2420.978,-0.2420,-0.000005
101107.240,85399.125,146.020,2421.978,-0.2420,0.000024
101108.211,85398.885,146.007,2422.978,-0.2421,0.000053
101109.182,85398.645,145.993,2423.978,-0.2421,0.000082
101110.153,85398.405,145.980,2424.978,-0.2421,0.000111
101111.123,85398.166,145.967,2425.978,-0.2421,0.000112
101112.094,85397.926,145.954,2426.978,-0.2420,0.000094
101113.065,85397.687,145.942,2427.978,-0.2420,0.000075
101114.036,85397.447,145.929,2428.978,-0.2420,0.000056
101115.007,85397.208,145.916,2429.978,-0.2419,0.000038
101115.978,85396.968,145.903,2430.978,-0.2419,0.000019
101116.949,85396.729,145.890,2431.978,-0.2419,0.000000
101117.920,85396.490,145.878,2432.978,-0.2418,-0.000018
101118.891,85396.250,145.865,2433.978,-0.2418,-0.000037
101119.862,85396.011,145.852,2434.978,-0.2418,-0.000054
101120.832,85395.771,145.840,2435.978,-0.2418,-0.000047
101121.803,85395.532,145.827,2436.978,-0.2418,-0.000040
101122.774,85395.292,145.815,2437.978,-0.2418,-0.000034
101123.745,85395.052,145.803,2438.978,-0.2419,-0.000027
101124.716,85394.813,145.790,2439.978,-0.2419,-0.000021
101125.687,85394.573,145.778,2440.978,-0.2419,-0.000014
101126.658,85394.334,145.766,2441.978,-0.2419,-0.000007
101127.628,85394.094,145.753,2442.978,-0.2419,-0.000001
101128.599,85393.855,145.741,2443.978,-0.2420,0.000006
101129.570,85393.615,145.729,2444.978,-0.2420,0.000009
101130.541,85393.375,145.717,2445.978,-0.2420,0.000009
101131.512,85393.136,145.705,2446.978,-0.2420,0.000009
101132.483,85392.896,145.694,2447.978,-0.2419,0.000010
101133.454,85392.657,145.682,2448.978,-0.2419,0.000010
101134.425,85392.417,145.670,2449.978,-0.2419,0.000010
101135.395,85392.178,145.658,2450.978,-0.2419,0.000010
101136.366,85391.938,145.647,2451.978,-0.2419,0.000011
101137.337,85391.698,145.635,2452.978,-0.2419,0.000011
101138.308,85391.459,145.623,2453.978,-0.2419,0.000012
101139.279,85391.219,145.612,2454.978,-0.2418,0.000018
101140.250,85390.980,145.601,2455.978,-0.2418,0.000025
101141.221,85390.741,145.590,2456.978,-0.2418,0.000031
101142.192,85390.501,145.579,2457.978,-0.2417,0.000038
101143.163,85390.262,145.568,2458.978,-0.2417,0.000044
101144.134,85390.023,145.557,2459.978,-0.2416,0.000051
101145.104,85389.783,145.546,2460.978,-0.2416,0.000057
101146.075,85389.544,145.535,2461.978,-0.2415,0.000064
101147.046,85389.304,145.524,2462.978,-0.2415,0.000070
101148.017,85389.065,145.513,2463.978,-0.2416,0.000051
101148.988,85388.826,145.503,2464.978,-0.2417,0.000012
101149.959,85388.586,145.493,2465.978,-0.2418,-0.000027
101150.930,85388.347,145.483,2466.978,-0.2419,-0.000066
101151.901,85388.107,145.473,2467.978,-0.2421,-0.000106
101152.872,85387.868,145.462,2468.978,-0.2422,-0.000145
101153.843,85387.629,145.452,2469.978,-0.2423,-0.000184
101154.814,85387.389,145.442,2470.978,-0.2424,-0.000223
101155.785,85387.150,145.432,2471.978,-0.2426,-0.000262
101156.755,85386.910,145.422,2472.978,-0.2427,-0.000287
101157.726,85386.670,145.412,2473.978,-0.2428,-0.000140
101158.697,85386.429,145.403,2474.978,-0.2429,-0.000015
101159.667,85386.189,145.394,2475.978,-0.2429,-0.000006
101160.638,85385.948,145.384,2476.978,-0.2429,0.000004
101161.609,85385.708,145.375,2477.978,-0.2429,0.000013
101162.579,85385.467,145.366,2478.978,-0.2428,0.000022
101163.550,85385.227,145.356,2479.978,-0.2428,0.000032
101164.521,85384.986,145.347,2480.978,-0.2428,0.000041
101165.491,85384.746,145.338,2481.978,-0.2427,0.000050
101166.462,85384.506,145.329,2482.978,-0.2427,0.000045
101167.433,85384.265,145.321,2483.978,-0.2428,0.000029
101168.403,85384.025,145.312,2484.978,-0.2428,0.000013
101169.374,85383.785,145.304,2485.978,-0.2428,-0.000003
101170.345,85383.544,145.296,2486.978,-0.2428,-0.000018
101171.315,85383.304,145.287,2487.978,-0.2429,-0.000034
101172.286,85383.064,145.279,2488.978,-0.2429,-0.000050
101173.257,85382.823,145.271,2489.978,-0.2429,-0.000066
101174.227,85382.583,145.262,2490.978,-0.2429,-0.000082
101175.198,85382.343,145.254,2491.978,-0.2429,-0.000094
101176.169,85382.102,145.247,2492.978,-0.2428,-0.000052
101177.139,85381.862,145.239,2493.978,-0.2427,-0.000011
101178.110,85381.621,145.232,2494.978,-0.2426,0.000031
101179.081,85381.381,145.225,2495.978,-0.2425,0.000072
101180.051,85381.141,145.218,2496.978,-0.2424,0.000114
101181.022,85380.900,145.210,2497.978,-0.2423,0.000155
101181.993,85380.660,145.203,2498.978,-0.2422,0.000197
101182.963,85380.419,145.196,2499.978,-0.2421,0.000238
101183.934,85380.179,145.188,2500.978,-0.2420,0.000280
101184.905,85379.940,145.182,2501.978,-0.2417,0.000335
101185.876,85379.702,145.175,2502.978,-0.2411,0.000400
101186.848,85379.464,145.169,2503.978,-0.2405,0.000465
101187.819,85379.227,145.163,2504.978,-0.2400,0.000531
101188.790,85378.989,145.156,2505.978,-0.2394,0.000596
101189.762,85378.751,145.150,2506.978,-0.2389,0.000661
101190.733,85378.513,145.144,2507.978,-0.2383,0.000726
101191.704,85378.275,145.138,2508.978,-0.2378,0.000791
101192.676,85378.041,145.132,2509.978,-0.2372,0.000784
101193.649,85377.808,145.126,2510.978,-0.2366,0.000724
101194.621,85377.575,145.121,2511.978,-0.2360,0.000663
101195.594,85377.342,145.116,2512.978,-0.2355,0.000602
101196.566,85377.110,145.110,2513.978,-0.2349,0.000542
101197.539,85376.877,145.105,2514.978,-0.2343,0.000481
101198.511,85376.644,145.099,2515.978,-0.2337,0.000420
101199.484,85376.412,145.094,2516.978,-0.2332,0.000360
101200.457,85376.181,145.089,2517.978,-0.2325,0.000388
101201.431,85375.952,145.085,2518.978,-0.2318,0.000483
101202.404,85375.724,145.080,2519.978,-0.2311,0.000578
101203.377,85375.495,145.076,2520.978,-0.2304,0.000673
101204.351,85375.266,145.071,2521.978,-0.2298,0.000768
101205.324,85375.037,145.067,2522.978,-0.2291,0.000862
101206.298,85374.809,145.062,2523.978,-0.2284,0.000957
101207.272,85374.580,145.058,2524.978,-0.2277,0.001046
101208.246,85374.357,145.054,2525.978,-0.2266,0.001057
101209.221,85374.135,145.051,2526.978,-0.2255,0.001069
101210.196,85373.912,145.047,2527.978,-0.2244,0.001080
101211.171,85373.689,145.043,2528.978,-0.2234,0.001091
101212.146,85373.466,145.039,2529.978,-0.2223,0.001103
101213.121,85373.246,145.036,2530.978,-0.2213,0.001073
101214.097,85373.029,145.033,2531.978,-0.2204,0.001014
101215.074,85372.813,145.030,2532.978,-0.2195,0.000954
101216.050,85372.596,145.027,2533.978,-0.2186,0.000894
101217.026,85372.379,145.024,2534.978,-0.2176,0.000835
101218.002,85372.162,145.021,2535.978,-0.2167,0.000775
101218.978,85371.945,145.018,2536.978,-0.2158,0.000716
101219.956,85371.733,145.015,2537.978,-0.2153,0.000669
101220.933,85371.522,145.013,2538.978,-0.2148,0.000622
101221.910,85371.310,145.011,2539.978,-0.2142,0.000575
101222.888,85371.098,145.009,2540.978,-0.2137,0.000528
101223.865,85370.886,145.006,2541.977,-0.2132,0.000481
101224.842,85370.674,145.004,2542.977,-0.2127,0.000433
101225.819,85370.462,145.002,2543.977,-0.2121,0.000386
101226.797,85370.251,145.000,2544.977,-0.2116,0.000347
101227.775,85370.043,144.998,2545.977,-0.2110,0.000410
101228.753,85369.835,144.997,2546.977,-0.2104,0.000473
101229.731,85369.627,144.995,2547.977,-0.2098,0.000536
101230.709,85369.419,144.994,2548.977,-0.2092,0.000599
101231.688,85369.211,144.993,2549.977,-0.2086,0.000662
101232.666,85369.003,144.991,2550.977,-0.2079,0.000725
101233.644,85368.795,144.990,2551.977,-0.2073,0.000788
101234.622,85368.587,144.988,2552.977,-0.2067,0.000850
101235.601,85368.383,144.987,2553.977,-0.2056,0.001011
101236.580,85368.181,144.987,2554.977,-0.2042,0.001243
101237.560,85367.979,144.986,2555.977,-0.2027,0.001476
101238.539,85367.777,144.985,2556.977,-0.2012,0.001708
101239.518,85367.575,144.984,2557.977,-0.1998,0.001941
101240.499,85367.378,144.984,2558.977,-0.1978,0.002129
101241.480,85367.185,144.983,2559.977,-0.1955,0.002283
101242.461,85366.991,144.983,2560.977,-0.1931,0.002437
101243.442,85366.798,144.982,2561.977,-0.1908,0.002591
101244.424,85366.610,144.982,2562.977,-0.1881,0.002717
101245.407,85366.426,144.982,2563.977,-0.1853,0.002824
101246.390,85366.242,144.982,2564.977,-0.1825,0.002930
101247.373,85366.059,144.982,2565.977,-0.1796,0.003036
101248.358,85365.886,144.982,2566.977,-0.1764,0.003135
101249.343,85365.712,144.982,2567.977,-0.1732,0.003233
101250.328,85365.539,144.983,2568.977,-0.1700,0.003332
101251.314,85365.371,144.983,2569.977,-0.1667,0.003373
101252.300,85365.209,144.983,2570.977,-0.1633,0.003371
101253.287,85365.046,144.984,2571.977,-0.1599,0.003369
101254.274,85364.887,144.984,2572.977,-0.1566,0.003346
101255.262,85364.733,144.985,2573.977,-0.1533,0.003305
101256.251,85364.583,144.986,2574.977,-0.1500,0.003256
101257.240,85364.434,144.986,2575.977,-0.1467,0.003208
101258.230,85364.293,144.987,2576.977,-0.1436,0.003166
101259.220,85364.152,144.988,2577.977,-0.1405,0.003125
101260.210,85364.011,144.989,2578.977,-0.1373,0.003084
101261.201,85363.876,144.990,2579.977,-0.1344,0.002991
101262.192,85363.745,144.991,2580.977,-0.1315,0.002860
101263.183,85363.615,144.992,2581.977,-0.1287,0.002728
101264.175,85363.485,144.993,2582.977,-0.1259,0.002589
101265.168,85363.364,144.994,2583.977,-0.1238,0.002342
101266.160,85363.243,144.995,2584.977,-0.1217,0.002096
101267.153,85363.121,144.996,2585.977,-0.1196,0.001850
101268.146,85363.001,144.998,2586.977,-0.1175,0.001619
101269.139,85362.887,144.999,2587.977,-0.1159,0.001594
101270.133,85362.774,145.001,2588.977,-0.1144,0.001568
101271.126,85362.660,145.002,2589.977,-0.1128,0.001542
101272.120,85362.547,145.003,2590.977,-0.1113,0.001516
101273.113,85362.434,145.005,2591.977,-0.1098,0.001484
101274.108,85362.328,145.006,2592.977,-0.1086,0.001363
101275.102,85362.222,145.008,2593.977,-0.1074,0.001242
101276.096,85362.116,145.010,2594.977,-0.1063,0.001121
101277.091,85362.010,145.011,2595.977,-0.1051,0.000999
101278.085,85361.903,145.013,2596.977,-0.1039,0.000878
101279.080,85361.801,145.015,2597.977,-0.1031,0.000797
101280.075,85361.700,145.017,2598.977,-0.1025,0.000745
101281.070,85361.600,145.018,2599.977,-0.1019,0.000694
101282.065,85361.499,145.020,2600.977,-0.1013,0.000642
101283.059,85361.399,145.022,2601.977,-0.1007,0.000591
101284.054,85361.299,145.024,2602.977,-0.1001,0.000539
101285.049,85361.198,145.026,2603.977,-0.0995,0.000487
101286.044,85361.098,145.028,2604.977,-0.0989,0.000436
101287.039,85360.998,145.030,2605.977,-0.0983,0.000390
101288.035,85360.902,145.032,2606.977,-0.0977,0.000424
101289.030,85360.806,145.034,2607.977,-0.0972,0.000457
101290.025,85360.709,145.036,2608.977,-0.0967,0.000491
101291.021,85360.613,145.038,2609.977,-0.0961,0.000525
101292.016,85360.517,145.040,2610.977,-0.0956,0.000558
101293.011,85360.421,145.042,2611.977,-0.0951,0.000592
101294.007,85360.325,145.044,2612.977,-0.0945,0.000625
101295.002,85360.229,145.046,2613.977,-0.0940,0.000659
101295.998,85360.136,145.048,2614.977,-0.0933,0.000691
101296.994,85360.044,145.050,2615.977,-0.0926,0.000723
101297.989,85359.953,145.052,2616.977,-0.0918,0.000754
101298.985,85359.862,145.054,2617.977,-0.0910,0.000786
101299.981,85359.771,145.056,2618.977,-0.0902,0.000818
101300.977,85359.679,145.059,2619.977,-0.0895,0.000849
101301.973,85359.589,145.061,2620.977,-0.0887,0.000877
101302.969,85359.503,145.063,2621.977,-0.0879,0.000860
101303.965,85359.417,145.065,2622.977,-0.0870,0.000843
101304.962,85359.331,145.067,2623.977,-0.0862,0.000826
101305.958,85359.246,145.070,2624.977,-0.0854,0.000809
101306.954,85359.160,145.072,2625.977,-0.0846,0.000792
101307.951,85359.074,145.074,2626.977,-0.0838,0.000775
101308.947,85358.989,145.076,2627.977,-0.0829,0.000764
101309.944,85358.909,145.078,2628.977,-0.0820,0.000821
101310.941,85358.829,145.081,2629.977,-0.0811,0.000877
101311.937,85358.749,145.083,2630.977,-0.0801,0.000934
101312.934,85358.669,145.085,2631.977,-0.0792,0.000991
101313.931,85358.589,145.087,2632.977,-0.0782,0.001048
101314.928,85358.509,145.090,2633.977,-0.0773,0.001105
101315.925,85358.432,145.092,2634.977,-0.0762,0.001150
101316.922,85358.359,145.094,2635.977,-0.0749,0.001186
101317.919,85358.285,145.096,2636.977,-0.0737,0.001223
101318.917,85358.212,145.099,2637.977,-0.0725,0.001259
101319.914,85358.138,145.101,2638.977,-0.0713,0.001296
101320.911,85358.065,145.103,2639.977,-0.0700,0.001326
101321.909,85357.999,145.106,2640.977,-0.0688,0.001284
101322.907,85357.932,145.108,2641.977,-0.0676,0.001242
101323.905,85357.865,145.110,2642.977,-0.0664,0.001200
101324.902,85357.799,145.112,2643.977,-0.0652,0.001158
101325.900,85357.732,145.115,2644.977,-0.0640,0.001116
101326.898,85357.669,145.117,2645.977,-0.0629,0.001061
101327.896,85357.609,145.119,2646.977,-0.0620,0.000997
101328.894,85357.549,145.122,2647.977,-0.0612,0.000933
101329.893,85357.488,145.124,2648.977,-0.0603,0.000869
101330.891,85357.428,145.126,2649.977,-0.0594,0.000805
101331.889,85357.368,145.128,2650.977,-0.0585,0.000741
101332.887,85357.308,145.131,2651.977,-0.0576,0.000679
101333.886,85357.253,145.133,2652.977,-0.0571,0.000645
101334.884,85357.198,145.135,2653.977,-0.0565,0.000610
101335.883,85357.142,145.138,2654.977,-0.0560,0.000575
101336.881,85357.087,145.140,2655.977,-0.0555,0.000541
101337.879,85357.032,145.142,2656.977,-0.0549,0.000506
101338.878,85356.977,145.144,2657.977,-0.0544,0.000472
101339.876,85356.922,145.147,2658.977,-0.0539,0.000437
101340.875,85356.867,145.149,2659.977,-0.0533,0.000402
101341.873,85356.813,145.151,2660.977,-0.0530,0.000365
101342.872,85356.762,145.154,2661.977,-0.0528,0.000327
101343.871,85356.710,145.156,2662.976,-0.0526,0.000288
101344.869,85356.658,145.158,2663.976,-0.0524,0.000250
101345.868,85356.606,145.160,2664.976,-0.0522,0.000212
101346.867,85356.554,145.163,2665.976,-0.0520,0.000173
101347.865,85356.502,145.165,2666.976,-0.0518,0.000135
101348.864,85356.451,145.167,2667.976,-0.0516,0.000096
101349.863,85356.399,145.170,2668.976,-0.0514,0.000058
101350.861,85356.347,145.172,2669.976,-0.0512,0.000022
101351.860,85356.296,145.174,2670.976,-0.0511,0.000030
101352.859,85356.245,145.176,2671.976,-0.0511,0.000037
101353.857,85356.194,145.179,2672.976,-0.0510,0.000045
101354.856,85356.143,145.181,2673.976,-0.0509,0.000052
101355.855,85356.092,145.183,2674.976,-0.0509,0.000059
101356.853,85356.041,145.185,2675.976,-0.0508,0.000067
101357.852,85355.990,145.188,2676.976,-0.0508,0.000074
101358.851,85355.940,145.190,2677.976,-0.0507,0.000082
101359.850,85355.889,145.192,2678.976,-0.0507,0.000089
101360.848,85355.838,145.194,2679.976,-0.0506,0.000093
101361.847,85355.788,145.197,2680.976,-0.0505,0.000094
101362.846,85355.738,145.199,2681.976,-0.0504,0.000094
101363.844,85355.688,145.201,2682.976,-0.0503,0.000095
101364.843,85355.637,145.203,2683.976,-0.0502,0.000096
101365.842,85355.587,145.205,2684.976,-0.0501,0.000097
101366.841,85355.537,145.208,2685.976,-0.0500,0.000098
101367.839,85355.487,145.210,2686.976,-0.0499,0.000099
101368.838,85355.437,145.212,2687.976,-0.0498,0.000100
101369.837,85355.387,145.214,2688.976,-0.0497,0.000099
101370.836,85355.337,145.216,2689.976,-0.0497,0.000072
101371.834,85355.287,145.218,2690.976,-0.0498,0.000045
101372.833,85355.238,145.220,2691.976,-0.0498,0.000018
101373.832,85355.188,145.222,2692.976,-0.0498,-0.000010
101374.831,85355.139,145.225,2693.976,-0.0499,-0.000037
101375.829,85355.089,145.227,2694.976,-0.0499,-0.000064
101376.828,85355.039,145.229,2695.976,-0.0499,-0.000091
101377.827,85354.990,145.231,2696.976,-0.0499,-0.000118
101378.826,85354.940,145.233,2697.976,-0.0500,-0.000145
101379.824,85354.890,145.235,2698.976,-0.0500,-0.000142
101380.823,85354.840,145.237,2699.976,-0.0500,-0.000117
101381.822,85354.789,145.239,2700.976,-0.0501,-0.000093
101382.821,85354.739,145.241,2701.976,-0.0501,-0.000068
101383.819,85354.689,145.243,2702.976,-0.0502,-0.000044
101384.818,85354.638,145.245,2703.976,-0.0502,-0.000019
101385.817,85354.588,145.246,2704.976,-0.0502,0.000006
101386.816,85354.538,145.248,2705.976,-0.0503,0.000030
101387.814,85354.487,145.250,2706.976,-0.0503,0.000055
101388.813,85354.437,145.252,2707.976,-0.0503,0.000078
101389.812,85354.387,145.254,2708.976,-0.0503,0.000079
101390.811,85354.337,145.256,2709.976,-0.0502,0.000080
101391.809,85354.287,145.257,2710.976,-0.0501,0.000081
101392.808,85354.237,145.259,2711.976,-0.0500,0.000082
101393.807,85354.187,145.261,2712.976,-0.0499,0.000083
101394.805,85354.138,145.262,2713.976,-0.0498,0.000084
101395.804,85354.088,145.264,2714.976,-0.0498,0.000085
101396.803,85354.038,145.266,2715.976,-0.0497,0.000086
101397.802,85353.988,145.267,2716.976,-0.0496,0.000087
101398.800,85353.938,145.276,2717.976,-0.0497,0.000053
101399.799,85353.888,145.289,2718.976,-0.0498,-0.000009
101400.798,85353.838,145.303,2719.976,-0.0500,-0.000070
101401.797,85353.788,145.317,2720.976,-0.0502,-0.000132
101402.795,85353.738,145.330,2721.976,-0.0504,-0.000193
101403.794,85353.688,145.344,2722.976,-0.0506,-0.000255
101404.793,85353.639,145.357,2723.976,-0.0507,-0.000316
101405.792,85353.589,145.371,2724.976,-0.0509,-0.000378
101406.790,85353.538,145.346,2725.976,-0.0511,-0.000338
101407.789,85353.487,145.280,2726.976,-0.0513,-0.000165
101408.788,85353.438,145.281,2727.976,-0.0504,0.000150
101409.787,85353.388,145.282,2728.976,-0.0495,0.000465
101410.785,85353.339,145.283,2729.976,-0.0486,0.000781
101411.784,85353.290,145.284,2730.976,-0.0476,0.001096
101412.783,85353.240,145.284,2731.976,-0.0467,0.001411
101413.782,85353.191,145.285,2732.976,-0.0458,0.001726
101414.781,85353.142,145.286,2733.976,-0.0448,0.002063
101415.780,85353.102,145.287,2734.976,-0.0417,0.002676
101416.779,85353.062,145.287,2735.976,-0.0385,0.003290
101417.778,85353.021,145.288,2736.976,-0.0354,0.003903
101418.777,85352.988,145.288,2737.976,-0.0316,0.004286
101419.777,85352.959,145.288,2738.976,-0.0272,0.004497
101420.777,85352.931,145.289,2739.976,-0.0227,0.004700
101421.777,85352.914,145.289,2740.976,-0.0179,0.004812
101422.776,85352.897,145.289,2741.976,-0.0131,0.004924
101423.776,85352.887,145.289,2742.976,-0.0081,0.004982
101424.776,85352.882,145.289,2743.976,-0.0031,0.005001
101425.776,85352.878,145.289,2744.976,0.0019,0.005010
101426.776,85352.886,145.288,2745.976,0.0067,0.004879
101427.776,85352.894,145.288,2746.976,0.0116,0.004748
101428.776,85352.909,145.288,2747.976,0.0161,0.004557
101429.776,85352.929,145.287,2748.976,0.0205,0.004320
101430.776,85352.949,145.287,2749.976,0.0248,0.004083
101431.775,85352.977,145.286,2750.976,0.0288,0.003926
101432.775,85353.009,145.285,2751.976,0.0327,0.003828
101433.774,85353.042,145.284,2752.976,0.0365,0.003731
101434.773,85353.080,145.283,2753.976,0.0403,0.003744
101435.772,85353.124,145.282,2754.976,0.0442,0.003840
101436.771,85353.168,145.281,2755.976,0.0480,0.003937
101437.770,85353.219,145.280,2756.976,0.0519,0.003966
101438.769,85353.274,145.279,2757.976,0.0559,0.003945
101439.767,85353.330,145.277,2758.976,0.0598,0.003923
101440.765,85353.392,145.276,2759.976,0.0636,0.003806
101441.763,85353.459,145.274,2760.976,0.0672,0.003616
101442.761,85353.526,145.273,2761.976,0.0708,0.003427
101443.758,85353.599,145.271,2762.976,0.0742,0.003283
101444.755,85353.677,145.269,2763.976,0.0773,0.003172
101445.752,85353.755,145.267,2764.976,0.0805,0.003061
101446.749,85353.834,145.265,2765.976,0.0836,0.002956
101447.745,85353.921,145.263,2766.976,0.0866,0.002936
101448.741,85354.009,145.261,2767.976,0.0895,0.002916
101449.737,85354.097,145.259,2768.976,0.0924,0.002899
101450.732,85354.193,145.256,2769.976,0.0955,0.002972
101451.727,85354.292,145.254,2770.976,0.0986,0.003102
101452.723,85354.391,145.251,2771.976,0.1017,0.003231
101453.718,85354.491,145.249,2772.976,0.1048,0.003377
101454.712,85354.601,145.246,2773.976,0.1087,0.003734
101455.705,85354.710,145.243,2774.975,0.1126,0.004091
101456.699,85354.821,145.240,2775.975,0.1166,0.004450
101457.692,85354.943,145.237,2776.975,0.1215,0.004829
101458.684,85355.065,145.234,2777.975,0.1264,0.005208
101459.676,85355.194,145.231,2778.975,0.1316,0.005476
101460.667,85355.329,145.228,2779.975,0.1373,0.005661
101461.658,85355.465,145.225,2780.975,0.1429,0.005833
101462.646,85355.614,145.222,2781.975,0.1487,0.005826
101463.635,85355.763,145.219,2782.975,0.1545,0.005818
101464.623,85355.921,145.215,2783.975,0.1602,0.005678
101465.609,85356.084,145.212,2784.975,0.1657,0.005438
101466.596,85356.248,145.208,2785.975,0.1711,0.005189
101467.580,85356.424,145.205,2786.975,0.1759,0.004814
101468.564,85356.600,145.201,2787.975,0.1806,0.004439
101469.548,85356.783,145.198,2788.975,0.1849,0.004137
101470.530,85356.970,145.194,2789.975,0.1888,0.003890
101471.512,85357.158,145.190,2790.975,0.1927,0.003643
101472.493,85357.352,145.186,2791.975,0.1964,0.003508
101473.473,85357.550,145.183,2792.975,0.1998,0.003458
101474.453,85357.748,145.179,2793.975,0.2033,0.003407
101475.432,85357.952,145.175,2794.975,0.2067,0.003363
101476.410,85358.160,145.171,2795.975,0.2100,0.003324
101477.388,85358.369,145.167,2796.975,0.2133,0.003285
101478.365,85358.583,145.164,2797.975,0.2165,0.003206
101479.341,85358.801,145.160,2798.975,0.2196,0.003098
101480.317,85359.020,145.156,2799.975,0.2227,0.002990
101481.293,85359.239,145.152,2800.975,0.2257,0.002880
101482.266,85359.467,145.148,2801.975,0.2284,0.002753
101483.240,85359.695,145.144,2802.975,0.2310,0.002626
101484.213,85359.924,145.140,2803.975,0.2337,0.002499
101485.186,85360.157,145.136,2804.975,0.2359,0.002280
101486.157,85360.394,145.133,2805.975,0.2377,0.001993
101487.129,85360.631,145.129,2806.975,0.2395,0.001706
101488.100,85360.868,145.125,2807.975,0.2413,0.001419
101489.071,85361.106,145.121,2808.975,0.2430,0.001142
101490.041,85361.350,145.117,2809.975,0.2435,0.001000
101491.011,85361.593,145.114,2810.975,0.2440,0.000858
101491.981,85361.837,145.110,2811.975,0.2445,0.000716
101492.951,85362.081,145.106,2812.975,0.2450,0.000573
101493.921,85362.325,145.102,2813.975,0.2455,0.000431
101494.891,85362.568,145.099,2814.975,0.2460,0.000289
101495.860,85362.812,145.095,2815.975,0.2466,0.000146
101496.830,85363.056,145.091,2816.975,0.2471,0.000004
101497.800,85363.300,145.088,2817.975,0.2475,-0.000129
101498.770,85363.544,145.084,2818.975,0.2473,-0.000141
101499.739,85363.788,145.081,2819.975,0.2472,-0.000153
101500.709,85364.032,145.078,2820.975,0.2470,-0.000165
101501.679,85364.277,145.074,2821.975,0.2468,-0.000177
101502.649,85364.521,145.071,2822.975,0.2466,-0.000189
101503.618,85364.765,145.068,2823.975,0.2464,-0.000201
101504.588,85365.009,145.064,2824.975,0.2462,-0.000213
101505.558,85365.254,145.061,2825.975,0.2460,-0.000225
101506.527,85365.498,145.058,2826.975,0.2459,-0.000237
101507.497,85365.741,145.055,2827.975,0.2457,-0.000225
101508.467,85365.984,145.052,2828.975,0.2456,-0.000196
101509.438,85366.226,145.049,2829.975,0.2455,-0.000167
101510.408,85366.469,145.046,2830.975,0.2454,-0.000137
101511.378,85366.712,145.044,2831.975,0.2453,-0.000108
101512.348,85366.954,145.041,2832.975,0.2452,-0.000079
101513.318,85367.197,145.038,2833.975,0.2451,-0.000050
101514.288,85367.439,145.035,2834.975,0.2450,-0.000020
101515.258,85367.682,145.033,2835.975,0.2449,0.000009
101516.228,85367.925,145.030,2836.975,0.2448,0.000037
101517.198,85368.167,145.028,2837.975,0.2449,0.000041
101518.169,85368.410,145.026,2838.975,0.2449,0.000046
101519.139,85368.653,145.023,2839.975,0.2450,0.000050
101520.109,85368.895,145.021,2840.975,0.2450,0.000055
101521.079,85369.138,145.019,2841.975,0.2451,0.000059
101522.049,85369.380,145.017,2842.975,0.2452,0.000064
101523.019,85369.623,145.015,2843.975,0.2452,0.000069
101523.989,85369.866,145.013,2844.975,0.2453,0.000073
101524.959,85370.108,145.011,2845.975,0.2453,0.000078
101525.929,85370.351,145.009,2846.975,0.2454,0.000085
101526.899,85370.595,145.008,2847.975,0.2456,0.000095
101527.869,85370.838,145.006,2848.975,0.2457,0.000104
101528.839,85371.081,145.005,2849.975,0.2458,0.000113
101529.809,85371.325,145.004,2850.975,0.2459,0.000123
101530.779,85371.568,145.002,2851.975,0.2461,0.000132
101531.749,85371.812,145.001,2852.975,0.2462,0.000142
101532.719,85372.055,144.999,2853.975,0.2463,0.000151
101533.689,85372.298,144.998,2854.975,0.2464,0.000160
101534.659,85372.542,144.997,2855.975,0.2465,0.000168
101535.628,85372.786,144.996,2856.975,0.2466,0.000149
101536.598,85373.031,144.996,2857.975,0.2467,0.000131
101537.567,85373.276,144.995,2858.975,0.2468,0.000112
101538.537,85373.520,144.994,2859.975,0.2469,0.000094
101539.507,85373.765,144.994,2860.975,0.2469,0.000075
101540.476,85374.009,144.993,2861.975,0.2470,0.000056
101541.446,85374.254,144.993,2862.975,0.2471,0.000038
101542.416,85374.498,144.992,2863.975,0.2472,0.000019
101543.385,85374.743,144.991,2864.975,0.2473,0.000001
101544.355,85374.988,144.991,2865.975,0.2473,-0.000003
101545.324,85375.232,144.991,2866.975,0.2473,0.000004
101546.294,85375.477,144.992,2867.975,0.2473,0.000010
101547.264,85375.722,144.992,2868.975,0.2473,0.000003
101548.233,85375.967,144.992,2869.975,0.2473,-0.000003
101549.203,85376.211,144.992,2870.975,0.2473,-0.000010
101550.172,85376.456,144.992,2871.975,0.2473,-0.000017
101551.142,85376.701,144.992,2872.975,0.2472,-0.000023
101552.111,85376.946,144.993,2873.975,0.2472,-0.000030
101553.081,85377.191,144.993,2874.975,0.2472,-0.000034
101554.051,85377.435,144.994,2875.975,0.2473,-0.000011
101555.020,85377.680,144.995,2876.975,0.2474,0.000013
101555.990,85377.925,144.996,2877.975,0.2475,0.000037
101556.959,85378.170,144.996,2878.975,0.2475,0.000060
101557.929,85378.415,144.997,2879.975,0.2476,0.000084
101558.898,85378.660,144.998,2880.975,0.2477,0.000108
101559.868,85378.905,144.999,2881.975,0.2478,0.000131
101560.837,85379.150,145.000,2882.975,0.2478,0.000155
101561.807,85379.395,145.001,2883.975,0.2479,0.000178
101562.776,85379.640,145.002,2884.975,0.2479,0.000149
101563.746,85379.885,145.004,2885.975,0.2477,0.000080
101564.715,85380.130,145.006,2886.975,0.2476,0.000011
101565.685,85380.375,145.007,2887.975,0.2474,-0.000058
101566.654,85380.621,145.009,2888.975,0.2473,-0.000127
101567.624,85380.866,145.010,2889.975,0.2472,-0.000196
101568.593,85381.111,145.012,2890.974,0.2470,-0.000265
101569.563,85381.357,145.014,2891.974,0.2469,-0.000334
101570.532,85381.602,145.015,2892.974,0.2467,-0.000403
101571.501,85381.847,145.017,2893.974,0.2466,-0.000461
101572.471,85382.090,145.019,2894.974,0.2466,-0.000371
101573.441,85382.334,145.021,2895.974,0.2465,-0.000282
101574.411,85382.577,145.024,2896.974,0.2465,-0.000192
101575.381,85382.820,145.026,2897.974,0.2465,-0.000102
101576.351,85383.063,145.028,2898.974,0.2464,-0.000012
101577.321,85383.307,145.031,2899.974,0.2464,0.000077
101578.291,85383.550,145.033,2900.974,0.2463,0.000167
101579.261,85383.793,145.035,2901.974,0.2463,0.000257
101580.231,85384.036,145.037,2902.974,0.2462,0.000347
101581.201,85384.281,145.040,2903.974,0.2463,0.000356
101582.170,85384.525,145.043,2904.974,0.2464,0.000304
101583.140,85384.770,145.046,2905.974,0.2466,0.000253
101584.109,85385.015,145.048,2906.974,0.2467,0.000202
101585.079,85385.260,145.051,2907.974,0.2469,0.000150
101586.049,85385.504,145.054,2908.974,0.2470,0.000099
101587.018,85385.749,145.057,2909.974,0.2472,0.000047
101587.988,85385.994,145.060,2910.974,0.2473,-0.000004
101588.957,85386.239,145.062,2911.974,0.2474,-0.000056
101589.927,85386.484,145.065,2912.974,0.2476,-0.000103
101590.896,85386.728,145.069,2913.974,0.2475,-0.000094
101591.866,85386.973,145.072,2914.974,0.2474,-0.000085
101592.836,85387.218,145.075,2915.974,0.2474,-0.000077
101593.805,85387.462,145.079,2916.974,0.2473,-0.000068
101594.775,85387.707,145.082,2917.974,0.2473,-0.000059
101595.744,85387.952,145.085,2918.974,0.2472,-0.000051
101596.714,85388.196,145.088,2919.974,0.2471,-0.000042
101597.684,85388.441,145.092,2920.974,0.2471,-0.000033
101598.653,85388.686,145.095,2921.974,0.2470,-0.000024
101599.623,85388.930,145.099,2922.974,0.2470,-0.000013
101600.592,85389.175,145.102,2923.974,0.2470,-0.000000
101601.562,85389.420,145.106,2924.974,0.2471,0.000013
101602.532,85389.664,145.110,2925.974,0.2471,0.000026
101603.501,85389.909,145.114,2926.974,0.2472,0.000039
101604.471,85390.153,145.117,2927.974,0.2472,0.000052
101605.441,85390.398,145.121,2928.974,0.2472,0.000065
101606.410,85390.642,145.125,2929.974,0.2473,0.000078
101607.380,85390.887,145.128,2930.974,0.2473,0.000091
101608.349,85391.131,145.132,2931.974,0.2474,0.000102
101609.319,85391.377,145.136,2932.974,0.2474,0.000087
101610.288,85391.622,145.140,2933.974,0.2474,0.000073
101611.258,85391.867,145.144,2934.974,0.2475,0.000058
101612.227,85392.112,145.148,2935.974,0.2475,0.000043
101613.197,85392.357,145.152,2936.974,0.2475,0.000029
101614.166,85392.602,145.156,2937.974,0.2476,0.000014
101615.136,85392.847,145.160,2938.974,0.2476,-0.000001
101616.105,85393.092,145.164,2939.974,0.2476,-0.000015
101617.075,85393.337,145.168,2940.974,0.2477,-0.000030
101618.044,85393.582,145.173,2941.974,0.2476,-0.000046
101619.014,85393.827,145.177,2942.974,0.2475,-0.000064
101619.984,85394.072,145.181,2943.974,0.2474,-0.000081
101620.953,85394.317,145.185,2944.974,0.2473,-0.000099
101621.923,85394.561,145.190,2945.974,0.2471,-0.000116
101622.892,85394.806,145.194,2946.974,0.2470,-0.000134
101623.862,85395.051,145.198,2947.974,0.2469,-0.000151
101624.831,85395.296,145.202,2948.974,0.2468,-0.000169
101625.801,85395.540,145.207,2949.974,0.2467,-0.000186
101626.771,85395.785,145.211,2950.974,0.2465,-0.000200
101627.740,85396.029,145.215,2951.974,0.2465,-0.000157
101628.710,85396.272,145.220,2952.974,0.2465,-0.000115
101629.680,85396.516,145.224,2953.974,0.2466,-0.000073
101630.650,85396.760,145.228,2954.974,0.2466,-0.000031
101631.620,85397.004,145.233,2955.974,0.2466,0.000011
101632.590,85397.247,145.237,2956.974,0.2466,0.000053
101633.559,85397.491,145.241,2957.974,0.2466,0.000095
101634.529,85397.735,145.246,2958.974,0.2466,0.000138
101635.499,85397.979,145.250,2959.974,0.2466,0.000180
101636.469,85398.223,145.255,2960.974,0.2466,0.000157
101637.439,85398.467,145.259,2961.974,0.2467,0.000086
101638.408,85398.711,145.263,2962.974,0.2467,0.000015
101639.378,85398.955,145.268,2963.974,0.2468,-0.000045
101640.348,85399.200,145.272,2964.974,0.2468,-0.000026
101641.317,85399.444,145.277,2965.974,0.2468,-0.000007
101642.287,85399.688,145.281,2966.974,0.2468,0.000012
101643.257,85399.932,145.285,2967.974,0.2468,0.000031
101644.226,85400.177,145.290,2968.974,0.2468,0.000050
101645.196,85400.421,145.294,2969.974,0.2469,0.000067
101646.166,85400.666,145.299,2970.974,0.2469,0.000058
101647.135,85400.910,145.303,2971.974,0.2469,0.000049
101648.105,85401.155,145.307,2972.974,0.2469,0.000040
101649.075,85401.399,145.312,2973.974,0.2470,0.000031
101650.044,85401.644,145.316,2974.974,0.2470,0.000023
101651.014,85401.888,145.320,2975.974,0.2470,0.000014
101651.984,85402.133,145.325,2976.974,0.2470,0.000005
101652.953,85402.377,145.329,2977.974,0.2471,-0.000004
101653.923,85402.622,145.333,2978.974,0.2471,-0.000013
101654.893,85402.866,145.337,2979.974,0.2471,-0.000017
101655.862,85403.111,145.342,2980.974,0.2471,-0.000016
101656.832,85403.355,145.346,2981.974,0.2471,-0.000016
101657.801,85403.600,145.350,2982.974,0.2470,-0.000016
101658.771,85403.845,145.354,2983.974,0.2470,-0.000016
101659.741,85404.089,145.358,2984.974,0.2470,-0.000016
101660.710,85404.334,145.363,2985.974,0.2470,-0.000016
101661.680,85404.578,145.367,2986.974,0.2470,-0.000016
101662.650,85404.823,145.371,2987.974,0.2470,-0.000016
101663.619,85405.067,145.375,2988.974,0.2469,-0.000018
101664.589,85405.311,145.379,2989.974,0.2468,-0.000041
101665.559,85405.555,145.383,2990.974,0.2467,-0.000064
101666.529,85405.799,145.387,2991.974,0.2466,-0.000088
101667.498,85406.043,145.391,2992.974,0.2464,-0.000111
101668.468,85406.287,145.395,2993.974,0.2463,-0.000134
101669.438,85406.531,145.399,2994.974,0.2462,-0.000158
101670.408,85406.775,145.403,2995.974,0.2461,-0.000181
101671.377,85407.019,145.407,2996.974,0.2459,-0.000204
101672.347,85407.263,145.411,2997.974,0.2458,-0.000228
101673.317,85407.507,145.415,2998.974,0.2457,-0.000217
101674.287,85407.749,145.419,2999.974,0.2456,-0.000181
101675.257,85407.992,145.423,3000.974,0.2456,-0.000145
101676.227,85408.235,145.426,3001.974,0.2455,-0.000109
101677.197,85408.477,145.430,3002.974,0.2454,-0.000073
101678.167,85408.720,145.434,3003.974,0.2454,-0.000037
101679.138,85408.963,145.437,3004.974,0.2453,-0.000000
101680.108,85409.206,145.441,3005.974,0.2452,0.000036
101681.078,85409.448,145.445,3006.974,0.2452,0.000072
101682.048,85409.691,145.449,3007.974,0.2451,0.000104
101683.018,85409.934,145.452,3008.974,0.2451,0.000089
101683.988,85410.177,145.455,3009.974,0.2452,0.000074
101684.958,85410.420,145.459,3010.974,0.2452,0.000060
101685.928,85410.663,145.462,3011.974,0.2453,0.000045
101686.898,85410.906,145.466,3012.974,0.2453,0.000030
101687.868,85411.149,145.469,3013.974,0.2453,0.000015
101688.838,85411.391,145.473,3014.974,0.2454,-0.000000
101689.808,85411.634,145.476,3015.974,0.2454,-0.000015
101690.778,85411.877,145.479,3016.974,0.2454,-0.000030
101691.748,85412.120,145.483,3017.974,0.2454,-0.000045
101692.718,85412.363,145.486,3018.974,0.2453,-0.000060
101693.689,85412.605,145.489,3019.974,0.2452,-0.000074
101694.659,85412.848,145.492,3020.974,0.2451,-0.000089
101695.629,85413.091,145.495,3021.974,0.2450,-0.000104
101696.599,85413.333,145.498,3022.974,0.2448,-0.000118
101697.569,85413.576,145.501,3023.974,0.2447,-0.000133
101698.539,85413.818,145.504,3024.973,0.2446,-0.000148
101699.509,85414.061,145.507,3025.973,0.2445,-0.000162
101700.479,85414.303,145.510,3026.973,0.2444,-0.000173
101701.450,85414.545,145.513,3027.973,0.2444,-0.000134
101702.420,85414.787,145.515,3028.973,0.2445,-0.000094
101703.390,85415.029,145.518,3029.973,0.2445,-0.000055
101704.361,85415.271,145.521,3030.973,0.2445,-0.000015
101705.331,85415.512,145.523,3031.973,0.2445,0.000024
101706.301,85415.754,145.526,3032.973,0.2445,0.000063
101707.272,85415.996,145.529,3033.973,0.2445,0.000103
101708.242,85416.238,145.531,3034.973,0.2445,0.000142
101709.212,85416.479,145.534,3035.973,0.2445,0.000182
101710.182,85416.722,145.536,3036.973,0.2446,0.000194
101711.153,85416.965,145.539,3037.973,0.2448,0.000185
101712.123,85417.208,145.541,3038.973,0.2449,0.000177
101713.093,85417.450,145.543,3039.973,0.2451,0.000169
101714.063,85417.693,145.545,3040.973,0.2453,0.000160
101715.033,85417.936,145.547,3041.973,0.2454,0.000152
101716.003,85418.179,145.550,3042.973,0.2456,0.000143
101716.973,85418.422,145.552,3043.973,0.2457,0.000135
101717.943,85418.665,145.554,3044.973,0.2459,0.000126
101718.913,85418.908,145.556,3045.973,0.2460,0.000117
101719.883,85419.152,145.558,3046.973,0.2461,0.000099
101720.852,85419.396,145.560,3047.973,0.2461,0.000082
101721.822,85419.639,145.561,3048.973,0.2461,0.000064
101722.792,85419.883,145.563,3049.973,0.2462,0.000046
101723.762,85420.127,145.565,3050.973,0.2462,0.000028
101724.732,85420.371,145.566,3051.973,0.2462,0.000011
101725.701,85420.615,145.568,3052.973,0.2463,-0.000007
101726.671,85420.859,145.570,3053.973,0.2463,-0.000025
101727.641,85421.103,145.572,3054.973,0.2463,-0.000043
101728.611,85421.346,145.573,3055.973,0.2463,-0.000043
101729.581,85421.590,145.574,3056.973,0.2463,-0.000029
101730.551,85421.834,145.575,3057.973,0.2463,-0.000016
101731.520,85422.078,145.576,3058.973,0.2463,-0.000003
101732.490,85422.322,145.578,3059.973,0.2463,0.000004
101733.460,85422.566,145.579,3060.973,0.2463,0.000011
101734.430,85422.809,145.580,3061.973,0.2463,0.000017
101735.400,85423.053,145.581,3062.973,0.2463,0.000024
101736.369,85423.297,145.582,3063.973,0.2464,0.000031
101737.339,85423.541,145.583,3064.973,0.2464,0.000039
101738.309,85423.785,145.584,3065.973,0.2465,0.000050
101739.279,85424.029,145.585,3066.973,0.2466,0.000062
101740.248,85424.274,145.585,3067.973,0.2467,0.000073
101741.218,85424.518,145.586,3068.973,0.2468,0.000084
101742.188,85424.762,145.586,3069.973,0.2468,0.000096
101743.157,85425.006,145.587,3070.973,0.2469,0.000107
101744.127,85425.250,145.587,3071.973,0.2470,0.000119
101745.097,85425.495,145.588,3072.973,0.2471,0.000130
101746.067,85425.739,145.589,3073.973,0.2472,0.000142
101747.036,85425.984,145.589,3074.973,0.2472,0.000129
101748.006,85426.228,145.589,3075.973,0.2472,0.000097
101748.975,85426.473,145.589,3076.973,0.2472,0.000065
101749.945,85426.718,145.589,3077.973,0.2472,0.000033
101750.914,85426.963,145.589,3078.973,0.2472,0.000001
101751.884,85427.208,145.589,3079.973,0.2472,-0.000031
101752.853,85427.453,145.589,3080.973,0.2472,-0.000063
101753.823,85427.698,145.588,3081.973,0.2472,-0.000095
101754.792,85427.943,145.588,3082.973,0.2472,-0.000127
101755.762,85428.188,145.588,3083.973,0.2472,-0.000155
101756.732,85428.432,145.588,3084.973,0.2472,-0.000130
101757.701,85428.677,145.587,3085.973,0.2471,-0.000104
101758.671,85428.921,145.586,3086.973,0.2471,-0.000078
101759.641,85429.165,145.586,3087.973,0.2471,-0.000053
101760.610,85429.410,145.585,3088.973,0.2470,-0.000027
101761.580,85429.654,145.584,3089.973,0.2470,-0.000002
101762.550,85429.898,145.584,3090.973,0.2470,0.000024
101763.519,85430.143,145.583,3091.973,0.2469,0.000050
101764.489,85430.387,145.582,3092.973,0.2469,0.000075
101765.459,85430.631,145.581,3093.973,0.2469,0.000076
101766.428,85430.876,145.580,3094.973,0.2469,0.000059
101767.398,85431.121,145.578,3095.973,0.2469,0.000042
101768.368,85431.365,145.577,3096.973,0.2469,0.000024
101769.337,85431.610,145.576,3097.973,0.2469,0.000007
101770.307,85431.854,145.574,3098.973,0.2469,-0.000010
101771.277,85432.099,145.573,3099.973,0.2469,-0.000027
101772.246,85432.343,145.572,3100.973,0.2469,-0.000045
101773.216,85432.588,145.570,3101.973,0.2469,-0.000062
101774.186,85432.832,145.569,3102.973,0.2469,-0.000077
101775.155,85433.076,145.567,3103.973,0.2469,-0.000065
101776.125,85433.320,145.565,3104.973,0.2469,-0.000054
101777.095,85433.565,145.563,3105.973,0.2468,-0.000042
101778.064,85433.809,145.561,3106.973,0.2468,-0.000030
101779.034,85434.053,145.559,3107.973,0.2468,-0.000018
101780.004,85434.297,145.557,3108.973,0.2468,-0.000006
101780.974,85434.542,145.555,3109.973,0.2467,0.000005
101781.943,85434.786,145.553,3110.973,0.2467,0.000017
101782.913,85435.030,145.551,3111.973,0.2467,0.000029
101783.883,85435.274,145.548,3112.973,0.2467,0.000035
101784.852,85435.519,145.546,3113.973,0.2468,0.000038
101785.822,85435.763,145.543,3114.973,0.2468,0.000041
101786.792,85436.007,145.540,3115.973,0.2469,0.000043
101787.761,85436.252,145.538,3116.973,0.2469,0.000046
101788.731,85436.496,145.535,3117.973,0.2470,0.000049
101789.701,85436.741,145.532,3118.973,0.2470,0.000051
101790.670,85436.985,145.530,3119.973,0.2470,0.000054
101791.640,85437.229,145.527,3120.973,0.2471,0.000057
101792.610,85437.474,145.524,3121.973,0.2471,0.000058
101793.579,85437.719,145.521,3122.973,0.2471,0.000045
101794.549,85437.963,145.518,3123.973,0.2471,0.000033
101795.518,85438.208,145.514,3124.973,0.2471,0.000020
101796.488,85438.453,145.511,3125.973,0.2471,0.000007
101797.458,85438.697,145.508,3126.973,0.2471,-0.000006
101798.427,85438.942,145.504,3127.973,0.2471,-0.000019
101799.397,85439.187,145.501,3128.973,0.2471,-0.000032
101800.366,85439.432,145.498,3129.973,0.2471,-0.000044
101801.336,85439.676,145.494,3130.973,0.2471,-0.000057
101802.306,85439.921,145.491,3131.973,0.2471,-0.000058
101803.275,85440.165,145.487,3132.973,0.2471,-0.000049
101804.245,85440.410,145.483,3133.973,0.2471,-0.000040
101805.215,85440.654,145.479,3134.973,0.2471,-0.000031
101806.184,85440.899,145.475,3135.973,0.2470,-0.000022
101807.154,85441.143,145.471,3136.973,0.2470,-0.000013
101808.123,85441.388,145.467,3137.973,0.2470,-0.000004
101809.093,85441.632,145.463,3138.973,0.2470,0.000005
101810.063,85441.876,145.459,3139.973,0.2470,0.000014
101811.032,85442.121,145.456,3140.973,0.2469,0.000020
101812.002,85442.365,145.451,3141.973,0.2468,-0.000014
101812.972,85442.609,145.447,3142.973,0.2466,-0.000048
101813.942,85442.853,145.442,3143.973,0.2464,-0.000082
101814.912,85443.097,145.438,3144.973,0.2463,-0.000116
101815.881,85443.341,145.433,3145.973,0.2461,-0.000150
101816.851,85443.585,145.429,3146.973,0.2459,-0.000184
101817.821,85443.829,145.424,3147.973,0.2458,-0.000218
101818.791,85444.073,145.420,3148.973,0.2456,-0.000252
101819.760,85444.317,145.416,3149.973,0.2454,-0.000286
101820.730,85444.560,145.411,3150.973,0.2453,-0.000176
101821.700,85444.803,145.406,3151.973,0.2452,0.000015
101822.670,85445.046,145.401,3152.973,0.2452,-0.000001
101823.641,85445.288,145.396,3153.973,0.2451,-0.000017
101824.611,85445.531,145.391,3154.973,0.2451,-0.000032
101825.581,85445.774,145.386,3155.973,0.2451,-0.000048
101826.551,85446.017,145.381,3156.973,0.2451,-0.000064
101827.521,85446.259,145.376,3157.973,0.2450,-0.000080
101828.491,85446.502,145.371,3158.972,0.2450,-0.000096
101829.461,85446.745,145.366,3159.972,0.2450,-0.000110
101830.431,85446.987,145.361,3160.972,0.2449,-0.000106
101831.402,85447.229,145.356,3161.972,0.2448,-0.000101
101832.372,85447.471,145.350,3162.972,0.2447,-0.000097
101833.342,85447.713,145.345,3163.972,0.2446,-0.000093
101834.312,85447.955,145.340,3164.972,0.2445,-0.000088
101835.283,85448.197,145.334,3165.972,0.2444,-0.000084
101836.253,85448.439,145.329,3166.972,0.2444,-0.000079
101837.223,85448.682,145.323,3167.972,0.2443,-0.000075
101838.193,85448.924,145.318,3168.972,0.2442,-0.000070
101839.164,85449.166,145.313,3169.972,0.2442,-0.000046
101840.134,85449.408,145.307,3170.972,0.2443,-0.000006
101841.104,85449.650,145.301,3171.972,0.2444,0.000034
101842.074,85449.892,145.295,3172.972,0.2446,0.000074
101843.045,85450.134,145.290,3173.972,0.2447,0.000114
101844.015,85450.376,145.284,3174.972,0.2448,0.000153
101844.985,85450.618,145.278,3175.972,0.2449,0.000193
101845.955,85450.860,145.272,3176.972,0.2450,0.000233
101846.926,85451.101,145.267,3177.972,0.2452,0.000273
101847.896,85451.344,145.261,3178.972,0.2453,0.000308
101848.866,85451.588,145.255,3179.972,0.2455,0.000287
101849.836,85451.831,145.249,3180.972,0.2457,0.000265
101850.805,85452.075,145.243,3181.972,0.2459,0.000244
101851.775,85452.319,145.237,3182.972,0.2461,0.000222
101852.745,85452.563,145.231,3183.972,0.2463,0.000200
101853.715,85452.807,145.225,3184.972,0.2465,0.000179
101854.684,85453.051,145.219,3185.972,0.2467,0.000157
101855.654,85453.295,145.213,3186.972,0.2470,0.000136
101856.624,85453.539,145.207,3187.972,0.2472,0.000114
101857.594,85453.783,145.200,3188.972,0.2469,0.000015
101858.564,85454.026,145.194,3189.972,0.2464,-0.000141
101859.534,85454.269,145.188,3190.972,0.2458,-0.000298
101860.504,85454.513,145.182,3191.972,0.2452,-0.000455
101861.474,85454.756,145.176,3192.972,0.2447,-0.000612
101862.444,85454.999,145.169,3193.972,0.2441,-0.000769
101863.413,85455.243,145.163,3194.972,0.2436,-0.000926
101864.383,85455.486,145.157,3195.972,0.2430,-0.001083
101865.353,85455.729,145.151,3196.972,0.2424,-0.001239
101866.325,85455.966,145.144,3197.972,0.2408,-0.001388
101867.296,85456.203,145.138,3198.972,0.2392,-0.001537
101868.268,85456.440,145.132,3199.972,0.2377,-0.001686
101869.240,85456.677,145.125,3200.972,0.2361,-0.001835
101870.212,85456.909,145.119,3201.972,0.2343,-0.001934
101871.185,85457.139,145.113,3202.972,0.2323,-0.001994
101872.159,85457.368,145.106,3203.972,0.2303,-0.002054
101873.132,85457.598,145.100,3204.972,0.2282,-0.002114
101874.106,85457.822,145.094,3205.972,0.2261,-0.002150
101875.082,85458.044,145.087,3206.972,0.2240,-0.002167
101876.057,85458.265,145.081,3207.972,0.2218,-0.002185
101877.032,85458.486,145.075,3208.972,0.2196,-0.002202
101878.008,85458.702,145.068,3209.972,0.2176,-0.002136
101878.986,85458.915,145.062,3210.972,0.2157,-0.002007
101879.963,85459.127,145.056,3211.972,0.2137,-0.001878
101880.940,85459.340,145.050,3212.972,0.2118,-0.001749
101881.917,85459.552,145.043,3213.972,0.2099,-0.001624
101882.896,85459.756,145.037,3214.972,0.2085,-0.001549
101883.875,85459.961,145.031,3215.972,0.2070,-0.001473
101884.854,85460.166,145.025,3216.972,0.2056,-0.001398
101885.832,85460.371,145.019,3217.972,0.2042,-0.001323
101886.811,85460.575,145.012,3218.972,0.2027,-0.001257
101887.791,85460.773,145.006,3219.972,0.2013,-0.001326
101888.772,85460.971,145.000,3220.972,0.1999,-0.001394
101889.752,85461.169,144.994,3221.972,0.1985,-0.001463
101890.732,85461.367,144.988,3222.972,0.1970,-0.001531
101891.712,85461.565,144.982,3223.972,0.1956,-0.001599
101892.694,85461.756,144.976,3224.972,0.1939,-0.001659
101893.675,85461.947,144.970,3225.972,0.1921,-0.001719
101894.657,85462.137,144.965,3226.972,0.1904,-0.001779
101895.639,85462.328,144.959,3227.972,0.1887,-0.001839
101896.621,85462.514,144.953,3228.972,0.1869,-0.001837
101897.604,85462.697,144.947,3229.972,0.1852,-0.001788
101898.587,85462.880,144.942,3230.972,0.1834,-0.001739
101899.571,85463.063,144.936,3231.972,0.1817,-0.001691
101900.554,85463.245,144.930,3232.972,0.1799,-0.001644
101901.538,85463.420,144.925,3233.972,0.1783,-0.001625
101902.523,85463.595,144.919,3234.972,0.1767,-0.001607
101903.507,85463.770,144.914,3235.972,0.1751,-0.001589
101904.492,85463.945,144.909,3236.972,0.1735,-0.001571
101905.477,85464.120,144.903,3237.972,0.1719,-0.001565
101906.463,85464.287,144.898,3238.972,0.1700,-0.001732
101907.449,85464.454,144.893,3239.972,0.1681,-0.001900
101908.434,85464.622,144.888,3240.972,0.1661,-0.002067
101909.420,85464.789,144.883,3241.972,0.1642,-0.002235
101910.407,85464.951,144.878,3242.972,0.1622,-0.002233
101911.394,85465.109,144.873,3243.972,0.1601,-0.002103
101912.382,85465.268,144.868,3244.972,0.1580,-0.001974
101913.369,85465.426,144.864,3245.972,0.1559,-0.001844
101914.357,85465.579,144.859,3246.972,0.1531,-0.001847
101915.346,85465.728,144.855,3247.972,0.1497,-0.001951
101916.335,85465.877,144.850,3248.972,0.1463,-0.002055
101917.324,85466.026,144.846,3249.972,0.1429,-0.002159
101918.313,85466.170,144.842,3250.972,0.1403,-0.001677
101919.304,85466.310,144.838,3251.972,0.1392,-0.002243
101920.294,85466.450,144.834,3252.972,0.1380,-0.002809
101921.284,85466.589,144.829,3253.972,0.1367,-0.003317
101922.275,85466.720,144.826,3254.972,0.1339,-0.003053
101923.267,85466.852,144.822,3255.972,0.1310,-0.002788
101924.258,85466.983,144.818,3256.972,0.1282,-0.002523
101925.250,85467.109,144.815,3257.972,0.1256,-0.002420
101926.243,85467.231,144.812,3258.972,0.1231,-0.002439
101927.235,85467.354,144.808,3259.972,0.1206,-0.002458
101928.228,85467.475,144.805,3260.972,0.1182,-0.002466
101929.221,85467.589,144.802,3261.972,0.1160,-0.002325
101930.215,85467.702,144.799,3262.972,0.1138,-0.002184
101931.208,85467.816,144.797,3263.972,0.1116,-0.002043
101932.202,85467.929,144.794,3264.972,0.1094,-0.001908
101933.196,85468.034,144.791,3265.972,0.1076,-0.001867
101934.191,85468.139,144.789,3266.972,0.1058,-0.001825
101935.185,85468.244,144.787,3267.972,0.1040,-0.001784
101936.180,85468.349,144.785,3268.972,0.1022,-0.001742
101937.174,85468.450,144.783,3269.972,0.1004,-0.001722
101938.170,85468.548,144.781,3270.972,0.0987,-0.001716
101939.165,85468.645,144.779,3271.972,0.0970,-0.001711
101940.160,85468.742,144.778,3272.972,0.0953,-0.001706
101941.155,85468.839,144.776,3273.972,0.0935,-0.001702
101942.151,85468.929,144.775,3274.972,0.0918,-0.001716
101943.147,85469.018,144.774,3275.972,0.0901,-0.001730
101944.143,85469.108,144.773,3276.972,0.0884,-0.001743
101945.139,85469.198,144.772,3277.972,0.0866,-0.001757
101946.136,85469.283,144.772,3278.971,0.0847,-0.001837
101947.132,85469.365,144.771,3279.971,0.0827,-0.001967
101948.129,85469.447,144.771,3280.971,0.0807,-0.002097
101949.126,85469.529,144.771,3281.971,0.0787,-0.002227
101950.123,85469.606,144.771,3282.971,0.0765,-0.002270
101951.120,85469.679,144.771,3283.971,0.0743,-0.002246
101952.117,85469.752,144.772,3284.971,0.0720,-0.002222
101953.114,85469.825,144.772,3285.971,0.0698,-0.002198
101954.112,85469.894,144.773,3286.971,0.0678,-0.002103
101955.110,85469.958,144.774,3287.971,0.0659,-0.001956
101956.108,85470.022,144.776,3288.971,0.0641,-0.001809
101957.106,85470.087,144.777,3289.971,0.0622,-0.001661
101958.104,85470.150,144.778,3290.971,0.0604,-0.001522
101959.102,85470.207,144.780,3291.971,0.0589,-0.001503
101960.101,85470.264,144.783,3292.971,0.0574,-0.001484
101961.099,85470.321,144.785,3293.971,0.0560,-0.001464
101962.097,85470.377,144.787,3294.971,0.0545,-0.001445
101963.096,85470.434,144.789,3295.971,0.0530,-0.001420
101964.095,85470.483,144.792,3296.971,0.0519,-0.001313
101965.093,85470.533,144.796,3297.971,0.0508,-0.001206
101966.092,85470.583,144.799,3298.971,0.0496,-0.001099
101967.091,85470.632,144.802,3299.971,0.0485,-0.000992
101968.090,85470.682,144.805,3300.971,0.0474,-0.000885
101969.088,85470.729,144.809,3301.971,0.0464,-0.000825
101970.088,85470.773,144.814,3302.971,0.0457,-0.000802
101971.087,85470.817,144.819,3303.971,0.0449,-0.000778
101972.086,85470.861,144.823,3304.971,0.0442,-0.000754
101973.085,85470.905,144.828,3305.971,0.0434,-0.000730
101974.084,85470.949,144.833,3306.971,0.0427,-0.000707
101975.083,85470.994,144.838,3307.971,0.0419,-0.000683
101976.082,85471.035,144.843,3308.971,0.0414,-0.000631
101977.081,85471.074,144.850,3309.971,0.0411,-0.000558
101978.080,85471.114,144.857,3310.971,0.0408,-0.000485
101979.079,85471.153,144.863,3311.971,0.0404,-0.000412
101980.079,85471.193,144.870,3312.971,0.0401,-0.000339
101981.078,85471.232,144.877,3313.971,0.0398,-0.000266
101982.077,85471.272,144.883,3314.971,0.0395,-0.000193
101983.076,85471.311,144.890,3315.971,0.0391,-0.000120
101984.075,85471.351,144.897,3316.971,0.0388,-0.000047
101985.075,85471.390,144.904,3317.971,0.0385,0.000019
101986.074,85471.428,144.913,3318.971,0.0384,-0.000005
101987.073,85471.467,144.922,3319.971,0.0383,-0.000029
101988.072,85471.505,144.931,3320.971,0.0382,-0.000054
101989.072,85471.543,144.940,3321.971,0.0381,-0.000078
101990.071,85471.581,144.949,3322.971,0.0380,-0.000102
101991.070,85471.620,144.959,3323.971,0.0379,-0.000127
101992.069,85471.658,144.968,3324.971,0.0378,-0.000151
101993.069,85471.696,144.977,3325.971,0.0377,-0.000175
101994.068,85471.734,144.986,3326.971,0.0376,-0.000200
101995.067,85471.772,144.997,3327.971,0.0376,-0.000185
101996.067,85471.809,145.008,3328.971,0.0376,-0.000140
101997.066,85471.846,145.020,3329.971,0.0376,-0.000096
101998.065,85471.884,145.032,3330.971,0.0376,-0.000052
101999.064,85471.921,145.044,3331.971,0.0376,-0.000007
102000.064,85471.958,145.055,3332.971,0.0376,0.000037
102001.063,85471.995,145.067,3333.971,0.0376,0.000081
102002.062,85472.033,145.079,3334.971,0.0376,0.000126
102003.062,85472.070,145.091,3335.971,0.0376,0.000170
102004.061,85472.107,145.103,3336.971,0.0376,0.000209
102005.060,85472.145,145.117,3337.971,0.0376,0.000170
102006.060,85472.183,145.131,3338.971,0.0377,0.000132
102007.059,85472.221,145.146,3339.971,0.0377,0.000094
102008.058,85472.259,145.160,3340.971,0.0377,0.000055
102009.057,85472.297,145.175,3341.971,0.0377,0.000017
102010.057,85472.335,145.189,3342.971,0.0378,-0.000022
102011.056,85472.373,145.204,3343.971,0.0378,-0.000060
102012.055,85472.411,145.218,3344.971,0.0378,-0.000099
102013.054,85472.449,145.232,3345.971,0.0378,-0.000137
102014.054,85472.487,145.248,3346.971,0.0378,-0.000118
102015.053,85472.525,145.265,3347.971,0.0378,-0.000055
102016.052,85472.563,145.283,3348.971,0.0377,0.000009
102017.052,85472.600,145.300,3349.971,0.0377,0.000061
102018.051,85472.638,145.317,3350.971,0.0377,0.000025
102019.050,85472.676,145.334,3351.971,0.0376,-0.000011
102020.049,85472.713,145.351,3352.971,0.0376,-0.000046
102021.049,85472.751,145.368,3353.971,0.0375,-0.000082
102022.048,85472.789,145.385,3354.971,0.0375,-0.000118
102023.047,85472.826,145.402,3355.971,0.0374,-0.000151
102024.047,85472.863,145.422,3356.971,0.0373,-0.000146
102025.046,85472.900,145.442,3357.971,0.0372,-0.000142
102026.045,85472.937,145.461,3358.971,0.0371,-0.000138
102027.044,85472.974,145.481,3359.971,0.0369,-0.000133
102028.044,85473.010,145.501,3360.971,0.0368,-0.000129
102029.043,85473.047,145.520,3361.971,0.0367,-0.000125
102030.042,85473.084,145.540,3362.971,0.0365,-0.000120
102031.042,85473.121,145.560,3363.971,0.0364,-0.000116
102032.041,85473.158,145.579,3364.971,0.0363,-0.000111
102033.040,85473.194,145.600,3365.971,0.0362,-0.000093
102034.040,85473.230,145.622,3366.971,0.0363,-0.000063
102035.039,85473.266,145.644,3367.971,0.0363,-0.000034
102036.038,85473.302,145.667,3368.971,0.0363,-0.000004
102037.038,85473.338,145.689,3369.971,0.0363,0.000025
102038.037,85473.375,145.711,3370.971,0.0364,0.000055
102039.036,85473.411,145.733,3371.971,0.0364,0.000084
102040.036,85473.447,145.755,3372.971,0.0364,0.000114
102041.035,85473.483,145.777,3373.971,0.0365,0.000144
102042.034,85473.519,145.799,3374.971,0.0365,0.000169
102043.034,85473.556,145.824,3375.971,0.0365,0.000141
102044.033,85473.593,145.848,3376.971,0.0366,0.000113
102045.032,85473.630,145.872,3377.971,0.0366,0.000085
102046.032,85473.667,145.897,3378.971,0.0367,0.000057
102047.031,85473.703,145.921,3379.971,0.0367,0.000029
102048.030,85473.740,145.945,3380.971,0.0367,0.000001
102049.030,85473.777,145.970,3381.971,0.0368,-0.000027
102050.029,85473.814,145.994,3382.971,0.0368,-0.000055
102051.028,85473.851,146.018,3383.971,0.0368,-0.000083
102052.028,85473.888,146.044,3384.971,0.0368,-0.000089
102053.027,85473.924,146.070,3385.971,0.0368,-0.000079
102054.026,85473.961,146.097,3386.971,0.0367,-0.000068
102055.026,85473.997,146.123,3387.971,0.0367,-0.000058
102056.025,85474.034,146.149,3388.971,0.0367,-0.000048
102057.024,85474.070,146.176,3389.971,0.0366,-0.000037
102058.024,85474.107,146.202,3390.971,0.0366,-0.000027
102059.023,85474.144,146.229,3391.971,0.0365,-0.000016
102060.022,85474.180,146.255,3392.971,0.0365,-0.000006
102061.021,85474.217,146.281,3393.971,0.0364,0.000005
102062.021,85474.254,146.310,3394.971,0.0366,0.000033
102063.020,85474.290,146.338,3395.971,0.0367,0.000060
102064.019,85474.327,146.366,3396.971,0.0368,0.000087
102065.019,85474.364,146.394,3397.971,0.0370,0.000114
102066.018,85474.401,146.422,3398.971,0.0371,0.000141
102067.017,85474.438,146.451,3399.971,0.0372,0.000168
102068.017,85474.475,146.479,3400.971,0.0374,0.000195
102069.016,85474.511,146.507,3401.971,0.0375,0.000222
102070.015,85474.548,146.535,3402.971,0.0376,0.000249
102071.015,85474.586,146.564,3403.971,0.0377,0.000232
102072.014,85474.624,146.594,3404.971,0.0377,0.000180
102073.013,85474.662,146.624,3405.971,0.0377,0.000129
102074.012,85474.700,146.653,3406.971,0.0377,0.000078
102075.012,85474.738,146.683,3407.971,0.0378,0.000026
102076.011,85474.777,146.713,3408.970,0.0378,-0.000025
102077.010,85474.815,146.742,3409.970,0.0378,-0.000076
102078.009,85474.853,146.772,3410.970,0.0378,-0.000128
102079.009,85474.891,146.802,3411.970,0.0378,-0.000179
102080.008,85474.929,146.832,3412.970,0.0378,-0.000225
102081.007,85474.966,146.863,3413.970,0.0377,-0.000200
102082.007,85475.003,146.894,3414.970,0.0376,-0.000176
102083.006,85475.040,146.925,3415.970,0.0375,-0.000151
102084.005,85475.078,146.956,3416.970,0.0374,-0.000126
102085.004,85475.115,146.987,3417.970,0.0373,-0.000101
102086.004,85475.152,147.018,3418.970,0.0372,-0.000076
102087.003,85475.189,147.049,3419.970,0.0371,-0.000051
102088.002,85475.226,147.080,3420.970,0.0370,-0.000026
102089.002,85475.263,147.111,3421.970,0.0369,-0.000001
102090.001,85475.300,147.142,3422.970,0.0367,-0.000006
102091.000,85475.336,147.174,3423.970,0.0366,-0.000035
102092.000,85475.373,147.207,3424.970,0.0365,-0.000063
102092.999,85475.409,147.239,3425.970,0.0364,-0.000092
102093.998,85475.446,147.271,3426.970,0.0362,-0.000120
102094.998,85475.482,147.303,3427.970,0.0361,-0.000149
102095.997,85475.519,147.335,3428.970,0.0360,-0.000177
102096.996,85475.555,147.367,3429.970,0.0359,-0.000205
102097.996,85475.591,147.399,3430.970,0.0357,-0.000234
102098.995,85475.628,147.431,3431.970,0.0356,-0.000256
102099.994,85475.663,147.464,3432.970,0.0357,-0.000197
102100.994,85475.698,147.497,3433.970,0.0357,-0.000137
102101.993,85475.734,147.530,3434.970,0.0358,-0.000077
102102.992,85475.769,147.563,3435.970,0.0358,-0.000017
102103.992,85475.804,147.596,3436.970,0.0359,0.000043
102104.991,85475.840,147.629,3437.970,0.0359,0.000102
102105.991,85475.875,147.662,3438.970,0.0360,0.000162
102106.990,85475.910,147.695,3439.970,0.0360,0.000222
102107.989,85475.946,147.728,3440.970,0.0361,0.000282
102108.989,85475.982,147.761,3441.970,0.0362,0.000176
102109.988,85476.018,147.794,3442.970,0.0363,-0.000027
102110.987,85476.054,147.828,3443.970,0.0363,-0.000004
102111.987,85476.090,147.862,3444.970,0.0364,0.000019
102112.986,85476.127,147.895,3445.970,0.0364,0.000042
102113.985,85476.163,147.929,3446.970,0.0364,0.000065
102114.985,85476.199,147.962,3447.970,0.0365,0.000088
102115.984,85476.235,147.996,3448.970,0.0365,0.000110
102116.983,85476.272,148.029,3449.970,0.0365,0.000133
102117.983,85476.308,148.063,3450.970,0.0366,0.000154
102118.982,85476.345,148.097,3451.970,0.0367,0.000151
102119.981,85476.382,148.131,3452.970,0.0369,0.000147
102120.981,85476.420,148.165,3453.970,0.0370,0.000144
102121.980,85476.457,148.199,3454.970,0.0371,0.000141
102122.979,85476.494,148.233,3455.970,0.0373,0.000137
102123.978,85476.531,148.267,3456.970,0.0374,0.000134
102124.978,85476.569,148.301,3457.970,0.0376,0.000130
102125.977,85476.606,148.335,3458.970,0.0377,0.000127
102126.976,85476.643,148.369,3459.970,0.0378,0.000124
102127.976,85476.681,148.403,3460.970,0.0380,0.000118
102128.975,85476.720,148.438,3461.970,0.0380,0.000110
102129.974,85476.758,148.472,3462.970,0.0381,0.000102
102130.973,85476.796,148.506,3463.970,0.0382,0.000094
102131.973,85476.835,148.541,3464.970,0.0383,0.000086
102132.972,85476.873,148.575,3465.970,0.0384,0.000078
102133.971,85476.911,148.609,3466.970,0.0385,0.000070
102134.970,85476.950,148.643,3467.970,0.0385,0.000062
102135.970,85476.988,148.678,3468.970,0.0386,0.000054
102136.969,85477.026,148.712,3469.970,0.0387,0.000041
102137.968,85477.064,148.746,3470.970,0.0383,-0.000047
102138.968,85477.102,148.781,3471.970,0.0379,-0.000134
102139.967,85477.139,148.815,3472.970,0.0376,-0.000221
102140.966,85477.177,148.850,3473.970,0.0372,-0.000309
102141.965,85477.214,148.884,3474.970,0.0368,-0.000396
102142.965,85477.252,148.918,3475.970,0.0365,-0.000484
102143.964,85477.290,148.953,3476.970,0.0361,-0.000571
102144.963,85477.327,148.987,3477.970,0.0357,-0.000658
102145.962,85477.365,149.022,3478.970,0.0354,-0.000746
102146.962,85477.400,149.056,3479.970,0.0352,-0.000702
102147.961,85477.434,149.090,3480.970,0.0351,-0.000558
102148.961,85477.468,149.125,3481.970,0.0350,-0.000414
102149.960,85477.501,149.159,3482.970,0.0349,-0.000269
102150.960,85477.535,149.193,3483.970,0.0348,-0.000125
102151.959,85477.568,149.228,3484.970,0.0347,0.000019
102152.958,85477.602,149.262,3485.970,0.0346,0.000163
102153.958,85477.636,149.296,3486.970,0.0345,0.000307
102154.957,85477.669,149.331,3487.970,0.0344,0.000451
102155.957,85477.703,149.365,3488.970,0.0343,0.000587
102156.956,85477.740,149.399,3489.970,0.0350,0.000604
102157.955,85477.776,149.433,3490.970,0.0356,0.000622
102158.955,85477.812,149.467,3491.970,0.0362,0.000639
102159.954,85477.849,149.502,3492.970,0.0369,0.000657
102160.953,85477.885,149.536,3493.970,0.0375,0.000674
102161.953,85477.922,149.570,3494.970,0.0382,0.000692
102162.952,85477.958,149.604,3495.970,0.0388,0.000699
102163.951,85477.999,149.638,3496.970,0.0389,0.000567
102164.950,85478.039,149.672,3497.970,0.0389,0.000435
102165.950,85478.079,149.706,3498.970,0.0390,0.000302
102166.949,85478.119,149.740,3499.970,0.0391,0.000170
102167.948,85478.159,149.774,3500.970,0.0392,0.000038
102168.947,85478.199,149.808,3501.970,0.0393,-0.000094
102169.946,85478.240,149.842,3502.970,0.0394,-0.000227
102170.945,85478.280,149.876,3503.970,0.0394,-0.000359
102171.945,85478.320,149.910,3504.970,0.0395,-0.000491
102172.944,85478.358,149.943,3505.970,0.0393,-0.000537
102173.943,85478.396,149.977,3506.970,0.0388,-0.000518
102174.943,85478.433,150.010,3507.970,0.0384,-0.000499
102175.942,85478.470,150.044,3508.970,0.0379,-0.000480
102176.941,85478.507,150.078,3509.970,0.0375,-0.000461
102177.940,85478.544,150.111,3510.970,0.0370,-0.000442
102178.940,85478.582,150.145,3511.970,0.0365,-0.000423
102179.939,85478.619,150.178,3512.970,0.0361,-0.000404
102180.938,85478.656,150.212,3513.970,0.0356,-0.000384
102181.938,85478.693,150.245,3514.970,0.0352,-0.000366
102182.937,85478.727,150.279,3515.970,0.0349,-0.000357
102183.936,85478.760,150.312,3516.970,0.0345,-0.000349
102184.936,85478.794,150.345,3517.970,0.0342,-0.000340
102185.935,85478.827,150.378,3518.970,0.0339,-0.000332
102186.935,85478.861,150.411,3519.970,0.0335,-0.000323
102187.934,85478.895,150.445,3520.970,0.0332,-0.000315
102188.934,85478.928,150.478,3521.970,0.0329,-0.000306
102189.933,85478.962,150.511,3522.970,0.0326,-0.000298
102190.932,85478.995,150.544,3523.970,0.0322,-0.000289
102191.932,85479.028,150.577,3524.970,0.0321,-0.000250
102192.931,85479.060,150.610,3525.970,0.0321,-0.000187
102193.931,85479.091,150.643,3526.970,0.0321,-0.000124
102194.930,85479.123,150.676,3527.970,0.0321,-0.000061
102195.930,85479.155,150.709,3528.970,0.0322,0.000002
102196.929,85479.186,150.741,3529.970,0.0322,0.000065
102197.929,85479.218,150.774,3530.970,0.0322,0.000128
102198.928,85479.250,150.807,3531.970,0.0322,0.000191
102199.928,85479.281,150.840,3532.970,0.0322,0.000254
102200.927,85479.313,150.873,3533.970,0.0323,0.000318
102201.927,85479.347,150.905,3534.970,0.0328,0.000392
102202.926,85479.381,150.938,3535.970,0.0334,0.000466
102203.926,85479.415,150.971,3536.970,0.0340,0.000540
102204.925,85479.449,151.003,3537.970,0.0346,0.000614
102205.924,85479.483,151.036,3538.970,0.0351,0.000688
102206.924,85479.517,151.068,3539.970,0.0357,0.000763
102207.923,85479.551,151.101,3540.970,0.0363,0.000826
102208.922,85479.590,151.133,3541.969,0.0367,0.000738
102209.922,85479.628,151.166,3542.969,0.0371,0.000650
102210.921,85479.667,151.198,3543.969,0.0376,0.000562
102211.920,85479.706,151.230,3544.969,0.0380,0.000474
102212.919,85479.745,151.263,3545.969,0.0384,0.000386
102213.919,85479.784,151.295,3546.969,0.0389,0.000298
102214.918,85479.822,151.328,3547.969,0.0393,0.000210
102215.917,85479.861,151.360,3548.969,0.0397,0.000122
102216.916,85479.900,151.393,3549.969,0.0402,0.000041
102217.916,85479.941,151.425,3550.969,0.0403,0.000071
102218.915,85479.982,151.457,3551.969,0.0405,0.000100
102219.914,85480.022,151.490,3552.969,0.0407,0.000129
102220.913,85480.063,151.522,3553.969,0.0409,0.000158
102221.912,85480.104,151.554,3554.969,0.0411,0.000188
102222.911,85480.145,151.587,3555.969,0.0412,0.000217
102223.911,85480.185,151.619,3556.969,0.0414,0.000246
102224.910,85480.226,151.651,3557.969,0.0416,0.000275
102225.909,85480.267,151.684,3558.969,0.0418,0.000305
102226.908,85480.309,151.716,3559.969,0.0419,0.000282
102227.907,85480.351,151.749,3560.969,0.0419,0.000220
102228.906,85480.393,151.781,3561.969,0.0419,0.000158
102229.905,85480.436,151.814,3562.969,0.0419,0.000096
102230.904,85480.478,151.846,3563.969,0.0420,0.000034
102231.903,85480.521,151.879,3564.969,0.0420,-0.000028
102232.903,85480.563,151.911,3565.969,0.0420,-0.000089
102233.902,85480.606,151.944,3566.969,0.0420,-0.000151
102234.901,85480.648,151.976,3567.969,0.0420,-0.000213
102235.900,85480.690,152.009,3568.969,0.0421,-0.000271
102236.899,85480.731,152.042,3569.969,0.0418,-0.000260
102237.898,85480.772,152.074,3570.969,0.0416,-0.000250
102238.897,85480.813,152.107,3571.969,0.0414,-0.000240
102239.896,85480.854,152.140,3572.969,0.0412,-0.000230
102240.896,85480.895,152.173,3573.969,0.0409,-0.000219
102241.895,85480.936,152.206,3574.969,0.0407,-0.000209
102242.894,85480.977,152.238,3575.969,0.0405,-0.000199
102243.893,85481.018,152.271,3576.969,0.0403,-0.000189
102244.892,85481.059,152.304,3577.969,0.0400,-0.000179
102245.891,85481.100,152.337,3578.969,0.0403,-0.000121
102246.890,85481.141,152.370,3579.969,0.0409,-0.000028
102247.890,85481.183,152.404,3580.969,0.0415,0.000066
102248.889,85481.224,152.437,3581.969,0.0421,0.000160
102249.888,85481.266,152.470,3582.969,0.0427,0.000253
102250.887,85481.308,152.504,3583.969,0.0433,0.000347
102251.886,85481.349,152.537,3584.969,0.0440,0.000441
102252.885,85481.391,152.570,3585.969,0.0446,0.000534
102253.884,85481.432,152.603,3586.969,0.0452,0.000628
102254.884,85481.474,152.637,3587.969,0.0458,0.000689
102255.882,85481.520,152.670,3588.969,0.0458,0.000586
102256.881,85481.566,152.704,3589.969,0.0459,0.000526
102257.880,85481.611,152.738,3590.969,0.0459,0.000465
102258.879,85481.657,152.772,3591.969,0.0459,0.000405
102259.878,85481.703,152.806,3592.969,0.0459,0.000344
102260.877,85481.749,152.840,3593.969,0.0459,0.000284
102261.876,85481.795,152.873,3594.969,0.0460,0.000224
102262.875,85481.840,152.907,3595.969,0.0460,0.000163
102263.874,85481.886,152.941,3596.969,0.0460,0.000103
102264.873,85481.932,152.975,3597.969,0.0460,0.000066
102265.872,85481.978,153.010,3598.969,0.0460,0.000047
102266.871,85482.024,153.044,3599.969,0.0460,0.000029
102267.870,85482.070,153.078,3600.969,0.0460,0.000010
102268.869,85482.117,153.113,3601.969,0.0460,-0.000009
102269.868,85482.163,153.147,3602.969,0.0460,-0.000028
102270.867,85482.209,153.182,3603.969,0.0459,-0.000046
102271.865,85482.255,153.216,3604.969,0.0459,-0.000065
102272.864,85482.301,153.250,3605.969,0.0459,-0.000084
102273.863,85482.347,153.285,3606.969,0.0459,-0.000100
102274.862,85482.393,153.320,3607.969,0.0459,-0.000081
102275.861,85482.438,153.355,3608.969,0.0459,-0.000063
102276.860,85482.484,153.390,3609.969,0.0459,-0.000044
102277.859,85482.530,153.425,3610.969,0.0459,-0.000026
102278.858,85482.575,153.459,3611.969,0.0458,-0.000007
102279.857,85482.621,153.494,3612.969,0.0458,0.000012
102280.856,85482.667,153.529,3613.969,0.0458,0.000030
102281.855,85482.713,153.564,3614.969,0.0458,0.000049
102282.854,85482.758,153.599,3615.969,0.0458,0.000068
102283.853,85482.804,153.634,3616.969,0.0458,0.000070
102284.852,85482.850,153.670,3617.969,0.0458,0.000059
102285.851,85482.896,153.705,3618.969,0.0459,0.000048
102286.850,85482.942,153.740,3619.969,0.0459,0.000038
102287.849,85482.988,153.776,3620.969,0.0459,0.000027
102288.847,85483.034,153.811,3621.969,0.0459,0.000016
102289.846,85483.080,153.846,3622.969,0.0460,0.000005
102290.845,85483.126,153.882,3623.969,0.0460,-0.000005
102291.844,85483.172,153.917,3624.969,0.0460,-0.000016
102292.843,85483.218,153.952,3625.969,0.0460,-0.000028
102293.842,85483.263,153.988,3626.969,0.0459,-0.000056
102294.841,85483.309,154.023,3627.969,0.0457,-0.000083
102295.840,85483.354,154.059,3628.969,0.0455,-0.000111
102296.839,85483.400,154.094,3629.969,0.0454,-0.000139
102297.838,85483.445,154.130,3630.969,0.0452,-0.000167
102298.837,85483.491,154.166,3631.969,0.0451,-0.000194
102299.836,85483.536,154.201,3632.969,0.0449,-0.000222
102300.835,85483.582,154.237,3633.969,0.0447,-0.000250
102301.834,85483.627,154.272,3634.969,0.0446,-0.000278
102302.833,85483.672,154.308,3635.969,0.0444,-0.000253
102303.832,85483.716,154.343,3636.969,0.0442,-0.000186
102304.831,85483.761,154.379,3637.969,0.0444,-0.000098
102305.830,85483.805,154.415,3638.969,0.0445,-0.000009
102306.829,85483.849,154.450,3639.969,0.0447,0.000079
102307.828,85483.894,154.486,3640.969,0.0449,0.000167
102308.827,85483.938,154.521,3641.969,0.0450,0.000256
102309.826,85483.982,154.557,3642.969,0.0452,0.000344
102310.825,85484.027,154.593,3643.969,0.0453,0.000432
102311.824,85484.071,154.628,3644.969,0.0455,0.000509
102312.823,85484.117,154.664,3645.969,0.0455,0.000415
102313.822,85484.164,154.699,3646.969,0.0456,0.000322
102314.821,85484.211,154.734,3647.969,0.0457,0.000228
102315.820,85484.257,154.770,3648.969,0.0458,0.000134
102316.818,85484.304,154.805,3649.969,0.0458,0.000041
102317.817,85484.350,154.841,3650.969,0.0459,-0.000053
102318.816,85484.397,154.876,3651.969,0.0460,-0.000147
102319.815,85484.443,154.912,3652.969,0.0460,-0.000240
102320.814,85484.490,154.947,3653.969,0.0461,-0.000334
102321.813,85484.535,154.982,3654.969,0.0461,-0.000335
102322.812,85484.581,155.017,3655.969,0.0461,-0.000265
102323.811,85484.626,155.052,3656.969,0.0460,-0.000195
102324.810,85484.672,155.087,3657.969,0.0460,-0.000125
102325.809,85484.717,155.123,3658.969,0.0460,-0.000055
102326.808,85484.762,155.158,3659.969,0.0459,0.000015
102327.807,85484.808,155.193,3660.969,0.0459,0.000085
102328.806,85484.853,155.228,3661.969,0.0459,0.000155
102329.805,85484.899,155.263,3662.969,0.0458,0.000225
102330.804,85484.944,155.298,3663.969,0.0458,0.000285
102331.803,85484.990,155.333,3664.969,0.0459,0.000197
102332.802,85485.036,155.367,3665.969,0.0461,0.000109
102333.800,85485.082,155.402,3666.969,0.0462,0.000022
102334.799,85485.128,155.436,3667.969,0.0462,-0.000017
102335.798,85485.175,155.471,3668.969,0.0461,-0.000034
102336.797,85485.221,155.505,3669.969,0.0461,-0.000052
102337.796,85485.267,155.540,3670.969,0.0460,-0.000069
102338.795,85485.313,155.574,3671.969,0.0460,-0.000086
102339.794,85485.359,155.609,3672.969,0.0459,-0.000103
102340.793,85485.405,155.643,3673.969,0.0458,-0.000111
102341.792,85485.450,155.677,3674.969,0.0457,-0.000112
102342.791,85485.495,155.711,3675.969,0.0456,-0.000113
102343.790,85485.541,155.744,3676.968,0.0455,-0.000115
102344.789,85485.586,155.778,3677.968,0.0454,-0.000116
102345.788,85485.631,155.812,3678.968,0.0452,-0.000117
102346.787,85485.677,155.846,3679.968,0.0451,-0.000119
102347.786,85485.722,155.880,3680.968,0.0450,-0.000120
102348.785,85485.767,155.914,3681.968,0.0449,-0.000121
102349.784,85485.813,155.947,3682.968,0.0448,-0.000120
102350.783,85485.857,155.980,3683.968,0.0448,-0.000084
102351.782,85485.902,156.013,3684.968,0.0449,-0.000047
102352.781,85485.947,156.046,3685.968,0.0449,-0.000011
102353.780,85485.991,156.079,3686.968,0.0450,0.000025
102354.779,85486.036,156.112,3687.968,0.0450,0.000061
102355.778,85486.081,156.145,3688.968,0.0451,0.000097
102356.777,85486.126,156.178,3689.968,0.0451,0.000134
102357.776,85486.170,156.211,3690.968,0.0452,0.000170
102358.775,85486.215,156.244,3691.968,0.0452,0.000206
102359.774,85486.260,156.276,3692.968,0.0453,0.000209
102360.772,85486.306,156.308,3693.968,0.0454,0.000187
102361.771,85486.352,156.339,3694.968,0.0456,0.000165
102362.770,85486.398,156.371,3695.968,0.0457,0.000143
102363.769,85486.444,156.403,3696.968,0.0458,0.000121
102364.768,85486.490,156.435,3697.968,0.0459,0.000098
102365.767,85486.536,156.467,3698.968,0.0460,0.000076
102366.766,85486.582,156.499,3699.968,0.0461,0.000054
102367.765,85486.628,156.531,3700.968,0.0463,0.000032
102368.764,85486.674,156.562,3701.968,0.0464,0.000012
102369.763,85486.721,156.593,3702.968,0.0464,0.000023
102370.762,85486.767,156.624,3703.968,0.0465,0.000033
102371.761,85486.814,156.654,3704.968,0.0466,0.000044
102372.760,85486.860,156.685,3705.968,0.0466,0.000055
102373.759,85486.907,156.715,3706.968,0.0467,0.000066
102374.757,85486.954,156.746,3707.968,0.0467,0.000077
102375.756,85487.000,156.777,3708.968,0.0468,0.000087
102376.755,85487.047,156.807,3709.968,0.0469,0.000098
102377.754,85487.093,156.838,3710.968,0.0469,0.000109
102378.753,85487.140,156.868,3711.968,0.0469,0.000086
102379.752,85487.187,156.897,3712.968,0.0468,0.000037
102380.751,85487.233,156.927,3713.968,0.0466,-0.000012
102381.750,85487.280,156.956,3714.968,0.0465,-0.000062
102382.749,85487.327,156.985,3715.968,0.0464,-0.000111
102383.748,85487.373,157.015,3716.968,0.0462,-0.000160
102384.746,85487.420,157.044,3717.968,0.0461,-0.000209
102385.745,85487.467,157.073,3718.968,0.0460,-0.000258
102386.744,85487.514,157.102,3719.968,0.0459,-0.000307
102387.743,85487.560,157.132,3720.968,0.0457,-0.000344
102388.742,85487.606,157.160,3721.968,0.0456,-0.000211
102389.741,85487.651,157.188,3722.968,0.0454,-0.000077
102390.740,85487.697,157.215,3723.968,0.0453,-0.000003
102391.739,85487.742,157.243,3724.968,0.0454,0.000016
102392.738,85487.787,157.271,3725.968,0.0455,0.000034
102393.737,85487.833,157.299,3726.968,0.0455,0.000053
102394.736,85487.878,157.327,3727.968,0.0456,0.000071
102395.735,85487.924,157.355,3728.968,0.0456,0.000090
102396.734,85487.969,157.383,3729.968,0.0457,0.000108
102397.733,85488.015,157.410,3730.968,0.0457,0.000084
102398.732,85488.061,157.436,3731.968,0.0458,0.000027
102399.731,85488.106,157.463,3732.968,0.0458,-0.000023
102400.730,85488.152,157.489,3733.968,0.0458,-0.000013
102401.729,85488.198,157.516,3734.968,0.0459,-0.000004
102402.727,85488.244,157.542,3735.968,0.0459,0.000006
102403.726,85488.290,157.569,3736.968,0.0459,0.000016
102404.725,85488.335,157.595,3737.968,0.0459,0.000025
102405.724,85488.381,157.621,3738.968,0.0459,0.000035
102406.723,85488.427,157.648,3739.968,0.0459,0.000044
102407.722,85488.473,157.673,3740.968,0.0459,0.000046
102408.721,85488.519,157.698,3741.968,0.0460,0.000047
102409.720,85488.565,157.723,3742.968,0.0460,0.000049
102410.719,85488.611,157.748,3743.968,0.0461,0.000050
102411.718,85488.658,157.772,3744.968,0.0462,0.000052
102412.717,85488.704,157.797,3745.968,0.0462,0.000053
102413.716,85488.750,157.822,3746.968,0.0463,0.000055
102414.715,85488.796,157.847,3747.968,0.0463,0.000056
102415.714,85488.842,157.872,3748.968,0.0464,0.000058
102416.713,85488.888,157.896,3749.968,0.0463,0.000044
102417.711,85488.934,157.920,3750.968,0.0463,0.000020
102418.710,85488.981,157.943,3751.968,0.0462,-0.000005
102419.709,85489.027,157.966,3752.968,0.0462,-0.000030
102420.708,85489.073,157.990,3753.968,0.0461,-0.000055
102421.707,85489.120,158.013,3754.968,0.0461,-0.000079
102422.706,85489.166,158.037,3755.968,0.0460,-0.000104
102423.705,85489.212,158.060,3756.968,0.0459,-0.000129
102424.704,85489.258,158.084,3757.968,0.0459,-0.000154
102425.703,85489.305,158.107,3758.968,0.0458,-0.000177
102426.702,85489.350,158.129,3759.968,0.0456,-0.000174
102427.701,85489.395,158.151,3760.968,0.0455,-0.000172
102428.700,85489.440,158.173,3761.968,0.0453,-0.000169
102429.699,85489.485,158.195,3762.968,0.0451,-0.000167
102430.698,85489.530,158.216,3763.968,0.0450,-0.000165
102431.697,85489.575,158.238,3764.968,0.0448,-0.000162
102432.696,85489.620,158.260,3765.968,0.0447,-0.000160
102433.695,85489.665,158.282,3766.968,0.0445,-0.000158
102434.694,85489.710,158.304,3767.968,0.0443,-0.000155
102435.693,85489.754,158.325,3768.968,0.0443,-0.000120
102436.692,85489.799,158.346,3769.968,0.0445,-0.000059
102437.691,85489.843,158.366,3770.968,0.0446,0.000002
102438.690,85489.888,158.387,3771.968,0.0447,0.000063
102439.689,85489.932,158.407,3772.968,0.0449,0.000124
102440.688,85489.976,158.427,3773.968,0.0450,0.000185
102441.687,85490.021,158.448,3774.968,0.0451,0.000246
102442.686,85490.065,158.468,3775.968,0.0453,0.000307
102443.685,85490.110,158.489,3776.968,0.0454,0.000368
102444.684,85490.154,158.509,3777.968,0.0455,0.000421
102445.683,85490.201,158.528,3778.968,0.0456,0.000353
102446.681,85490.247,158.547,3779.968,0.0458,0.000286
102447.680,85490.294,158.566,3780.968,0.0459,0.000219
102448.679,85490.340,158.585,3781.968,0.0460,0.000151
102449.678,85490.387,158.604,3782.968,0.0461,0.000084
102450.677,85490.433,158.623,3783.968,0.0462,0.000016
102451.676,85490.480,158.642,3784.968,0.0463,-0.000051
102452.675,85490.526,158.661,3785.968,0.0464,-0.000119
102453.674,85490.573,158.680,3786.968,0.0465,-0.000186
102454.673,85490.619,158.698,3787.968,0.0465,-0.000200
102455.672,85490.665,158.716,3788.968,0.0464,-0.000171
102456.671,85490.711,158.733,3789.968,0.0463,-0.000143
102457.670,85490.757,158.751,3790.968,0.0462,-0.000115
102458.669,85490.803,158.768,3791.968,0.0462,-0.000087
102459.667,85490.849,158.786,3792.968,0.0461,-0.000058
102460.666,85490.895,158.803,3793.968,0.0460,-0.000030
102461.665,85490.940,158.821,3794.968,0.0459,-0.000002
102462.664,85490.986,158.838,3795.968,0.0458,0.000027
102463.663,85491.032,158.856,3796.968,0.0458,0.000051
102464.662,85491.078,158.872,3797.968,0.0456,0.000018
102465.661,85491.123,158.888,3798.968,0.0455,-0.000015
102466.660,85491.169,158.904,3799.968,0.0454,-0.000048
102467.659,85491.214,158.920,3800.968,0.0453,-0.000081
102468.658,85491.260,158.936,3801.968,0.0452,-0.000114
102469.657,85491.305,158.953,3802.968,0.0451,-0.000147
102470.656,85491.351,158.969,3803.968,0.0450,-0.000180
102471.655,85491.396,158.985,3804.968,0.0449,-0.000213
102472.654,85491.442,159.001,3805.968,0.0448,-0.000246
102473.653,85491.487,159.016,3806.968,0.0449,-0.000213
102474.652,85491.532,159.031,3807.968,0.0450,-0.000129
102475.651,85491.576,159.046,3808.968,0.0451,-0.000046
102476.650,85491.621,159.061,3809.968,0.0453,0.000038
102477.649,85491.666,159.076,3810.967,0.0454,0.000122
102478.648,85491.711,159.090,3811.967,0.0455,0.000205
102479.647,85491.756,159.105,3812.967,0.0457,0.000289
102480.646,85491.800,159.120,3813.967,0.0458,0.000372
102481.645,85491.845,159.135,3814.967,0.0460,0.000456
102482.644,85491.890,159.150,3815.967,0.0461,0.000528
102483.643,85491.937,159.163,3816.967,0.0462,0.000434
102484.641,85491.984,159.177,3817.967,0.0463,0.000340
102485.640,85492.032,159.190,3818.967,0.0463,0.000246
102486.639,85492.079,159.204,3819.967,0.0464,0.000152
102487.638,85492.126,159.218,3820.967,0.0465,0.000057
102488.637,85492.173,159.231,3821.967,0.0466,-0.000037
102489.636,85492.220,159.245,3822.967,0.0467,-0.000131
102490.635,85492.268,159.258,3823.967,0.0467,-0.000225
102491.634,85492.315,159.272,3824.967,0.0468,-0.000319
102492.633,85492.361,159.285,3825.967,0.0468,-0.000304
102493.631,85492.408,159.298,3826.967,0.0467,-0.000204
102494.630,85492.454,159.310,3827.967,0.0467,-0.000104
102495.629,85492.500,159.323,3828.967,0.0466,-0.000004
102496.628,85492.547,159.335,3829.967,0.0465,0.000096
102497.627,85492.593,159.348,3830.967,0.0464,0.000167
102498.626,85492.640,159.360,3831.967,0.0463,-0.000004
102499.625,85492.686,159.373,3832.967,0.0461,-0.000176
102500.624,85492.732,159.386,3833.967,0.0459,-0.000348
102501.623,85492.778,159.398,3834.967,0.0458,-0.000503
102502.622,85492.823,159.410,3835.967,0.0457,-0.000421
102503.621,85492.867,159.422,3836.967,0.0455,-0.000338
102504.620,85492.912,159.434,3837.967,0.0454,-0.000255
102505.619,85492.957,159.445,3838.967,0.0453,-0.000173
102506.618,85493.001,159.457,3839.967,0.0452,-0.000090
102507.617,85493.046,159.469,3840.967,0.0450,-0.000008
102508.616,85493.090,159.481,3841.967,0.0449,0.000075
102509.615,85493.135,159.493,3842.967,0.0448,0.000158
102510.614,85493.179,159.504,3843.967,0.0447,0.000240
102511.613,85493.224,159.516,3844.967,0.0447,0.000258
102512.612,85493.270,159.527,3845.967,0.0448,0.000225
102513.611,85493.315,159.539,3846.967,0.0449,0.000192
102514.610,85493.360,159.550,3847.967,0.0450,0.000159
102515.609,85493.406,159.561,3848.967,0.0452,0.000125
102516.608,85493.451,159.572,3849.967,0.0453,0.000092
102517.607,85493.497,159.584,3850.967,0.0454,0.000059
102518.605,85493.542,159.595,3851.967,0.0455,0.000026
102519.604,85493.588,159.606,3852.967,0.0456,-0.000007
102520.603,85493.633,159.617,3853.967,0.0457,-0.000038
102521.602,85493.678,159.628,3854.967,0.0457,-0.000049
102522.601,85493.724,159.639,3855.967,0.0456,-0.000059
102523.600,85493.769,159.650,3856.967,0.0455,-0.000069
102524.599,85493.815,159.661,3857.967,0.0454,-0.000080
102525.598,85493.860,159.672,3858.967,0.0453,-0.000090
102526.597,85493.905,159.683,3859.967,0.0452,-0.000100
102527.596,85493.951,159.694,3860.967,0.0451,-0.000110
102528.595,85493.996,159.705,3861.967,0.0450,-0.000121
102529.594,85494.042,159.716,3862.967,0.0450,-0.000131
102530.593,85494.087,159.727,3863.967,0.0450,-0.000111
102531.592,85494.132,159.738,3864.967,0.0450,-0.000068
102532.591,85494.176,159.749,3865.967,0.0451,-0.000025
102533.590,85494.221,159.759,3866.967,0.0452,0.000018
102534.589,85494.266,159.770,3867.967,0.0452,0.000061
102535.588,85494.311,159.781,3868.967,0.0453,0.000105
102536.587,85494.356,159.792,3869.967,0.0454,0.000148
102537.586,85494.401,159.802,3870.967,0.0454,0.000191
102538.585,85494.446,159.813,3871.967,0.0455,0.000234
102539.584,85494.491,159.824,3872.967,0.0456,0.000271
102540.583,85494.537,159.834,3873.967,0.0456,0.000212
102541.582,85494.583,159.845,3874.967,0.0456,0.000153
102542.581,85494.629,159.856,3875.967,0.0456,0.000095
102543.580,85494.675,159.866,3876.967,0.0456,0.000036
102544.579,85494.721,159.877,3877.967,0.0456,-0.000022
102545.577,85494.767,159.887,3878.967,0.0456,-0.000081
102546.576,85494.813,159.898,3879.967,0.0456,-0.000140
102547.575,85494.859,159.909,3880.967,0.0455,-0.000198
102548.574,85494.905,159.919,3881.967,0.0455,-0.000257
102549.573,85494.950,159.930,3882.967,0.0455,-0.000253
102550.572,85494.995,159.940,3883.967,0.0455,-0.000200
102551.571,85495.040,159.950,3884.967,0.0455,-0.000148
102552.570,85495.085,159.961,3885.967,0.0454,-0.000096
102553.569,85495.130,159.971,3886.967,0.0454,-0.000043
102554.568,85495.175,159.981,3887.967,0.0454,0.000009
102555.567,85495.220,159.992,3888.967,0.0453,0.000062
102556.566,85495.265,160.002,3889.967,0.0453,0.000114
102557.565,85495.310,160.012,3890.967,0.0453,0.000167
102558.564,85495.355,160.023,3891.967,0.0452,0.000213
102559.563,85495.401,160.033,3892.967,0.0453,0.000178
102560.562,85495.446,160.043,3893.967,0.0453,0.000142
102561.561,85495.492,160.053,3894.967,0.0454,0.000107
102562.560,85495.538,160.063,3895.967,0.0454,0.000071
102563.559,85495.583,160.073,3896.967,0.0455,0.000036
102564.558,85495.629,160.083,3897.967,0.0455,-0.000000
102565.557,85495.675,160.093,3898.967,0.0456,-0.000036
102566.556,85495.721,160.103,3899.967,0.0456,-0.000071
102567.555,85495.766,160.113,3900.967,0.0456,-0.000107
102568.554,85495.812,160.123,3901.967,0.0457,-0.000108
102569.553,85495.857,160.132,3902.967,0.0457,-0.000083
102570.551,85495.903,160.142,3903.967,0.0457,-0.000058
102571.550,85495.948,160.152,3904.967,0.0457,-0.000032
102572.549,85495.994,160.161,3905.967,0.0457,-0.000007
102573.548,85496.039,160.171,3906.967,0.0457,0.000018
102574.547,85496.085,160.181,3907.967,0.0457,0.000043
102575.546,85496.130,160.190,3908.967,0.0457,0.000068
102576.545,85496.175,160.200,3909.967,0.0456,0.000094
102577.544,85496.221,160.210,3910.967,0.0456,0.000115
102578.543,85496.267,160.219,3911.967,0.0456,0.000088
102579.542,85496.312,160.228,3912.967,0.0456,0.000061
102580.541,85496.358,160.238,3913.967,0.0456,0.000034
102581.540,85496.404,160.247,3914.967,0.0456,0.000007
102582.539,85496.450,160.256,3915.967,0.0456,-0.000020
102583.538,85496.496,160.266,3916.967,0.0456,-0.000046
102584.537,85496.541,160.275,3917.967,0.0456,-0.000073
102585.536,85496.587,160.284,3918.967,0.0455,-0.000100
102586.535,85496.633,160.294,3919.967,0.0455,-0.000127
102587.534,85496.678,160.303,3920.967,0.0455,-0.000121
102588.533,85496.724,160.312,3921.967,0.0455,-0.000088
102589.532,85496.769,160.321,3922.967,0.0454,-0.000055
102590.531,85496.814,160.330,3923.967,0.0454,-0.000022
102591.530,85496.860,160.339,3924.967,0.0454,0.000011
102592.528,85496.905,160.348,3925.967,0.0453,0.000044
102593.527,85496.950,160.357,3926.967,0.0453,0.000027
102594.526,85496.995,160.366,3927.967,0.0453,-0.000029
102595.525,85497.041,160.375,3928.967,0.0452,-0.000085
102596.524,85497.086,160.384,3929.967,0.0452,-0.000134
102597.523,85497.131,160.392,3930.967,0.0453,-0.000082
102598.522,85497.177,160.401,3931.967,0.0454,-0.000031
102599.521,85497.222,160.410,3932.967,0.0455,0.000021
102600.520,85497.267,160.419,3933.967,0.0456,0.000072
102601.519,85497.312,160.427,3934.967,0.0457,0.000123
102602.518,85497.358,160.436,3935.967,0.0458,0.000175
102603.517,85497.403,160.445,3936.967,0.0459,0.000226
102604.516,85497.448,160.453,3937.967,0.0460,0.000277
102605.515,85497.493,160.462,3938.967,0.0461,0.000329
102606.514,85497.539,160.471,3939.967,0.0461,0.000302
102607.513,85497.586,160.479,3940.967,0.0461,0.000215
102608.512,85497.632,160.488,3941.967,0.0460,0.000128
102609.511,85497.679,160.496,3942.967,0.0459,0.000041
102610.510,85497.725,160.504,3943.967,0.0459,-0.000045
102611.509,85497.772,160.513,3944.966,0.0458,-0.000132
102612.507,85497.818,160.521,3945.966,0.0458,-0.000219
102613.506,85497.865,160.530,3946.966,0.0457,-0.000306
102614.505,85497.911,160.538,3947.966,0.0456,-0.000393
102615.504,85497.958,160.547,3948.966,0.0456,-0.000468
102616.503,85498.003,160.555,3949.966,0.0456,-0.000362
102617.502,85498.048,160.563,3950.966,0.0456,-0.000257
102618.501,85498.092,160.571,3951.966,0.0457,-0.000151
102619.500,85498.137,160.579,3952.966,0.0457,-0.000046
102620.499,85498.182,160.588,3953.966,0.0457,0.000060
102621.498,85498.227,160.596,3954.966,0.0457,0.000165
102622.497,85498.272,160.604,3955.966,0.0458,0.000271
102623.496,85498.317,160.612,3956.966,0.0458,0.000377
102624.495,85498.362,160.620,3957.966,0.0458,0.000482
102625.494,85498.408,160.629,3958.966,0.0460,0.000471
102626.493,85498.454,160.636,3959.966,0.0462,0.000369
102627.492,85498.501,160.644,3960.966,0.0464,0.000268
102628.491,85498.548,160.652,3961.966,0.0466,0.000166
102629.490,85498.595,160.660,3962.966,0.0468,0.000065
102630.488,85498.642,160.668,3963.966,0.0470,-0.000037
102631.487,85498.688,160.676,3964.966,0.0470,-0.000142
102632.486,85498.735,160.684,3965.966,0.0468,-0.000250
102633.485,85498.782,160.692,3966.966,0.0465,-0.000359
102634.484,85498.829,160.700,3967.966,0.0463,-0.000455
102635.483,85498.874,160.708,3968.966,0.0462,-0.000377
102636.482,85498.919,160.716,3969.966,0.0461,-0.000298
102637.481,85498.964,160.724,3970.966,0.0460,-0.000219
102638.480,85499.010,160.731,3971.966,0.0459,-0.000140
102639.479,85499.055,160.739,3972.966,0.0458,-0.000061
102640.478,85499.100,160.747,3973.966,0.0457,0.000018
102641.477,85499.145,160.755,3974.966,0.0456,0.000096
102642.476,85499.190,160.763,3975.966,0.0455,0.000175
102643.475,85499.236,160.771,3976.966,0.0454,0.000254
102644.474,85499.281,160.778,3977.966,0.0454,0.000247
102645.473,85499.327,160.786,3978.966,0.0453,0.000174
102646.472,85499.372,160.794,3979.966,0.0453,0.000101
102647.471,85499.418,160.802,3980.966,0.0452,0.000027
102648.470,85499.464,160.809,3981.966,0.0451,-0.000046
102649.469,85499.509,160.817,3982.966,0.0451,-0.000119
102650.467,85499.555,160.825,3983.966,0.0450,-0.000192
102651.466,85499.601,160.833,3984.966,0.0450,-0.000266
102652.465,85499.646,160.840,3985.966,0.0449,-0.000339
102653.464,85499.692,160.848,3986.966,0.0448,-0.000402
102654.463,85499.736,160.856,3987.966,0.0448,-0.000320
102655.462,85499.780,160.864,3988.966,0.0448,-0.000238
102656.461,85499.824,160.871,3989.966,0.0448,-0.000155
102657.460,85499.869,160.879,3990.966,0.0448,-0.000073
102658.459,85499.913,160.887,3991.966,0.0448,0.000010
102659.458,85499.957,160.895,3992.966,0.0448,0.000092
102660.457,85500.001,160.902,3993.966,0.0447,0.000174
102661.456,85500.045,160.910,3994.966,0.0447,0.000257
102662.455,85500.089,160.918,3995.966,0.0447,0.000339
102663.454,85500.134,160.926,3996.966,0.0447,0.000342
102664.453,85500.180,160.934,3997.966,0.0448,0.000282
102665.452,85500.225,160.942,3998.966,0.0449,0.000223
102666.451,85500.271,160.949,3999.966,0.0450,0.000163
102667.450,85500.316,160.957,4000.966,0.0451,0.000104
102668.449,85500.362,160.965,4001.966,0.0452,0.000044
102669.448,85500.408,160.973,4002.966,0.0453,-0.000015
102670.447,85500.453,160.981,4003.966,0.0454,-0.000075
102671.446,85500.499,160.989,4004.966,0.0455,-0.000134
102672.445,85500.544,160.997,4005.966,0.0456,-0.000188
102673.444,85500.589,161.005,4006.966,0.0455,-0.000158
102674.443,85500.634,161.013,4007.966,0.0455,-0.000129
102675.442,85500.680,161.021,4008.966,0.0454,-0.000099
102676.441,85500.725,161.029,4009.966,0.0454,-0.000069
102677.440,85500.770,161.037,4010.966,0.0454,-0.000040
102678.439,85500.815,161.045,4011.966,0.0453,-0.000010
102679.438,85500.860,161.053,4012.966,0.0453,0.000020
102680.437,85500.905,161.061,4013.966,0.0452,0.000049
102681.436,85500.950,161.069,4014.966,0.0452,0.000079
102682.435,85500.995,161.077,4015.966,0.0452,0.000085
102683.434,85501.041,161.086,4016.966,0.0452,0.000073
102684.433,85501.086,161.094,4017.966,0.0452,0.000060
102685.432,85501.131,161.102,4018.966,0.0452,0.000048
102686.431,85501.177,161.111,4019.966,0.0452,0.000036
102687.430,85501.222,161.119,4020.966,0.0452,0.000024
102688.429,85501.267,161.127,4021.966,0.0452,0.000065
102689.428,85501.312,161.135,4022.966,0.0455,0.000560
102690.426,85501.359,161.144,4023.966,0.0458,0.000701
102691.425,85501.407,161.152,4024.966,0.0460,0.000567
102692.424,85501.455,161.161,4025.966,0.0462,0.000433
102693.423,85501.502,161.170,4026.966,0.0464,0.000299
102694.422,85501.550,161.178,4027.966,0.0466,0.000166
102695.421,85501.598,161.187,4028.966,0.0468,0.000032
102696.420,85501.646,161.195,4029.966,0.0470,-0.000102
102697.418,85501.694,161.204,4030.966,0.0472,-0.000236
102698.417,85501.741,161.212,4031.966,0.0474,-0.000370
102699.416,85501.789,161.221,4032.966,0.0476,-0.000492
102700.415,85501.835,161.230,4033.966,0.0474,-0.000433
102701.414,85501.881,161.239,4034.966,0.0472,-0.000374
102702.413,85501.927,161.248,4035.966,0.0470,-0.000315
102703.412,85501.974,161.256,4036.966,0.0467,-0.000256
102704.411,85502.020,161.265,4037.966,0.0465,-0.000197
102705.410,85502.066,161.274,4038.966,0.0463,-0.000138
102706.409,85502.112,161.283,4039.966,0.0461,-0.000079
102707.408,85502.158,161.292,4040.966,0.0459,-0.000020
102708.406,85502.204,161.301,4041.966,0.0456,0.000039
102709.405,85502.250,161.310,4042.966,0.0456,0.000063
102710.404,85502.296,161.319,4043.966,0.0456,0.000061
102711.403,85502.342,161.328,4044.966,0.0457,0.000058
102712.402,85502.388,161.338,4045.966,0.0457,0.000055
102713.401,85502.433,161.347,4046.966,0.0458,0.000052
102714.400,85502.479,161.356,4047.966,0.0458,0.000050
102715.399,85502.525,161.365,4048.966,0.0459,0.000047
102716.398,85502.571,161.375,4049.966,0.0460,0.000044
102717.397,85502.617,161.384,4050.966,0.0460,0.000041
102718.396,85502.662,161.393,4051.966,0.0461,0.000039
102719.395,85502.709,161.403,4052.966,0.0461,0.000047
102720.394,85502.755,161.412,4053.966,0.0462,0.000055
102721.393,85502.801,161.422,4054.966,0.0463,0.000062
102722.392,85502.848,161.432,4055.966,0.0464,0.000070
102723.390,85502.894,161.441,4056.966,0.0464,0.000078
102724.389,85502.940,161.451,4057.966,0.0465,0.000086
102725.388,85502.987,161.460,4058.966,0.0466,0.000093
102726.387,85503.033,161.470,4059.966,0.0467,0.000101
102727.386,85503.079,161.479,4060.966,0.0467,0.000109
102728.385,85503.126,161.489,4061.966,0.0467,0.000091
102729.384,85503.173,161.499,4062.966,0.0467,0.000054
102730.383,85503.219,161.509,4063.966,0.0466,0.000016
102731.382,85503.266,161.519,4064.966,0.0465,-0.000022
102732.381,85503.313,161.529,4065.966,0.0465,-0.000059
102733.380,85503.360,161.539,4066.966,0.0464,-0.000097
102734.378,85503.406,161.549,4067.966,0.0463,-0.000134
102735.377,85503.453,161.559,4068.966,0.0463,-0.000172
102736.376,85503.500,161.569,4069.966,0.0462,-0.000210
102737.375,85503.546,161.578,4070.966,0.0461,-0.000243
102738.374,85503.592,161.589,4071.966,0.0460,-0.000211
102739.373,85503.637,161.599,4072.966,0.0460,-0.000178
102740.372,85503.683,161.609,4073.966,0.0459,-0.000146
102741.371,85503.728,161.619,4074.966,0.0458,-0.000114
102742.370,85503.774,161.629,4075.966,0.0457,-0.000082
102743.369,85503.819,161.640,4076.966,0.0456,-0.000049
102744.368,85503.864,161.650,4077.966,0.0455,-0.000017
102745.367,85503.910,161.660,4078.965,0.0454,0.000015
102746.366,85503.955,161.670,4079.965,0.0453,0.000048
102747.365,85504.001,161.680,4080.965,0.0453,0.000056
102748.364,85504.046,161.691,4081.965,0.0453,0.000045
102749.363,85504.092,161.701,4082.965,0.0453,0.000035
102750.362,85504.137,161.711,4083.965,0.0453,0.000024
102751.361,85504.182,161.722,4084.965,0.0453,0.000014
102752.360,85504.228,161.732,4085.965,0.0453,0.000004
102753.359,85504.273,161.743,4086.965,0.0453,-0.000007
102754.357,85504.319,161.753,4087.965,0.0454,-0.000017
102755.356,85504.364,161.763,4088.965,0.0454,-0.000028
102756.355,85504.409,161.774,4089.965,0.0454,-0.000035
102757.354,85504.455,161.784,4090.965,0.0455,0.000005
102758.353,85504.501,161.795,4091.965,0.0457,0.000044
102759.352,85504.547,161.805,4092.965,0.0458,0.000084
102760.351,85504.592,161.815,4093.965,0.0460,0.000124
102761.350,85504.638,161.826,4094.965,0.0462,0.000164
102762.349,85504.684,161.836,4095.965,0.0463,0.000203
102763.348,85504.730,161.847,4096.965,0.0465,0.000243
102764.347,85504.776,161.857,4097.965,0.0466,0.000283
102765.346,85504.821,161.868,4098.965,0.0468,0.000322
102766.345,85504.868,161.878,4099.965,0.0468,0.000298
102767.344,85504.915,161.888,4100.965,0.0468,0.000223
102768.343,85504.963,161.899,4101.965,0.0468,0.000148
102769.341,85505.010,161.909,4102.965,0.0468,0.000073
102770.340,85505.057,161.920,4103.965,0.0467,-0.000001
102771.339,85505.105,161.930,4104.965,0.0467,-0.000076
102772.338,85505.152,161.940,4105.965,0.0467,-0.000151
102773.337,85505.199,161.951,4106.965,0.0467,-0.000226
102774.336,85505.246,161.961,4107.965,0.0467,-0.000300
102775.335,85505.294,161.971,4108.965,0.0467,-0.000366
102776.334,85505.340,161.982,4109.965,0.0465,-0.000297
102777.333,85505.385,161.992,4110.965,0.0464,-0.000228
102778.331,85505.431,162.002,4111.965,0.0463,-0.000159
102779.330,85505.477,162.012,4112.965,0.0462,-0.000091
102780.329,85505.523,162.022,4113.965,0.0460,-0.000022
102781.328,85505.569,162.032,4114.965,0.0459,0.000047
102782.327,85505.615,162.042,4115.965,0.0458,0.000114
102783.326,85505.661,162.052,4116.965,0.0459,0.000105
102784.325,85505.707,162.063,4117.965,0.0460,0.000096
102785.324,85505.753,162.073,4118.965,0.0461,0.000094
102786.323,85505.800,162.082,4119.965,0.0462,0.000099
102787.322,85505.846,162.092,4120.965,0.0463,0.000103
102788.321,85505.893,162.102,4121.965,0.0464,0.000107
102789.320,85505.939,162.112,4122.965,0.0465,0.000111
102790.319,85505.986,162.121,4123.965,0.0466,0.000116
102791.318,85506.032,162.131,4124.965,0.0467,0.000120
102792.316,85506.079,162.141,4125.965,0.0469,0.000124
102793.315,85506.125,162.151,4126.965,0.0470,0.000128
102794.314,85506.172,162.160,4127.965,0.0471,0.000131
102795.313,85506.219,162.170,4128.965,0.0471,0.000116
102796.312,85506.267,162.179,4129.965,0.0472,0.000101
102797.311,85506.314,162.188,4130.965,0.0473,0.000085
102798.310,85506.361,162.197,4131.965,0.0473,0.000070
102799.309,85506.409,162.207,4132.965,0.0474,0.000055
102800.307,85506.456,162.216,4133.965,0.0474,0.000039
102801.306,85506.504,162.225,4134.965,0.0475,0.000024
102802.305,85506.551,162.234,4135.965,0.0475,0.000009
102803.304,85506.599,162.244,4136.965,0.0476,-0.000007
102804.303,85506.646,162.253,4137.965,0.0476,-0.000027
102805.302,85506.693,162.261,4138.965,0.0474,-0.000053
102806.301,85506.740,162.270,4139.965,0.0473,-0.000078
102807.300,85506.788,162.279,4140.965,0.0472,-0.000103
102808.298,85506.835,162.287,4141.965,0.0470,-0.000128
102809.297,85506.882,162.296,4142.965,0.0469,-0.000153
102810.296,85506.929,162.305,4143.965,0.0468,-0.000178
102811.295,85506.976,162.314,4144.965,0.0466,-0.000204
102812.294,85507.023,162.322,4145.965,0.0465,-0.000229
102813.293,85507.070,162.331,4146.965,0.0464,-0.000250
102814.292,85507.116,162.339,4147.965,0.0463,-0.000219
102815.291,85507.162,162.347,4148.965,0.0462,-0.000188
102816.290,85507.207,162.355,4149.965,0.0461,-0.000157
102817.289,85507.253,162.363,4150.965,0.0459,-0.000126
102818.288,85507.299,162.372,4151.965,0.0458,-0.000095
102819.287,85507.344,162.380,4152.965,0.0457,-0.000064
102820.285,85507.390,162.388,4153.965,0.0456,-0.000032
102821.284,85507.435,162.396,4154.965,0.0455,-0.000001
102822.283,85507.481,162.404,4155.965,0.0454,0.000030
102823.282,85507.527,162.412,4156.965,0.0454,0.000044
102824.281,85507.572,162.419,4157.965,0.0455,0.000044
102825.280,85507.618,162.427,4158.965,0.0455,0.000044
102826.279,85507.663,162.434,4159.965,0.0455,0.000045
102827.278,85507.709,162.442,4160.965,0.0456,0.000045
102828.277,85507.755,162.449,4161.965,0.0456,0.000045
102829.276,85507.800,162.457,4162.965,0.0457,0.000046
102830.275,85507.846,162.465,4163.965,0.0457,0.000046
102831.274,85507.891,162.472,4164.965,0.0458,0.000046
102832.273,85507.937,162.480,4165.965,0.0458,0.000046
102833.272,85507.983,162.486,4166.965,0.0458,0.000035
102834.271,85508.029,162.493,4167.965,0.0458,0.000023
102835.270,85508.075,162.500,4168.965,0.0458,0.000012
102836.269,85508.120,162.507,4169.965,0.0458,0.000001
102837.268,85508.166,162.514,4170.965,0.0459,-0.000010
102838.267,85508.212,162.521,4171.965,0.0459,-0.000021
102839.266,85508.258,162.528,4172.965,0.0459,-0.000015
102840.264,85508.304,162.535,4173.965,0.0459,0.000019
102841.263,85508.350,162.542,4174.965,0.0459,0.000053
102842.262,85508.396,162.548,4175.965,0.0462,0.000123
102843.261,85508.443,162.554,4176.965,0.0466,0.000221
102844.260,85508.490,162.561,4177.965,0.0471,0.000320
102845.259,85508.538,162.567,4178.965,0.0475,0.000419
102846.258,85508.585,162.573,4179.965,0.0479,0.000517
102847.257,85508.632,162.580,4180.965,0.0484,0.000616
102848.256,85508.679,162.586,4181.965,0.0488,0.000714
102849.254,85508.726,162.592,4182.965,0.0492,0.000800
102850.253,85508.777,162.598,4183.965,0.0495,0.000686
102851.252,85508.829,162.604,4184.965,0.0498,0.000572
102852.250,85508.880,162.609,4185.965,0.0500,0.000458
102853.249,85508.931,162.615,4186.965,0.0503,0.000344
102854.248,85508.983,162.621,4187.965,0.0506,0.000230
102855.247,85509.034,162.626,4188.965,0.0508,0.000116
102856.245,85509.085,162.632,4189.965,0.0511,0.000002
102857.244,85509.137,162.638,4190.965,0.0514,-0.000112
102858.243,85509.188,162.643,4191.965,0.0516,-0.000226
102859.241,85509.239,162.648,4192.965,0.0516,-0.000273
102860.240,85509.289,162.653,4193.965,0.0514,-0.000268
102861.239,85509.340,162.658,4194.965,0.0511,-0.000262
102862.237,85509.390,162.663,4195.965,0.0509,-0.000256
102863.236,85509.441,162.668,4196.965,0.0506,-0.000251
102864.235,85509.491,162.673,4197.965,0.0504,-0.000245
102865.234,85509.542,162.678,4198.965,0.0501,-0.000240
102866.232,85509.592,162.683,4199.965,0.0499,-0.000234
102867.231,85509.643,162.688,4200.965,0.0496,-0.000229
102868.230,85509.693,162.693,4201.965,0.0494,-0.000219
102869.228,85509.743,162.698,4202.965,0.0495,-0.000143
102870.227,85509.792,162.702,4203.965,0.0496,-0.000067
102871.226,85509.842,162.706,4204.965,0.0498,0.000009
102872.225,85509.891,162.711,4205.965,0.0499,0.000085
102873.224,85509.940,162.715,4206.965,0.0501,0.000161
102874.222,85509.990,162.719,4207.965,0.0502,0.000237
102875.221,85510.039,162.724,4208.965,0.0503,0.000313
102876.220,85510.089,162.728,4209.965,0.0505,0.000389
102877.219,85510.138,162.732,4210.965,0.0506,0.000465
102878.217,85510.189,162.736,4211.965,0.0508,0.000469
102879.216,85510.241,162.740,4212.964,0.0511,0.000417
102880.215,85510.293,162.744,4213.964,0.0514,0.000366
102881.213,85510.345,162.748,4214.964,0.0517,0.000314
102882.212,85510.398,162.752,4215.964,0.0519,0.000263
102883.210,85510.450,162.756,4216.964,0.0522,0.000211
102884.209,85510.502,162.760,4217.964,0.0525,0.000160
102885.208,85510.554,162.764,4218.964,0.0528,0.000108
102886.206,85510.606,162.767,4219.964,0.0530,0.000059
102887.205,85510.659,162.771,4220.964,0.0531,0.000053
102888.204,85510.713,162.775,4221.964,0.0531,0.000048
102889.202,85510.766,162.778,4222.964,0.0531,0.000042
102890.201,85510.819,162.782,4223.964,0.0532,0.000036
102891.199,85510.872,162.785,4224.964,0.0532,0.000030
102892.198,85510.926,162.789,4225.964,0.0532,0.000024
102893.196,85510.979,162.792,4226.964,0.0533,0.000018
102894.195,85511.032,162.796,4227.964,0.0533,0.000012
102895.194,85511.085,162.800,4228.964,0.0533,0.000006
102896.192,85511.137,162.803,4229.964,0.0530,-0.000071
102897.191,85511.189,162.807,4230.964,0.0524,-0.000203
102898.190,85511.241,162.810,4231.964,0.0518,-0.000336
102899.188,85511.292,162.814,4232.964,0.0512,-0.000468
102900.187,85511.344,162.817,4233.964,0.0506,-0.000601
102901.185,85511.395,162.820,4234.964,0.0500,-0.000733
102902.184,85511.447,162.824,4235.964,0.0494,-0.000865
102903.183,85511.498,162.827,4236.964,0.0488,-0.000998
102904.181,85511.550,162.831,4237.964,0.0482,-0.001130
102905.180,85511.598,162.834,4238.964,0.0478,-0.001077
102906.179,85511.644,162.838,4239.964,0.0475,-0.000878
102907.178,85511.689,162.842,4240.964,0.0471,-0.000680
102908.177,85511.734,162.845,4241.964,0.0468,-0.000481
102909.176,85511.780,162.849,4242.964,0.0465,-0.000282
102910.175,85511.825,162.852,4243.964,0.0461,-0.000084
102911.174,85511.871,162.856,4244.964,0.0458,0.000115
102912.173,85511.916,162.859,4245.964,0.0455,0.000314
102913.172,85511.962,162.863,4246.964,0.0454,0.000249
102914.171,85512.008,162.867,4247.964,0.0457,0.000190
102915.170,85512.054,162.871,4248.964,0.0461,0.000255
102916.169,85512.101,162.874,4249.964,0.0465,0.000320
102917.168,85512.148,162.878,4250.964,0.0469,0.000384
102918.167,85512.194,162.882,4251.964,0.0472,0.000449
102919.165,85512.241,162.886,4252.964,0.0476,0.000514
102920.164,85512.288,162.890,4253.964,0.0480,0.000579
102921.163,85512.334,162.894,4254.964,0.0484,0.000643
102922.162,85512.381,162.898,4255.964,0.0488,0.000711
102923.161,85512.433,162.902,4256.964,0.0498,0.000825
102924.159,85512.484,162.906,4257.964,0.0508,0.000939
102925.158,85512.536,162.910,4258.964,0.0519,0.001053
102926.157,85512.587,162.914,4259.964,0.0529,0.001167
102927.155,85512.639,162.918,4260.964,0.0539,0.001281
102928.154,85512.690,162.923,4261.964,0.0550,0.001411
102929.152,85512.749,162.927,4262.964,0.0572,0.001791
102930.151,85512.808,162.931,4263.964,0.0593,0.002171
102931.149,85512.866,162.936,4264.964,0.0615,0.002551
102932.147,85512.925,162.940,4265.964,0.0636,0.002875
102933.145,85512.993,162.945,4266.964,0.0655,0.002333
102934.143,85513.061,162.949,4267.964,0.0673,0.001791
102935.140,85513.129,162.954,4268.964,0.0692,0.001250
102936.138,85513.198,162.959,4269.964,0.0710,0.000741
102937.135,85513.272,162.964,4270.964,0.0717,0.000746
102938.132,85513.346,162.969,4271.964,0.0724,0.000750
102939.130,85513.420,162.974,4272.964,0.0732,0.000754
102940.127,85513.495,162.979,4273.964,0.0739,0.000758
102941.124,85513.569,162.983,4274.964,0.0747,0.000762
102942.121,85513.643,162.988,4275.964,0.0754,0.000766
102943.118,85513.717,162.993,4276.964,0.0761,0.000771
102944.116,85513.792,162.998,4277.964,0.0769,0.000775
102945.113,85513.866,163.003,4278.964,0.0776,0.000779
102946.110,85513.943,163.009,4279.964,0.0782,0.000721
102947.107,85514.022,163.014,4280.964,0.0787,0.000615
102948.104,85514.102,163.019,4281.964,0.0793,0.000509
102949.100,85514.181,163.025,4282.964,0.0798,0.000404
102950.097,85514.260,163.030,4283.964,0.0803,0.000298
102951.094,85514.342,163.035,4284.964,0.0812,0.000373
102952.090,85514.426,163.041,4285.964,0.0823,0.000591
102953.087,85514.510,163.047,4286.964,0.0835,0.000809
102954.083,85514.594,163.053,4287.964,0.0847,0.001026
102955.080,85514.679,163.058,4288.964,0.0858,0.001244
102956.076,85514.763,163.064,4289.964,0.0870,0.001461
102957.073,85514.847,163.070,4290.964,0.0882,0.001679
102958.069,85514.931,163.075,4291.964,0.0893,0.001897
102959.066,85515.015,163.081,4292.964,0.0906,0.002108
102960.061,85515.109,163.087,4293.964,0.0928,0.002217
102961.057,85515.203,163.093,4294.964,0.0951,0.002327
102962.052,85515.298,163.099,4295.964,0.0974,0.002436
102963.047,85515.397,163.105,4296.964,0.0991,0.002263
102964.042,85515.500,163.112,4297.964,0.1006,0.001869
102965.037,85515.603,163.118,4298.964,0.1020,0.001474
102966.031,85515.706,163.124,4299.964,0.1034,0.001080
102967.026,85515.809,163.131,4300.964,0.1048,0.000686
102968.021,85515.913,163.137,4301.964,0.1062,0.000323
102969.015,85516.021,163.144,4302.964,0.1069,0.000439
102970.009,85516.129,163.151,4303.964,0.1077,0.000556
102971.003,85516.237,163.158,4304.964,0.1084,0.000672
102971.997,85516.345,163.165,4305.964,0.1092,0.000789
102972.991,85516.453,163.171,4306.964,0.1099,0.000905
102973.985,85516.561,163.178,4307.964,0.1106,0.001022
102974.979,85516.670,163.185,4308.964,0.1114,0.001138
102975.973,85516.781,163.192,4309.964,0.1123,0.001157
102976.967,85516.896,163.200,4310.964,0.1133,0.001099
102977.960,85517.011,163.207,4311.964,0.1143,0.001041
102978.953,85517.125,163.215,4312.964,0.1153,0.000983
102979.947,85517.240,163.222,4313.964,0.1164,0.000926
102980.940,85517.355,163.230,4314.964,0.1174,0.000868
102981.933,85517.470,163.238,4315.964,0.1173,0.000561
102982.927,85517.587,163.246,4316.964,0.1164,0.000058
102983.920,85517.704,163.254,4317.964,0.1155,-0.000445
102984.913,85517.820,163.262,4318.964,0.1146,-0.000947
102985.906,85517.937,163.270,4319.964,0.1137,-0.001450
102986.899,85518.054,163.278,4320.964,0.1127,-0.001952
102987.892,85518.170,163.287,4321.964,0.1118,-0.002382
102988.886,85518.279,163.295,4322.964,0.1111,-0.001680
102989.880,85518.388,163.304,4323.964,0.1103,-0.000979
102990.875,85518.497,163.313,4324.964,0.1096,-0.000278
102991.869,85518.606,163.321,4325.964,0.1089,-0.001057
102992.863,85518.712,163.331,4326.964,0.1084,-0.001521
102993.858,85518.815,163.340,4327.964,0.1081,-0.001099
102994.852,85518.918,163.350,4328.964,0.1078,-0.000678
102995.847,85519.020,163.359,4329.964,0.1075,-0.000256
102996.842,85519.123,163.369,4330.964,0.1073,0.000165
102997.836,85519.226,163.378,4331.964,0.1070,0.000586
102998.831,85519.329,163.388,4332.964,0.1067,0.001008
102999.826,85519.432,163.398,4333.964,0.1064,0.001429
103000.820,85519.534,163.407,4334.964,0.1061,0.001850
103001.815,85519.638,163.417,4335.964,0.1060,0.002222
103002.809,85519.748,163.427,4336.964,0.1071,0.001825
103003.803,85519.857,163.438,4337.964,0.1083,0.001429
103004.797,85519.967,163.448,4338.964,0.1094,0.001032
103005.791,85520.077,163.458,4339.964,0.1106,0.000636
103006.785,85520.187,163.469,4340.963,0.1117,0.000239
103007.779,85520.298,163.480,4341.963,0.1121,0.000038
103008.772,85520.409,163.491,4342.963,0.1120,-0.000010
103009.766,85520.521,163.502,4343.963,0.1118,-0.000058
103010.760,85520.632,163.514,4344.963,0.1116,-0.000106
103011.754,85520.744,163.525,4345.963,0.1114,-0.000154
103012.747,85520.855,163.536,4346.963,0.1112,-0.000202
103013.741,85520.967,163.548,4347.963,0.1111,-0.000249
103014.735,85521.078,163.559,4348.963,0.1109,-0.000297
103015.729,85521.190,163.570,4349.963,0.1107,-0.000345
103016.722,85521.301,163.582,4350.963,0.1106,-0.000383
103017.716,85521.412,163.594,4351.963,0.1107,-0.000268
103018.710,85521.522,163.607,4352.963,0.1109,-0.000152
103019.704,85521.632,163.619,4353.963,0.1110,-0.000036
103020.698,85521.742,163.631,4354.963,0.1112,0.000079
103021.692,85521.852,163.644,4355.963,0.1114,0.000195
103022.686,85521.963,163.656,4356.963,0.1115,0.000311
103023.680,85522.073,163.668,4357.963,0.1117,0.000426
103024.674,85522.183,163.681,4358.963,0.1118,0.000542
103025.668,85522.293,163.693,4359.963,0.1120,0.000658
103026.661,85522.405,163.706,4360.963,0.1122,0.000657
103027.655,85522.519,163.720,4361.963,0.1125,0.000564
103028.648,85522.633,163.733,4362.963,0.1128,0.000472
103029.642,85522.747,163.746,4363.963,0.1131,0.000380
103030.635,85522.861,163.760,4364.963,0.1133,0.000287
103031.629,85522.974,163.773,4365.963,0.1136,0.000195
103032.622,85523.088,163.786,4366.963,0.1139,0.000103
103033.616,85523.202,163.800,4367.963,0.1142,0.000010
103034.609,85523.316,163.813,4368.963,0.1144,-0.000082
103035.603,85523.430,163.827,4369.963,0.1146,-0.000187
103036.596,85523.541,163.841,4370.963,0.1135,-0.000481
103037.590,85523.653,163.855,4371.963,0.1123,-0.000776
103038.584,85523.765,163.869,4372.963,0.1112,-0.001070
103039.578,85523.877,163.883,4373.963,0.1101,-0.001365
103040.571,85523.989,163.898,4374.963,0.1089,-0.001660
103041.565,85524.101,163.912,4375.963,0.1078,-0.001954
103042.559,85524.208,163.926,4376.963,0.1067,-0.001815
103043.554,85524.312,163.941,4377.963,0.1057,-0.001335
103044.548,85524.416,163.956,4378.963,0.1048,-0.000856
103045.543,85524.520,163.970,4379.963,0.1038,-0.000376
103046.537,85524.624,163.985,4380.963,0.1029,0.000095
103047.532,85524.728,164.000,4381.963,0.1037,0.000423
103048.527,85524.832,164.015,4382.963,0.1045,0.000752
103049.521,85524.936,164.030,4383.963,0.1053,0.001080
103050.516,85525.040,164.045,4384.963,0.1061,0.001409
103051.510,85525.147,164.061,4385.963,0.1068,0.001440
103052.504,85525.258,164.076,4386.963,0.1074,0.001239
103053.498,85525.369,164.092,4387.963,0.1080,0.001038
103054.492,85525.479,164.108,4388.963,0.1086,0.000837
103055.485,85525.590,164.123,4389.963,0.1092,0.000635
103056.479,85525.701,164.139,4390.963,0.1098,0.000434
103057.473,85525.811,164.155,4391.963,0.1104,0.000233
103058.467,85525.922,164.170,4392.963,0.1110,0.000031
103059.461,85526.032,164.186,4393.963,0.1116,-0.000170
103060.455,85526.143,164.202,4394.963,0.1121,-0.000358
103061.449,85526.254,164.218,4395.963,0.1119,-0.000338
103062.442,85526.364,164.234,4396.963,0.1116,-0.000317
103063.436,85526.475,164.251,4397.963,0.1113,-0.000297
103064.430,85526.585,164.267,4398.963,0.1111,-0.000277
103065.424,85526.696,164.283,4399.963,0.1108,-0.000256
103066.418,85526.806,164.300,4400.963,0.1105,-0.000236
103067.412,85526.917,164.316,4401.963,0.1103,-0.000216
103068.406,85527.027,164.333,4402.963,0.1100,-0.000196
103069.399,85527.138,164.349,4403.963,0.1097,-0.000175
103070.393,85527.247,164.366,4404.963,0.1096,-0.000139
103071.387,85527.356,164.383,4405.963,0.1096,-0.000090
103072.381,85527.466,164.400,4406.963,0.1096,-0.000042
103073.375,85527.575,164.417,4407.963,0.1096,0.000007
103074.369,85527.684,164.434,4408.963,0.1096,0.000056
103075.364,85527.793,164.451,4409.963,0.1096,0.000105
103076.358,85527.902,164.468,4410.963,0.1096,0.000115
103077.352,85528.012,164.485,4411.963,0.1093,-0.000214
103078.346,85528.121,164.503,4412.963,0.1089,-0.000543
103079.340,85528.230,164.520,4413.963,0.1086,-0.000843
103080.334,85528.337,164.537,4414.963,0.1085,-0.000684
103081.328,85528.443,164.555,4415.963,0.1084,-0.000525
103082.322,85528.550,164.573,4416.963,0.1083,-0.000366
103083.317,85528.656,164.591,4417.963,0.1081,-0.000207
103084.311,85528.763,164.608,4418.963,0.1080,-0.000048
103085.305,85528.869,164.626,4419.963,0.1079,0.000111
103086.300,85528.976,164.644,4420.963,0.1078,0.000270
103087.294,85529.083,164.662,4421.963,0.1077,0.000429
103088.288,85529.189,164.680,4422.963,0.1075,0.000588
103089.282,85529.297,164.698,4423.963,0.1077,0.000615
103090.276,85529.407,164.716,4424.963,0.1080,0.000538
103091.270,85529.516,164.735,4425.963,0.1083,0.000461
103092.264,85529.625,164.753,4426.963,0.1086,0.000385
103093.258,85529.734,164.771,4427.963,0.1088,0.000308
103094.252,85529.844,164.790,4428.963,0.1091,0.000231
103095.246,85529.953,164.808,4429.963,0.1094,0.000155
103096.240,85530.062,164.827,4430.963,0.1097,0.000078
103097.234,85530.172,164.845,4431.963,0.1100,0.000001
103098.228,85530.281,164.864,4432.963,0.1103,-0.000072
103099.222,85530.390,164.883,4433.963,0.1101,-0.000100
103100.216,85530.500,164.902,4434.963,0.1099,-0.000127
103101.210,85530.609,164.921,4435.963,0.1097,-0.000154
103102.204,85530.718,164.940,4436.963,0.1095,-0.000182
103103.198,85530.828,164.959,4437.963,0.1093,-0.000209
103104.192,85530.937,164.978,4438.963,0.1091,-0.000236
103105.186,85531.046,164.998,4439.963,0.1089,-0.000263
103106.180,85531.156,165.017,4440.963,0.1087,-0.000291
103107.174,85531.265,165.036,4441.963,0.1085,-0.000318
103108.168,85531.374,165.055,4442.963,0.1085,-0.000271
103109.163,85531.482,165.075,4443.963,0.1087,-0.000166
103110.157,85531.590,165.095,4444.963,0.1088,-0.000061
103111.151,85531.698,165.115,4445.963,0.1090,0.000044
103112.145,85531.806,165.134,4446.963,0.1092,0.000149
103113.139,85531.915,165.154,4447.963,0.1094,0.000254
103114.133,85532.023,165.174,4448.963,0.1096,0.000359
103115.127,85532.131,165.194,4449.963,0.1097,0.000464
103116.121,85532.239,165.213,4450.963,0.1099,0.000569
103117.116,85532.348,165.234,4451.963,0.1101,0.000657
103118.109,85532.458,165.275,4452.963,0.1103,0.000474
103119.103,85532.569,165.316,4453.963,0.1105,0.000292
103120.097,85532.680,165.356,4454.963,0.1107,0.000110
103121.091,85532.791,165.397,4455.963,0.1109,-0.000072
103122.085,85532.901,165.431,4456.963,0.1111,-0.000197
103123.079,85533.012,165.430,4457.963,0.1114,0.000001
103124.072,85533.124,165.428,4458.963,0.1116,0.000199
103125.066,85533.235,165.427,4459.963,0.1118,0.000397
103126.060,85533.346,165.426,4460.963,0.1121,0.000595
103127.054,85533.459,165.437,4461.963,0.1127,0.000729
103128.047,85533.573,165.457,4462.963,0.1137,0.000811
103129.040,85533.688,165.478,4463.963,0.1146,0.000894
103130.034,85533.803,165.499,4464.963,0.1156,0.000977
103131.027,85533.918,165.519,4465.963,0.1165,0.001059
103132.020,85534.032,165.540,4466.963,0.1175,0.001142
103133.014,85534.147,165.561,4467.963,0.1184,0.001222
103134.006,85534.269,165.582,4468.963,0.1198,0.001260
103134.999,85534.390,165.603,4469.963,0.1211,0.001299
103135.992,85534.511,165.624,4470.963,0.1224,0.001338
103136.984,85534.633,165.645,4471.963,0.1237,0.001377
103137.977,85534.754,165.666,4472.962,0.1250,0.001416
103138.969,85534.883,165.687,4473.962,0.1266,0.001474
103139.960,85535.011,165.708,4474.962,0.1282,0.001533
103140.952,85535.139,165.729,4475.962,0.1297,0.001591
103141.944,85535.268,165.750,4476.962,0.1313,0.001649
103142.935,85535.397,165.771,4477.962,0.1328,0.001712
103143.926,85535.533,165.792,4478.962,0.1348,0.001852
103144.917,85535.669,165.813,4479.962,0.1368,0.001992
103145.907,85535.805,165.835,4480.962,0.1388,0.002133
103146.898,85535.941,165.856,4481.962,0.1408,0.002255
103147.887,85536.086,165.877,4482.962,0.1427,0.002097
103148.877,85536.231,165.898,4483.962,0.1446,0.001939
103149.866,85536.376,165.919,4484.962,0.1465,0.001781
103150.856,85536.520,165.941,4485.962,0.1484,0.001622
103151.845,85536.669,165.962,4486.962,0.1500,0.001501
103152.833,85536.822,165.983,4487.962,0.1513,0.001409
103153.821,85536.974,166.004,4488.962,0.1526,0.001317
103154.810,85537.127,166.025,4489.962,0.1539,0.001225
103155.798,85537.279,166.047,4490.962,0.1552,0.001133
103156.786,85537.432,166.068,4491.962,0.1565,0.001044
103157.773,85537.591,166.089,4492.962,0.1573,0.000988
103158.761,85537.749,166.110,4493.962,0.1582,0.000932
103159.748,85537.908,166.131,4494.962,0.1591,0.000877
103160.736,85538.066,166.152,4495.962,0.1600,0.000821
103161.723,85538.225,166.174,4496.962,0.1609,0.000765
103162.710,85538.384,166.195,4497.962,0.1617,0.000715
103163.697,85538.547,166.216,4498.962,0.1626,0.000755
103164.683,85538.711,166.237,4499.962,0.1634,0.000796
103165.670,85538.875,166.257,4500.962,0.1643,0.000836
103166.656,85539.039,166.278,4501.962,0.1651,0.000876
103167.643,85539.202,166.299,4502.962,0.1660,0.000916
103168.629,85539.366,166.320,4503.962,0.1668,0.000956
103169.616,85539.530,166.341,4504.962,0.1677,0.001010
103170.601,85539.700,166.362,4505.962,0.1694,0.001270
103171.586,85539.870,166.383,4506.962,0.1711,0.001531
103172.572,85540.040,166.403,4507.962,0.1728,0.001792
103173.557,85540.210,166.424,4508.962,0.1744,0.002052
103174.542,85540.383,166.445,4509.962,0.1764,0.002205
103175.526,85540.563,166.465,4510.962,0.1787,0.002323
103176.510,85540.742,166.486,4511.962,0.1810,0.002442
103177.494,85540.921,166.506,4512.962,0.1833,0.002560
103178.477,85541.105,166.526,4513.962,0.1859,0.002699
103179.459,85541.293,166.547,4514.962,0.1888,0.002853
103180.441,85541.481,166.567,4515.962,0.1917,0.003008
103181.423,85541.670,166.587,4516.962,0.1946,0.003168
103182.403,85541.868,166.607,4517.962,0.1982,0.003425
103183.383,85542.066,166.627,4518.962,0.2017,0.003681
103184.363,85542.265,166.647,4519.962,0.2053,0.003935
103185.341,85542.475,166.666,4520.962,0.2095,0.004153
103186.319,85542.684,166.686,4521.962,0.2138,0.004370
103187.296,85542.895,166.706,4522.962,0.2180,0.004576
103188.271,85543.116,166.725,4523.962,0.2226,0.004595
103189.247,85543.338,166.745,4524.962,0.2272,0.004615
103190.220,85543.566,166.764,4525.962,0.2319,0.004627
103191.193,85543.799,166.783,4526.962,0.2365,0.004633
103192.165,85544.032,166.802,4527.962,0.2411,0.004640
103193.135,85544.276,166.821,4528.962,0.2458,0.004671
103194.105,85544.521,166.840,4529.962,0.2505,0.004701
103195.073,85544.771,166.859,4530.962,0.2552,0.004719
103196.039,85545.027,166.877,4531.962,0.2599,0.004729
103197.006,85545.283,166.896,4532.962,0.2646,0.004736
103197.970,85545.550,166.914,4533.962,0.2693,0.004712
103198.933,85545.817,166.932,4534.962,0.2740,0.004688
103199.895,85546.090,166.950,4535.962,0.2786,0.004606
103200.856,85546.368,166.968,4536.962,0.2832,0.004480
103201.816,85546.647,166.986,4537.962,0.2876,0.004348
103202.773,85546.936,167.004,4538.962,0.2917,0.004136
103203.731,85547.226,167.021,4539.962,0.2957,0.003924
103204.688,85547.516,167.039,4540.962,0.2997,0.003718
103205.641,85547.816,167.056,4541.962,0.3033,0.003603
103206.595,85548.116,167.073,4542.962,0.3069,0.003488
103207.549,85548.417,167.090,4543.962,0.3104,0.003373
103208.499,85548.728,167.107,4544.962,0.3135,0.003251
103209.450,85549.039,167.124,4545.962,0.3167,0.003129
103210.400,85549.349,167.141,4546.962,0.3199,0.003007
103211.349,85549.665,167.157,4547.962,0.3228,0.002861
103212.296,85549.986,167.173,4548.962,0.3254,0.002697
103213.244,85550.306,167.189,4549.962,0.3281,0.002533
103214.191,85550.627,167.206,4550.962,0.3308,0.002378
103215.135,85550.956,167.221,4551.962,0.3331,0.002366
103216.079,85551.285,167.237,4552.962,0.3355,0.002354
103217.024,85551.614,167.252,4553.962,0.3378,0.002341
103217.968,85551.944,167.268,4554.962,0.3402,0.002323
103218.909,85552.281,167.283,4555.962,0.3423,0.002213
103219.850,85552.619,167.298,4556.962,0.3444,0.002103
103220.792,85552.957,167.313,4557.962,0.3465,0.001992
103221.733,85553.295,167.328,4558.962,0.3485,0.001877
103222.671,85553.640,167.342,4559.962,0.3499,0.001679
103223.610,85553.985,167.357,4560.962,0.3513,0.001481
103224.548,85554.330,167.371,4561.962,0.3527,0.001283
103225.487,85554.675,167.385,4562.962,0.3541,0.001085
103226.425,85555.021,167.399,4563.962,0.3555,0.000897
103227.362,85555.371,167.413,4564.962,0.3562,0.000854
103228.298,85555.722,167.426,4565.962,0.3570,0.000811
103229.235,85556.072,167.439,4566.962,0.3577,0.000768
103230.172,85556.423,167.453,4567.962,0.3585,0.000725
103231.108,85556.774,167.466,4568.962,0.3592,0.000682
103232.045,85557.124,167.480,4569.962,0.3600,0.000639
103232.981,85557.475,167.493,4570.962,0.3607,0.000601
103233.916,85557.830,167.505,4571.962,0.3615,0.000644
103234.851,85558.185,167.517,4572.962,0.3622,0.000686
103235.785,85558.541,167.530,4573.962,0.3630,0.000729
103236.720,85558.896,167.542,4574.962,0.3637,0.000772
103237.655,85559.251,167.554,4575.962,0.3645,0.000814
103238.590,85559.606,167.567,4576.962,0.3652,0.000857
103239.524,85559.962,167.579,4577.962,0.3660,0.000909
103240.457,85560.322,167.590,4578.962,0.3674,0.001114
103241.390,85560.683,167.602,4579.962,0.3688,0.001319
103242.322,85561.044,167.613,4580.962,0.3702,0.001523
103243.255,85561.404,167.625,4581.962,0.3716,0.001728
103244.188,85561.766,167.636,4582.962,0.3731,0.001945
103245.117,85562.134,167.647,4583.962,0.3757,0.002352
103246.047,85562.502,167.658,4584.962,0.3784,0.002760
103246.977,85562.870,167.668,4585.962,0.3810,0.003168
103247.904,85563.244,167.679,4586.961,0.3842,0.003427
103248.830,85563.622,167.689,4587.961,0.3877,0.003569
103249.756,85563.999,167.700,4588.961,0.3913,0.003711
103250.680,85564.383,167.710,4589.961,0.3950,0.003799
103251.601,85564.771,167.720,4590.961,0.3988,0.003843
103252.523,85565.159,167.730,4591.961,0.4027,0.003888
103253.442,85565.553,167.740,4592.961,0.4066,0.003922
103254.359,85565.952,167.750,4593.961,0.4105,0.003947
103255.276,85566.351,167.759,4594.961,0.4145,0.003973
103256.190,85566.756,167.769,4595.961,0.4184,0.003975
103257.102,85567.166,167.778,4596.961,0.4224,0.003958
103258.015,85567.575,167.787,4597.961,0.4263,0.003941
103258.924,85567.991,167.796,4598.961,0.4302,0.003861
103259.832,85568.411,167.805,4599.961,0.4339,0.003732
103260.739,85568.831,167.814,4600.961,0.4376,0.003602
103261.644,85569.257,167.823,4601.961,0.4412,0.003482
103262.547,85569.687,167.832,4602.961,0.4446,0.003368
103263.449,85570.117,167.840,4603.961,0.4479,0.003254
103264.350,85570.552,167.849,4604.961,0.4511,0.003147
103265.248,85570.992,167.857,4605.961,0.4541,0.003044
103266.146,85571.431,167.865,4606.961,0.4571,0.002940
103267.045,85571.870,167.874,4607.961,0.4601,0.002840
103267.940,85572.316,167.881,4608.961,0.4629,0.002780
103268.833,85572.765,167.889,4609.961,0.4655,0.002663
103269.727,85573.215,167.897,4610.961,0.4682,0.002546
103270.618,85573.668,167.905,4611.961,0.4708,0.002504
103271.508,85574.124,167.913,4612.961,0.4733,0.002522
103272.398,85574.580,167.921,4613.961,0.4758,0.002539
103273.287,85575.037,167.928,4614.961,0.4784,0.002570
103274.173,85575.502,167.936,4615.961,0.4813,0.002806
103275.058,85575.966,167.943,4616.961,0.4843,0.003041
103275.944,85576.431,167.950,4617.961,0.4873,0.003276
103276.826,85576.901,167.958,4618.961,0.4907,0.003550
103277.707,85577.375,167.965,4619.961,0.4946,0.003854
103278.587,85577.849,167.972,4620.961,0.4984,0.004159
103279.465,85578.329,167.979,4621.961,0.5026,0.004365
103280.339,85578.813,167.986,4622.961,0.5070,0.004494
103281.214,85579.298,167.993,4623.961,0.5115,0.004611
103282.083,85579.792,167.999,4624.961,0.5160,0.004524
103282.953,85580.287,168.006,4625.961,0.5205,0.004437
103283.819,85580.787,168.013,4626.961,0.5249,0.004349
103284.682,85581.291,168.020,4627.961,0.5291,0.004261
103285.545,85581.796,168.026,4628.961,0.5334,0.004173
103286.405,85582.307,168.033,4629.961,0.5376,0.004126
103287.262,85582.822,168.039,4630.961,0.5417,0.004112
103288.119,85583.337,168.045,4631.961,0.5458,0.004097
103288.972,85583.859,168.052,4632.961,0.5500,0.004132
103289.823,85584.385,168.058,4633.961,0.5542,0.004206
103290.673,85584.911,168.064,4634.961,0.5584,0.004279
103291.520,85585.443,168.070,4635.961,0.5626,0.004265
103292.364,85585.979,168.076,4636.961,0.5668,0.004181
103293.208,85586.516,168.082,4637.961,0.5709,0.004097
103294.048,85587.059,168.088,4638.961,0.5749,0.003977
103294.885,85587.605,168.094,4639.961,0.5788,0.003828
103295.722,85588.152,168.100,4640.961,0.5826,0.003679
103296.556,85588.704,168.106,4641.961,0.5862,0.003569
103297.387,85589.260,168.112,4642.961,0.5897,0.003489
103298.218,85589.816,168.117,4643.961,0.5932,0.003410
103299.046,85590.377,168.123,4644.961,0.5967,0.003382
103299.871,85590.942,168.129,4645.961,0.6001,0.003395
103300.697,85591.506,168.134,4646.961,0.6035,0.003408
103301.519,85592.076,168.140,4647.961,0.6068,0.003357
103302.338,85592.649,168.145,4648.961,0.6100,0.003254
103303.157,85593.223,168.151,4649.961,0.6132,0.003151
103303.976,85593.797,168.156,4650.961,0.6164,0.003045
103304.789,85594.379,168.161,4651.961,0.6192,0.002883
103305.602,85594.961,168.167,4652.961,0.6220,0.002721
103306.415,85595.543,168.172,4653.961,0.6248,0.002558
103307.225,85596.129,168.177,4654.961,0.6274,0.002495
103308.033,85596.719,168.182,4655.961,0.6299,0.002510
103308.840,85597.309,168.187,4656.961,0.6324,0.002525
103309.648,85597.899,168.193,4657.961,0.6349,0.002541
103310.452,85598.494,168.198,4658.961,0.6378,0.002715
103311.253,85599.092,168.203,4659.961,0.6408,0.003016
103312.055,85599.690,168.208,4660.961,0.6439,0.003316
103312.856,85600.288,168.213,4661.961,0.6470,0.003614
103313.650,85600.896,168.217,4662.961,0.6510,0.003860
103314.445,85601.503,168.222,4663.961,0.6550,0.004107
103315.239,85602.111,168.227,4664.961,0.6590,0.004351
103316.026,85602.727,168.232,4665.961,0.6636,0.004550
103316.814,85603.344,168.237,4666.961,0.6681,0.004750
103317.597,85603.965,168.242,4667.961,0.6730,0.004916
103318.377,85604.591,168.246,4668.961,0.6780,0.005054
103319.156,85605.218,168.251,4669.961,0.6830,0.005184
103319.928,85605.854,168.256,4670.961,0.6882,0.005173
103320.700,85606.490,168.260,4671.961,0.6933,0.005162
103321.467,85607.131,168.265,4672.961,0.6983,0.005021
103322.230,85607.777,168.269,4673.960,0.7032,0.004777
103322.994,85608.423,168.274,4674.960,0.7080,0.004528
103323.749,85609.078,168.278,4675.960,0.7120,0.004190
103324.505,85609.733,168.283,4676.960,0.7161,0.003852
103325.260,85610.388,168.287,4677.960,0.7201,0.003524
103326.008,85611.052,168.292,4678.960,0.7233,0.003370
103326.756,85611.715,168.296,4679.960,0.7266,0.003215
103327.504,85612.379,168.300,4680.960,0.7298,0.003060
103328.248,85613.047,168.305,4681.960,0.7332,0.003131
103328.989,85613.719,168.309,4682.960,0.7365,0.003382
103329.730,85614.390,168.314,4683.960,0.7399,0.003632
103330.467,85615.066,168.318,4684.960,0.7437,0.003895
103331.201,85615.746,168.322,4685.960,0.7479,0.004167
103331.934,85616.425,168.326,4686.960,0.7520,0.004440
103332.663,85617.110,168.331,4687.960,0.7564,0.004608
103333.388,85617.799,168.335,4688.960,0.7611,0.004695
103334.113,85618.488,168.339,4689.960,0.7658,0.004773
103334.830,85619.185,168.343,4690.960,0.7705,0.004714
103335.546,85619.882,168.347,4691.960,0.7752,0.004654
103336.259,85620.584,168.352,4692.960,0.7798,0.004593
103336.968,85621.289,168.356,4693.960,0.7844,0.004529
103337.676,85621.995,168.360,4694.960,0.7889,0.004462
103338.376,85622.709,168.364,4695.960,0.7932,0.004338
103339.076,85623.423,168.368,4696.960,0.7975,0.004213
103339.776,85624.138,168.372,4697.960,0.8017,0.004074
103340.468,85624.860,168.376,4698.960,0.8052,0.003711
103341.159,85625.582,168.380,4699.960,0.8088,0.003349
103341.850,85626.305,168.385,4700.960,0.8123,0.002987
103342.535,85627.034,168.389,4701.960,0.8146,0.002647
103343.219,85627.763,168.393,4702.960,0.8169,0.002307
103343.903,85628.493,168.397,4703.960,0.8192,0.001967
103344.587,85629.222,168.401,4704.960,0.8215,0.001646
103345.266,85629.956,168.405,4705.960,0.8231,0.001634
103345.946,85630.690,168.409,4706.960,0.8247,0.001622
103346.625,85631.424,168.413,4707.960,0.8263,0.001611
